accession,category,size_carbons,size_cno,cond_accession,type,aa_seq,tax_cat
BGC0002697,LCFA,10.0,11.0,COND0002697-SCATT_32630,Condensation_Starter,MAHALFPELPQFNLFLARRFTGPVDAARLAQCLREAAGRNDAFGLRFTERDGVPLQRAVADRPAVEVVDLSGAADPRARCEGWIAEAYDRPFPLADGPAYRLAVLVESDTAVHACVVAHHIVADAWALNLFFEQVAAGYAGEPGPEPADYLAVLDDERGYRESERYERDREHFRTVLREITPPLFTRRADSGRRRSARHSFTLPKDAVERIRARGRSPFAFIAAAFAVYLSRVHRTDDVVLGVPLFNRRGQAQRRTVGHFANTLPLPVRAAGELTYAELVAAIQDGSRTLQRHERLPLGEVLRDLPPGRPRELFDVTLSYVQLPTPRELPGIRQEASGATRAHDQDVLAVAVTETDATGDVVVDLDHALDVFDADLPVADLARHIRNLVLAGLDAPDTPVARIPMLD,streptomyces
BGC0001345,AR,7.0,10.0,COND0001345-mxcG,Condensation_Starter,MRDSQETRRPLSAAQHGIWLGQQFDLKSPVYNAGECIEICGPVDPALFEAAVRQAVREAEALHVRFVASEEGPQQLLGLQTDWVLHTADLSESPDPWAAVQAWMKADLAQTVDLSRGPLFTEALFKAAPDRFFWYQRIHHIAMDGFGFSLLARRVAEVYTALAAGRPITGGFGSFQAVLDEDVAYRNGPQHELDRTFWTERFADRPTPVSLASPAPMSPSFVRQTRFLPAQSMERLQAVSRPAGLNWPDLVLAATAVYLHRLTDATEVVLGLPVMTRLGSAALRVPCMAMNIVPLRVPVSPEASLLDLARGIAAEVRAMRPHLRYRYEQLRRDLKLVGGQRRLFGPVVNIMPFDYALRFAGMPTIAHNISAGPVEDLSIGLYARADGKGLRVDFDANPACYEAKALESHPSAFLELLEALTAAPDQAVGRDSGSLSSSSSKAPSLASVLD,other
BGC0000445,AR,10.0,13.0,COND0000445-tioR,Condensation_Starter,MGYGGVSSAQEAMWLEQNLAPEVPNSTTTIWDVRGELHLPDLEDALRTALGETSALLVNFRRESDELRIVPRKLDAWEPFRIDASDAADPAAAAREFLTEQIRRPFDLGADALFRIGTVRLGDGHHLLCLIMHHILTDAFGVFTLLSQRVAEIYRALRADSPVPDRPDTPAEIAGEREATYRSSERFTDAARFWRDYVTAGGTAARLPTGMRAGATRTASVGFWDGLTAPLGVASYTASVAASEVARWRAAADSTETSVPDLLTSAATAFLHRLCNTPRPMLSFTVNYRRGDIKQACGLYSNALPLVIEVPAAGDFVDLAKSVRLERLRVLRYAEYNVSLIKRAAGHAGDVRSPFGPVVNVIPFLRELDLAGAVGRFAGGTFGLPDEVRISTYVDGGPDSDLYIRFDAPGRLYTHEDIAGLAERFVTFVRAALTDPRARVRDISAIG,other
BGC0000437,LCFA,,,COND0000437-Psyr_2608,Condensation_Starter,NSLIDNLCTQGQELLPLASVQQGIWLDQLAYPHLPYYNIGMTLEIKGDIDIALFEKAIQRVIDSHDALRLSFSHERGMGGQRVLSKAPFKLEVTDFPEVDGDTEQAIAHLRESFRHPFESMTGQLWESRLVRCGPQLHYWFNRLHHLVADGIGAVLIAHAVGDTYSGLLEGKETLAEGPSYLSFLEEDRAYMASCRYERDRLFWEQSYAQLPPVLLQRRADFKAGLTNVPAPSDQVQAMLPRALYNALTQFASECNLSVAHVLVGVISTYFCRTVGVDEIVVGMPVHNRTNARQKATIGMFSSVSPIRVGFDPHETLIDLMNNIGTQLRRTYRHQRFPIAELNRSLRLAQNGRHQLFDVSLSFESFDGDVTFGSEDPARVLMLDNGYEQTPMAIFVRDYHPSEDIHLDFNFNTAYFTFEEAQRVQQRIFAMLEAVLNQHDTPLAHFPLMS,pseudomonas
BGC0002327,LCFA,,,COND0002327-bolH,Condensation_Starter,MNILDKHLAHPLSAAQTDLWIAHKLDPANPSYNTASYVEFHEPLEAAVFERALRQAIAETESLTTRFVEIDGVPSQIIGTLENWQLPVLDMSGDGDPLASAEAWMRADFMRATDLTRDPLFAYALLRVAPDRVLWYQRYHHLVADGVAASMILRRILEVYAALLAEAPLPDGAFKPLRLLLEDEAAYRESPQYERDRRFWLARFADRPQPVTLSNREAPAAAHHFLRRSGNLGRDALERLKANGVDCSWAQLLIAATAIYLHRLSGSEDIVLGLPVPARLGVARQVPCMAANVLPLRLAIRHGDTLADVLRQTAREVLQVQLRQRYRSTELSRELGLPALGQRLYGPQVNITFFDGPRSPAPRFTSHTLSTGAPTDLTISASMSSVDYESVRIDFDGHPALYSEDELGEHQQRLFRLIEDAVARPAEPVHRLGLLD,other
BGC0002092,LCFA,12.0,14.0,COND0002092-steA,Condensation_Starter,NVADDVSVPVETFALTAAQRDIWLDQLSRGDSPLYNIGGYVELSGPLDPALLHSALESLVAANDALRIVLLADVGHDGLPLQGFAQSLPVAMPLHDLSGQPDSQAAARTLVAAQMAQAFVLSGHALFRFSLIRLDQQRHWLAAQAHHLIIDGWAFALLFKSVGDIYSALCRGEPPRVAAPSYVGFIEDDARYHQSLRYEVDQRYWLDKYRSLPEPLLIPRHRESHNAETAPSRIHVEAFPAVLHQRMKDCARQLGGSAFHVLLAALHVYFSRSGQRDEWVVGLPILNRCGARFKGTLGLFTQVSAMRMGFGRALSFAELIKAIGADLKQDFRHQRYPLSEMNRALGLLREDRAQLFELSVSYEQDDYDYRYGEASGHSVKVSNQHEATPLAIHLRSNRYTDKAWLHLVYSPAYFTADEITALTERLSLILQQGLERPALAIADFNLNSPAELALLN,pseudomonas
BGC0001216,AR,8.0,12.0,COND0001216-spnC,Condensation_Starter,MSGNEDDRRPLSGAQEGLWYAHRLAPGTAAYNTGEYVEIHGPLDTAVFETALRRTVREADTFALRFLDTPDGPRAVRDGDPDEMPVHRVDVSGAADPAAAAEEWIRRDLATPVDVAAGPLFSHALLTLAPDRFIWFLRAHHILLDGYSYKLVARRLADTYTALAAGEEPPPAGFESSDRLAAEEAAYLGSDRHQRDRAYWTERLAGLPEPARLTDRTAPPRAPFLRRTAVLSPAETRALDEAAKGMGVARTDLLVAAVAAFLHRMTGADDLVLGLATMSRLGSAALRTPGTASDILPLRIAASADTPVGLFVRAVADDLRGLRTHQRYRGESIRRDLGVLGRGRRVHGPVVNIVPFSEDLTFGGHPSTSHHLSGGAVDDLQISVRPGAEADTVWLAFDAHPDLYEEDGLALFLERFLKVLRELRTAPEELPLGETPVLL,streptomyces
BGC0000400,LCFA,15.0,16.0,COND0000400-pbtA,Condensation_Starter,MEMMHPNTTVSTVAGTLVIRGEVDAAVLKESICQVITQHDAFRIRIMTQDNQPIQRLEPESAITPEVDYMEWDDHLEAKDWLNRFNRIPISIFDDKLYNFTVFNVNNQEYWIHLKINHIIADGVTSHLIGNKIMQTYMELTSGTFSANDKKNSYLDYTYAEQEYEKSDRYQKDKAYWLEKFQTMPETTGIKPYPPYSISTEAKRAYVALTGERYEQLKVFSEQNNISLFTLFLATVYMFLYKTTGNLDIAVGTAYANRTSRKEKEMLGMFVSTVATRLSLDPNQDLISILHNVSKEQKTNLRHQKYPYNQLILDLRKEHKHSDIQDLYGVSVDYMPINWSSYGQLSIQQRSSFCGHEVDDLAVHVEDMLDDQQLVINVDYRIQLFEEREITRIIEQMLTIVDGILHNPQQTLHELTMLN,other
BGC0000350,FA,,,COND0000350-ETU_000009,Condensation_Starter,KKNVLKNQVSKYFSVDPGKSSIYYNYLVQKENSIYEIFRIIKISKSINIKLLEKSIHILLNMYPTLKSRFIVKNTGIVYQEYPVELSFSSIFRKINCKDIDLKETCNIFLKERFNMEKGPLFNIIHINNIKLDYNILIFKIHHIIADFWSIIIIYQNIENIYNNLLKNNSIKNIKIYETFQDVQNKKYKKYIQSNQFIEDNLFWKRYLSKYNLLENTNNIKRKNIQSFQFNLNFNFYNNLLIFSKKKKITPYTILLIIYQITYYRIYKRDYFITGTPVALRDDYLLRNYIGYCVNILPIVSDFSKQNDIYSFTEKVKNDIKNILQHKYFYFSKIIELLKLPRNTDYIPLFNSLFIYQTDHIGSFHFLNTIAANIKDSEFQFLGYPASIWYTNNFNLMHHFIFNISVNKESYSINIEYDENIHNKILIKKFSEQFKLTFQAIIFNKPKAIIEEKQYLFYQNINSTNKKFFKSQYFLD,other
BGC0001833,FA,,,COND0001833-icoS,Condensation_Starter,RIILNAKNPQEILELTAAQLEMWFSQQREPDNPLFDSRAYVDIGGAIHYPAFEAAVRRFIEEARILHFRFLETSSGPVQFEAGGDAFEPTFIDVSHEDDPFAACWNAMQAESNRPYDVLSGRLFSQTLFKLGDQRHVWYQRYHHIVMDGASIPLATRRVAAIYTALMRQAPVPEADFGAIDLMMSGDRAYRSSPRYASDRQYWQDYVHALPATETIAGAAPRASGFFNRASAPLPAAFIDQLDQIETRIAKWPLVLTAIVAAYLYRMSNGRITVFDFPVSARSKETRALPGMFANILPMRLPITPGTTLAELTRQVSTEVFAHMKHQQFRVNEIRQMRGAFAGPVFGPRINIVPYDNRWEFDDGRATLHALANGLVNDFAVTVTGNPRDPGCTLHVDANAELYDDTSVQAHRKRLLHFIEAALADPEQPIERIDLLD,other
BGC0002521,SCFA,6.0,7.0,COND0002521-psoA,Condensation_Starter,MPAAETFALTAAQRDIWLDQIGHGDSPLYNIGAYVELDGAVDVARLRRAVAHLVALHEGLRTVLLAPEGQDGVPRQYFAETLAVELHEHDLRAAAHPLTAARMLLDSCMRKPFLLGTGGLWAAQLIRLGEQRYLLALQAHHLILDGWGVDLWFKRVADYYGLLGEGEPLPDSAPGYREFIIDDSQYQASARHGRDRDYWLGKYQQLPDALLAPRERGQLTAGEPSAALDLPFDEQLLAGMNALGSELQASAFHVLLAAVHVCCTRTWQCDQWVVGVPVRNRASARFKSTLGLFTQVSALRMDFGRSQPFAALVRSIRDALKQDFRHQRFALSELNRALGALRQERPQLFELMVSYEEDGNALRFGEACGHTVMTCNGHEPTPLSLHLRTNPHSGKAHLHLVHNLAWFSKEEVAALAERLLHVLHQGLQQPGLRIADFGLLT,pseudomonas
BGC0002466,SCFA,2.0,3.0,COND0002466-CGZ69_03795,Condensation_Starter,DAESDRTYIAGTPVTGGQSGIWLAQQIEPDGSAFNVSFVLELCGVADLGRLASAVRQATEEAESLHVRVVADNGVPRQVPTRRPVDVPVIVVAGETDPRGAAEALMEADRDRPADLLDAPLFAQKLFVLADDRVLWYQRYHHIVADGTAIAQITRRAGDLYGGTEPTTAPDWSLARLVDADIAYRQSPQHEEDRAYWHARMADRPEPVRLVQRSSAPMSRRLRRTTELAPALVARLRSTAVQAGAKPSRLLVAAVAAYLHRVTGHQDIVLGLPVTARRDPQTRRTPGMVSNVLPLRVQVRPGMTGRRLLAAVEQAVQETVTHGRYRAEDLARDLGLTDGVQELVGPTVNILPGTDGIRFGDLDADLLPRWLGPVSDLAITMAYTCGGQGLRIDFDADADVCDQPTLEEHQRRFLLLLRTLAEDLNSPVAHLELTT,streptomyces
BGC0001608,LCFA,,,COND0001608-AAW51_2719,Condensation_Starter,PPRAAAADAPTLHELASVQQVVWLDQVLDPGVPSYNLGAMWQIEGDLDPVLFESVLNELAAAHDALRLVLQLEAGVARQRVLPELEVKLPVIDLSMHDDARDRAWQHAQTSFATPFQLYGEPLWQTQLLRVGPSSFYWLHRMHHVIGDGATVSLTYLAAWDLYKRRLAGDTTPLEPGPSYLEFLDDDSAYLRSPRYQRDEQFWKQRYAQLPAPLLPVREGVEQRQALPSGQTSLYIERPRLRRFKALAARFGCTLPHAMLALLAAYFARAHQAPEVVIGVPVHNRGTARQKRTWGMFSSIIPVAIDVDPAQSFAALMQGVAAELKRCYRHQRFPIADINRALRLGQHGRKQLFDVTLALEEYPMDIYLGDRKLRVTKMYSGFEQTPLAVCLCDYHEDEPVAVRFNYNTGAFEHEAAEDLPRRIGVLLDAVLDAGDDRPLDDLRWFD,other
BGC0001036,LCFA,15.0,19.0,COND0001036-AGZ15476.1,Condensation_Starter,MRSFGASSAHKGLWLAQKMNPDTLNHALSMWDVDGELDAAVLESAFRHVLGEAEVLRVNFVDDGGGLRLVPREPEDWQPFFLDFGTAADPEQAAREALADLLKQPFDLERDLLIRLGVVKLAAARSLVVIAYHHLVSDGYGAGGLFSRRLAEVYTALVRGSDVPELAHPWDAESFATEAAEYGAAEKFTEDTEFWRDYLTDAPAPAQVPRVAMSDATRSALSEPLSGVDRWGQLADAIGMVSRTLTVPRADADTWTETAKSMGVWMSSMLTAAAAVYFRHRCDRPEFLLSLAVANRVGAASRTPGLAVNVVPVRVKVPLGATFTEVADAVVDETYEIFGRTTCHYSDIQRASGTVLSGRGSFGTVMNVVEFAEQLHFADSPASYLGGTTGTFDELSIGVYTDGSADSDLYVRLDAPAGLYSGAELRFIGAELIAYIQAVTADPQLPVGALDVVG,streptomyces
BGC0001363,LCFA,18.0,21.0,COND0001363-RSp0641,Condensation_Starter,ETAAVDDDAAERYPLVPAQKGIWFECQISHEAALSYNTTTVLGLRGALDHAALARALQQVVDRHAALRSVVEADGEHQRVLPAVEVGLPLVDFSREADRDAAIGQWFVDNNHRPMDPGHGPLVRACLLRKGEAEHLLAITFHHVIIDGYSQEIVLQELAACYRAACRGGAPGLPAASPFREQVERHQAYLRSDRYQQDRAYWRGQFGSLPPSLELSGRHARPSAPSHRARRHHLTIDGERYARLQQLSRKLGGTLFMTMLAGVAVLLQRLSGQAQMVIGVPMVVGRAEGSEASLVGCTLNLVPVRCDGSGDPSFAEFLGRIKRSVLEAHAHADYPFGHLLRDLDLRASQRRPLAPVLFNLNRSLALPQFDALQAWLEQSPISFSPDDLTIDVMQLPDRLQVMFQYQEVLFEHEAIERMAAQFVQLLDGIVADPACSIGRLALLS,other
BGC0000425,MCFA,8.0,10.0,COND0000425-sesA,Condensation_Starter,MKPQTFPLTAAQKAIWLDQISQGDSPLYNIGNYLEIQGPIVPEVMQRAVQLMVDKHDALRLTLVDETDADGVPLQAFVPAIKVDVPFLDFSTQADPVSTAMAFVEEHMARSFPMTEAPLCRFFLIKLADTHYWSINQAHHIILDGWAFGEMLQSLGALYSDLLEARQPDMEATSYVDFIHDDLRYRESARYAKDREYWQAKYQSLPEPLFTARHHNQFAKGKAPGRHYARPFPVALHERMGELAKDFQASTYHVLLAAMYVYFTRVTQRDEWVVGLPLLNRTGKFKGTVGMFTQVSAVRFSLGRELTFGEVICAVRDGLKQDYRHQRFPLSGLNLRNESGQLFDVTLSYEQDDHLYQFAQGLGDSVKVTNSHEQMPLAFHLRASNLKDKAWAHYVYNEAYFNAEEIECLAERFTYVLEQALENAALAVNDFSLTT,pseudomonas
BGC0001980,LCFA,10.0,12.0,COND0001980-lokA,Condensation_Starter,MATPSASLQTYPLTAAQLDIWLDQLSRGDSPLYNIGGYLDLSGPLDPARMQAALEALVARHDALRTILLPGAGADGLPLQQFARSVAVPMPIDDVSAHSDPESAARALVQARIDQPFVLDGGCLLRFLLIRLDEQRHWLSVQAHHLIVDGWGFGEMFKSLDEIYNALAHGQPTPVAAPSYIDFIEDNARYQASPRYAQDRAYWLDKYRQLPEPLLLPRHQQSLAGQTAQTQVYAQPLPALLHERMQQVARAFGASAFHVLLAALHVYFSRTAQRDEWVVGLPILNRSGARFKSTLGLFAQVSAVRMGFGRHCTFAELVSTIREELRKDFRHQRFPVSEMNRALGLLREERSQLFEVTVSYEQGTHDYRYGEASGRIIKASNVEEATPLAVHLLSNLANDDARLYLIYSEAYFNADEVKALAERWLLILEQGLEAVNLAVADFDLST,pseudomonas
BGC0002048,AR,5.0,7.0,COND0002048-RBRH_03867,Condensation_Starter,MDASITPVTYALSTAQTEIWLAQQLHPDSPVYNIAQYTVIEGAIKQAVFEAALRQVIDEADTLRLHFIDSDDGLRQRIGSPAWSMPVLDLTSEADPQAAAQAWMRTDYQQPVNLMQGPLFCYALLKVAPAQWIWYQRYHHIMMDGYGQYLIAQRVAHVYSARCAGTALAACDFGSIRQLLESDAQYQTSAQRKKDEAYWLKHCAHWPGPATLASRAAPALQQRLRQTTYLATQWVDDYVLDAGRLAQFLSAAWAAYLYRMTGAQDVVFGCPVTARLGADWHIPGMVSNTVPLRFRFEPNMDLLSLLRQAAKEIQSGLQYQRYPSEALQRQLGLAPGQSLFGIKVNVMPFDYELLFGGHSSTNHNLLAGPVDDLMLGVYWTLNSHQLRIDFDANPACYSAEALGVHQRRFIRFMQVLAADATQPIDSIDLLD,other
BGC0000454,AR,7.0,10.0,COND0000454-vabF,Condensation_Starter,KEMHNSSVQEDQWPLIGTQQGIWFAEQMMPNPEQFNVAHYVVIQGQIDIELFSNAVAIGLQGVDSLHCHYLESDGSVRQQFYPADEEGQWLESSTFHKPPCQKSRLGKWMKHDLRSGWTFSKKERFRHCLIDVGSSNAPQWFWYQRYHHIDVDGFSVNAISQYICQLYKHWRIGAAKPQEFSAFSDVIQEYQQFLDSAARQQAYDFWQTQAAHLPNVISLTTGSAANTSSSTITHTVPLIGGEWLTRYNPQLLPAELAMAMVFAYLHLHSGQEQVCVGVPFMRRMGNAATCAAGAVVNVLPVALSLHPQMSIIDVAREMNKTIRQVRRHQMYDAEQIQRDLGLVGQPLYGPILNFKPFEAALSLSGVETETHILSAGPIDEIEFSPVLDGQTLSVNITANSTKYSQESLELHAARFVAMVEQIANHPTQPLDLVELIP,other
BGC0000439,MCFA,8.0,9.0,COND0000439-AHH53506.1,Condensation_Starter,MVDRHSWQAATAAQESVWFGQQLRPDDAALYNCAAYLDVAGVLDVAVLDAALRRVVAETEAVRTRFSFTDGGLARSVVSTSDTTLTAVDLRDEAAPVDAALEWMRQRLSEPIDLSRAPTADHAVIRVGSERTLLYFGYHHIALDAYGAVLYLRRLAAVYGHLIDGTDPDASAFATTETLLDEQRRYESSPRCARDAEYWSGVASALPAPTSLSGCGGDPTSDSLSRTVSLPGTDDSRWGAAASALVGGWPAVVVAGVAAYLRRFADGDDIVLGLPVTARTTPAAVHTPAMLANEVPLHLTVRPGMSFAELAAHAGERIAAATRHQRYRGEWIRRRFGRAGGALTSTVVNVMGFATELDFAGSRAGLYELSSGPVPDLSVNVYGTPDGEDGLRCTVVANAHHYTEVDVETHLRRFLRLLSEATAEPDLPVARLHGHA,other
BGC0000464,SCFA,4.0,5.0,COND0000464-XDD1_2281,Condensation_Starter,PLPPADPSASGKFSLSSTQQVVWLDQYLRPDSTCYNLGSVVLIEGKLDEALLIHAFKTVVYRHDALRLRLISTQELPLQELTDTSNVFVTIRDFSDYADAEEQAKQYIHAAFSCPFDLNGELWRFELLRVSDNRWYWQFCCHHLIGDAITLGLIAEEIANTYRCLTRGEEIPQAAPSYLDFIDEDHAYLHSQRYQQDQQFWLERYKNLPPALIQPSSTEKKADNEHPEPLVWQWDRAFFQRIEDAVAAQGLSVLHFMYAVLACYFSRTTYFSRADFSSEDNSEEIVMGIPVHNRKNVKQKRTIGMFSSVIPVGITVAPDDTFLDVMNKTAAELRRCYKRQRLPIAEINRLIQTQQKSGRTQLFDIMLSFEWIEVNADIPNATLKYSKIQRGAPFPLVIAVHQYAFANSEDAHKPVTFEFDFSPDYLSRTEVIALQARLRVLIEAALASPEMPIRNLPMLP,other
BGC0002100,MCFA,8.0,9.0,COND0002100-DBP21_21655,Condensation_Starter,MTQVQTDGLPLTAGQKDIWFDEKLSGGGATYNTAIYWDIRGPLDQDLFRAALERLVEESECLRARFTEVDGEPRQFIEPLARLPLTVTDVSGAEDPAAAAREAIAADLGVPLSLTATPHVPLFRLSVFTLAEDRTFFCLLNHHLVSDGFSYVIYWQRLSAIYEAMLAGSTLDEGRFSPLRTLVDAEAAYADSPRAERDRAYWEKQFADRPELVTLAGRDAEPAQAFLREETVLPQHVVDGLRRVAWESRVTWQTVLVAALGAYTGRMAATEDVLLSLPVTARAGGTMQGIPGMVVNYLPLRIEVRPGTTRAELLAATYTAFSKGLKHQRHRVSRIRRAMGLTSDDRRPFGPFINMMPQVEQLAIGPCEATIYSPSTGLVDDLEFTVADKGEAGVGVDLSGNEARYTQAEVRGHLDRFTDYLGRFVDCAEGPLGSLELLL,streptomyces
BGC0002135,LCFA,14.0,15.0,COND0002135-XBJ1_RS10015,Condensation_Starter,AVDNNNTLLPHVHPLSSPQQVIWLDQVIHPGSPNYNIGFFICIDGELDEALFTRAFEAVVYRHDTLRLQLINTHTLPLQEVAGTLPASIDIHDLSPHIDAEAQAKQHINAEFMRPFHLDGALWRTELLRVSHTRRYWHFCCHHLIMDGISLSILSEDVIDTYNRLMRGETLNKTAPSYLNFITDDRDYLASQRYSHDLQFWVKRYESLPPPLLPPANSNKAENHGQAKPILWQVDKALFQRIEDTVSRQGLSILHFMYAVLASYFSRTTGEDEIVIGIPVHNRKNAQQKRTMGMFASVIPIGVTISPEDTFLDVMHKASTELRRCYKHQRLPISEINRQTHIQQKTGRVQLFDITLSLEPFKANLHMAGEDTNIQLVDIHHGVPYPLSIIIEQYTTGLDDDLQSITIEFDFSTDYLSTTEVMALQSRLAVLIDAAITALDTPIVNLPILP,other
BGC0002564,LCFA,14.0,16.0,COND0002564-FNZ07_17560,Condensation_Starter,MNQTVLLGDVHPLTAVQREIWFDQAVHGNAPIYKIGGYAQIDGPIDAARFERAVNLLVQAHDTLRLVLVPGRDEDGVPQQAIAKAVTVRVPLHDFSSAADPHAAARAWAAQRLATPFPLNGEPLFCFELAKLGDACFCLVLNFHHLIVDGWAIELLTGSLAEIYSALEANEVPTLDTPSYVEFIEHDLALRTSPQFERHRAYWLDKYRSVPDPLFEPRYRERFNGLTAPAGYHTLALPRAFYERIIALARNCESTPFHVMLGVLYVYFSRTAQRDDFAVGVPVLNRPTARMKLTAGMFTGVSPVRLQFDGALRFDELLRSIAQVLKQDYRHQRFPVSELNRSLGLRQSQRAQVFDLSVSYERDDHDLRFGSSGANGYRCSNGHEQLPLALNIRENRFDEQAWIHFTYNRAYFERGEIEALGARFEHLLHQVLDDPRVALASLALPT,other
BGC0002324,AR,7.0,10.0,COND0002324-JQX13_35820,Condensation_Starter,MRDSQDARWPLSAAQHGIWLGQQFDLNSPVYNAGECIEIRGPVDPVLFEAAVRQAVGEAEALHSRFVSEGEGPTQVIEPRADWTLHVVDLSGTPDPWEAAQAWMREDLSRPVDLGRGPLFAEALFKAASDRFFWFQRVHHIAMDGFGFSLLARRVAELYTARVAGRPTTGGFGSLRAVLDEDAAYRAGPQYELDRDFWTKRFADRPSPVSLARPAPMSSSFVRQTRYLPPGTVERLQEAARQAGLSWPDLVLAATAAWLHRLTEAPEVVLGLPVMSRLGSAALRVPCMAMNIVPLRVPVRPDAGLFALAREVGSELRAMRPHLRYRYEQLRRDLRLVGGQRRLFGPVVNIMPFDYALRFAGIPATAHNISAGPVEDLSIGLYARSDGGGLRVDFDANPACYTADVLDAHQRDFLQLLESLVAAPEQAIGRSTGPTSVLD,other
BGC0000306,LCFA,16.0,17.0,COND0000306-SSIG_07966,Condensation_Starter,MSASPDRQLALTSAQTGMWLAQRFAADRLDYSIAQYVEIRGPLDTGLFVRAARRAFDEADAVRVRFVETQDGPVQLLAPDRACAVPVLDFTDRSRPEEAARRWMADELDRPLSLEEGRVLSLALLKVSEETHYWYLRGHHAVLDGYSGSVLVRRAADVHRALVAGDPVPECPYGTIEDLLSHDRDYRESPAFAADRAYWAETLTGHRSPASFGHSGRGRTPGRIRVSAPLEPELIDALRGVAASCGVSLPALFVAVELLHVARLTGERDIVLGLPVTARTKAVRATPGMVSNVVPLRLTVAPDESLSGLLGRIWKAMRRCLAHQRYRFEDIRRDLRLSDAGEPLTGPHVNLQIFDYELDFAGSPASVHNLTNGPVEDLALVVYSGTADAPWRVDLDANAELYAAEDLAVHQEAVLRLMAGLAGAGTDTPVGTLDVLA,streptomyces
BGC0002653,MCFA,9.0,10.0,COND0002653-BS614_29910,Condensation_Starter,MRENTNKQYGLTQAQRRIWFMEIMNPGTSITMLSATYQITGEIDTKLLEQAAAEIVKTYDAFRIRISGDMQNPTQWFEELENVQARISHLEIGTTEQFYAWVKEVTEKPASVFDEHLYQFTMIHFANGQVWLNLTLNHIIADGLSVTALLHAVMEKYLELRNGIFSSYQAPSYLDYISTEYEYEQSQRYQKGKEYWLTKYKTLPETSGIKSVPPFSIGSESNKRSITLDGSRYDRILAFSEQYQVSLYTLFLSAMYVLLYKLTDSTDVPVGTVFANRTSKKEKETIGMFVSTVATRISLNPVESVLSLIQTVSKENTADLRHQKYPYNQLIQDLREQHGRNDLSELFRTSLEYLPLKIVEYEEIKVRLEAHFARHEMDDLLLRFDHMLNEGHVILHASYRTGLFETTEIDRIMEQYVTVLDQFLETPELRVREISLLS,other
BGC0001203,MCFA,10.0,12.0,COND0001203-AKA59447.1,Condensation_Starter,MSHTSPQPVWPLSDAQRRVWFANQADPANPAYIIAAWVDFHGAADPVVLDRAVRHTLAEADGLRVRFVEAGDRLGQVADAPEDWRITQHDLSAAPDPAAAATTWLRDRARQPFDVRTAPLFEFAWLTLGPDDHRWFVKFHHLLLDGIGINLFIRRVGEVYTALAAGEEPEAAWFGSFTDHLAQDGAFTASEEFAAQRRFWSERFADQPAPTYLTGGADIALEVVRRTAIVPAERTDELADSVRRAGARWHTAVIAAVAAYLATMRGADEVMLSFAVTGRTTPLARRIPAMASNVLPLRVPVRPDQTWLELVAEVRGRLRELARNQRYRGEDVRRDLVAPAPGRFFGPIVNIIPHDETFTYGERTATLHNLSTMPVDDLSVVCYPTSDGGFRIDLDGHPDHYDEAAVATHQRRLLRLLDAIARDPNSPVGAADLLD,other
BGC0002676,AR,12.0,13.0,COND0002676-KZO11_19525,Condensation_Starter,MPESGEVRLPLTPAQSGIWYAQRIDSSHTVYNIAEYLDIHGPVDPYLFESALRRVVGETDALRVRFVENGEHPEQLVLPAVDFTVPVHDLTGEPDPLGSARALMDEDNTLPIDLFGERLFAFALFRVAEDRWLWYHRVHHILLDGAGVAMLAPRVSEVYSALTAGSPVPDSPFRPLRELVAAEQDYAGSEAYAADRAYWTERLAGAQDAVSLSGGRQHLPRKVIRRSEVLDAAEAEAIRDIAREAGVGWPTVVVAALALYVQRLTGTDEVVIGLPAAARPGRTLRAVPGSVSNLLPLRLRVRPEQSVGDLFAAVSAEMREAVRHQRYRHEDIRRDLRLGREQHLVGPHVNLVLFDYGLRFAGHSATAHNLPTGPITDFALVLDTRSTGGGLRFDFDANAALYDESSIAAHQGRFLDLLSRLSACDPQTPVGRLDTTT,streptomyces
BGC0001033,FA,,,COND0001033-ERIC2_c18170,Condensation_Starter,MNESKIYPLTHAQKRIWYVEHIYPGTSIHNIGGLIKIYGPANFDMLEEAINLFIQQNEAIRIRLVERNGDVQQTVSEYQRRIFPRIDFTKADSYVDVDTWLHAEFSRPFSLNGEFLYDFALVKLDIGESAYLTKVHHIISDGWSFQLMTTQINQIYTQLMNGEEVNQNLRHSYLDYTRQEQQYLSSSRFLKNKQYWLEKFEGIQDVNLHASYANTEGRRKTFILNQSMSEKIRDFTNKHRISLNTFFVAAMLLYLHKVTQQDRITLGTPVLNRSGAKEKNMFGMFTSTMPLFAEIQHEMSFSAFALYVNRELMQCYFHQRYPYNLLVQDLQLQKRGIDQLFQVCVNYYNTRFDRKFGPGWRMQQIEIHNGHQLYPLQLIVTDWLSNGGMELYFDYKTSDYNETQIEDMFHRLCHIADQILMQPDEQVTSLQMLF,other
BGC0000429,AR,12.0,13.0,COND0000429-sky29,Condensation_Starter,MPESGEVRLPLTPAQSGIWYAQRIDSSHTVYNIAEYLDIHGPVDPYLFESALRRVVGETDALRVRFVENGEHPEQLVLPAVDFTVPVHDLTGEPDPLGSARALMDEDNTLPIDLFGERLFAFALFRVAEDRWLWYHRVHHILLDGAGVAMLAPRVSEVYSALTAGSPVPDSPFRPLRELVAAEQDYAGSEAYAADRAYWTERLAGAQDAVSLSGGRQHLPRKVIRRSEVLDAAEAEAIRDIAREAGVGWPTVVVAALALYVQRLTGTDEVVIGLPAAARPGRTLRAVPGSVSNLLPLRLRVRPEQSVGDLFAAVSAEMREAVRHQRYRHEDIRRDLRLGREQHLVGPHVNLVLFDYGLRFAGHSATAHNLPTGPITDFALVLDTRSTGGGLRFDFDANAALYDESSIAAHQGRFLDLLSRLSACDPRTPVGRLDTTT,streptomyces
BGC0001767,SCFA,,,COND0001767-ctg1_orf20,Condensation_Starter,VNAESDRTRAAGIPVTSGQSGIWLAQQIEPDSSAYTVSFTVHLRGDVDLDCLADAIRQVSEEADCLHVRIGDEDGRPRQWPRRFPVEVRTVDLRGADDAEHIAWEWMEADRRGAPGLDQDGPLFAHTLIRLEDDRLLWCQRYHHMVIDGVGVALISRRVGDIYTAAEPAGEVDWSLSRLLDSERAYRASKQYHADRDFWLDRFADRPEPVRLVERSASLISRRFRHTTELSQQDTARLRSTAADAGVRLSALLVAAVAAYTHRVTGARDLVLGLPVTTRRDPTAADVPGMVSNTLPLRLSVHPGMSPVELMGQVKVRIGETITHSRYRAEELAKDLGLAEGVAQLVGPTVNILPGTDWLRLRDHTSDLHPQWAGPVSDLAVIVGEWQRDAVRIIFDADAHMCDEETLADHQRRFGVVLDAFAEESGSPLGRIDLTA,other
BGC0001715,LCFA,10.0,12.0,COND0001715-octA,Condensation_Starter,MSENKNKLYALTQAQRRIWNMEMMYPNTTVGAIGGTLFIRGHVQTDVLMQSVYKLIREHDAFRIRIAPSEAEPMQWFEEESNIIPECDYLEMGSVEEAKEWQERFNRIPISIFDEKLYHFCVFNINNEEHWFNLKINHIIADGVASHLIVNTVMQNYMDLLNGTVPDQKAKSSYLDYIYAEQEYERSERYQKDKAYWLDKFKSFSEITAIKPNTPYAISTEARRASVPLTHKRYEQLKQFSEQNNVSIFTLFLASLYILLHKVTGNQDITVGTIYANRTSKQEKETIGMFVSTVATRMLLDPDQSAATFLHHVSKEQKSNLRHQKYPYNQLIQDLRKENKQHDIPELFRVDIEYLPLTWSHYDDLSVLQNSRFCGHEVGDFAIHVVDMIDDGRIELNFDYRIQLFEEHEILRIAEQMIAIIEQIIQNPQQTVRELSMLS,other
BGC0001116,AR,6.0,9.0,COND0001116-visE,Condensation_Starter,GEEMSGAKVASMALTDAQLGVWFAQARDPHSTAFNTGEYVELTGPLDAGRFTAAVRAAVEATESLRLRFHTRADGEVRQRVVPADESAWELRHVDVSAEPDPEAAADDLIRRQLAAPMAVDGEGPLFDQVLFTLGPGRHRWFQQVHHLLLDGYGLRLVARRVADAYNGAGTPAEADDLAALVDAESAYRASRGHARDRAYWLTSWADRPEAPTLGTGPVARGDAPAAAEGGAVPLRRTVFLPAAVQEGLDALARTAQTGWQVAALAAVALYTRRLTGAGEAVLGLPVTNRRSSRARRTPAMLTNVPPLRVPARPDTDLTGLVTEVRDRVAEVLRHQGYPYAELRRELGLLAQDRPLHSIVANIMPFDHGLDFEGIEAQVHPVSTGPVEDLKFSVYERPGGAGLRIDVEADALRHREEEVAAHLARFTALLHSFATADPALPGGRLDVLA,streptomyces
BGC0001695,AR,8.0,12.0,COND0001695-natB,Condensation_Starter,MSVPEDAVRPLSGAQEGIWFAQRLDPANAAYNTGESTEIHGPVDTGLFETALRRAIAEAETFGLRFTETEDGPRALLPPAGDGGAGGDGHDWPLHRVDVSAEPDPRAAADAWMRADLATPVDLTEGPLFTEALFTLAPDRFLWYQRAHHILLDGYGYTLVARRVAEIYSALEAGRDPGRGFPSLTRLLSEETAYRASERFAADRAFWTERFADAPGAVSLAEGTAPPSPASLRRATILGAAEAERLSAAAARLGAGRAELFVAAAAAYVHRVTGAPDVVLGLPTMNRFGSAALRTPGVVSNVLPLRVTVRPGTSLARLVGDVAAELRAVRAHQRYRAEDLRHDLKLLGGDRRLHGPVVNLVPFDNEPPFGAHRSTFRHLSGGPVEDLSVTLRPGPGGSGLHIAFAANPALYTEDGLAGHQDRFLSLLRQFADAADAAPAVDVAGLSLLG,streptomyces
BGC0000438,LCFA,,,COND0000438-sypA,Condensation_Starter,MALALTAAQRNIWLDQMTQGDSPLYNIGGHLEIDGALDYELFQRAVDLLIAKHDALRMVLLDQRDEEGVPLQAFATSMPMPVTPIDLQGQDDPFQAAECWMQRQLERAFRLDGEPLFRIHLLKLEAQRFYCMIYAHHIALDGWGIDGLCASLSELYNALHDQHTPDLTAPSYVDFIKDDSQYRGSRRFALDQTYWLDKYRDIPEPLLVPRPRPAQIQNEAPSRSGHLSYGLARDLEQQIDDLALSLNASSFHVLLAVLYVYFTRAYQRDELVIGLPILNRPNASYKKTLGLFTQLSSVRLKFSVDLPFAELVQGICRAVKQDYRSQRFPVSELNRLLELRRAERTQLFDLTFSYERNNHLLRFGQATAHAVKSSNNHEQTPLAIHLRTNAYEAESRLHYIYNEAYFQHDEIAPLAERLRHVLEQGLANPHLPVHGFSLTG,pseudomonas
BGC0000415,AR,9.0,12.0,COND0000415-qui7,Condensation_Starter,IPHLQGGLWMGYTGVTAVQEAMWLQQELAPDRPNNVVTLWDVDGDLDIPLITEALRTAVSEAGALTLNFRRDEGGLRAVARDPELPEPFHFDVSDAGDPGDAARAVVAELVSRPFDLGADALFRIGSIRLGATRHLVVLVFHHIVTDAFGVVTLLSRRIAEIYRALRSGSAVPELPANARGDARQKDAAYRASKRFAEAEQFWRDYVADEPTAARLPAGVRPAGDGRAAGHWDSLTEPLGMTTRTARIPAAELAAWRRTADALGTSLPDLLAAAATAFLQHMCAVPEPLHEFTVNHRVGALRRSLGLLSNRVPIRVEVPPAATLVELAEALGQERRRVLRHAGHDVSLIKRATGHAGSVRSPFGALVNVIPFVEALDLAGSMARFAGGTFGVIDEVMVSTYTDGGADSDLFVRLDAPRAHYGDQDVAGLTDRFVTFVRAALADPCARLGDISVLS,streptomyces
BGC0001968,LCFA,11.0,12.0,COND0001968-cdeI,Condensation_Starter,GSKHVSDARTTRRTVSAAQWGIWVAQQLAPDAPHHNCAVAYTLTGPFDHDVLRRAVTQAVAETDTLRTRYSETKGRPQVTVLPAGEPELSFVDVAGQQDPGAAAEEWMRTDLATATDLTGRPPYTHVLFTLGNDRHILYFRYHHIALDGFGQYLYCLRLAEIYTALENGQVPGPATAAPLAQLLDEDEAYRASDAYTRDAAYWRTEFADLPSGTPLAGRTAPPAPGTVRRTAWLAQDRVDALLGPGRGAFGGWTGTLVAAAAGYLSRMLGRSDVLINLALAARRSRAELGTPAMLANELPLRLDVDAGSGFDSLLRQAQEKVRLAVRHQRYRRDTLRADLGLSGHDTALTAPRINVMGFGREPRFGTCRSVSRQLSTGAVSDLTVNVYRAPGGEDGRQPGMEVEFVGNATVYTEEYLARHHERFLAFLERAATRTAEPLSHLDVLA,other
BGC0001192,MCFA,8.0,10.0,COND0001192-AJM89738.1,Condensation_Starter,MEIMNPGTSITMLSATYQITGQIDTQLLEQAAAEIVKTYDAFRIRISGDLQNPTQWFEEPENVQARISRLEIGTTEQFYAWVKEVSEKPASVFDEHLYQFTIIHFANGQVWLNLTVNHIIADGLSVTALLHAVMEKYMELRKGISSSYQAPSYLDYISAEREYEQSQRYQKGKEYWLTKYSTLPETTGFKSYPPFSIGSESNKRATTLDGSRYERILAFSEQYQVSLYTLFLSAMYALLYKLTDSTDVPVGTVFANRTSKKEKETIGMFVSTVATRIHLNPDGDVLSLIQAVSKENTADLRYQKYPYNQLIQDLREQHGRNDLSGLFRTSLEYLPLKIVEYEEIKVRLEAHFAKHEMDDLLLRFDHMLNEGHVILHASYRTGLFETAEIDRIMEQYVTVLDQFLQTPELPVREISLLS,other
BGC0000359,AR,7.0,10.0,COND0000359-Tfu_1867,Condensation_Starter,MSDTSTTRLPLTDAQAGVWYAQQIVPDSPVFNVGQYTDIPADLDVDRFIRAVESVVRDSETLRSRPVARGDTAVQEIRADGAGVVEVHDLTAEADPRHAAAAWMRRDMAHPVRFDTDEPLVRYALLRVGERRWYWYQRYHHILVDAYAVTLLARRVADVYTALGRGQEPPPSRFGSLADIVADETAYAASEQCAADRAYWTGLLGDGYPTALLSSRPQAPYAGVLRARADVAADVLTGLTELGERTGATWADTVIASSAAYLSRMTGHRDVVLGIPVMGRLGRAALRTPAMVVNVLPLRVHVRPGDTVEQVVAATAAALRDLRAHQRYRAEWLRRDLALVGTDRPLFGPEINIKLFDYDLSFDGVSATTVTLSEGPVDDLALSVYRAPHGGLTLEANANDRRYDPADVQARLAEIVRLLDAAAAAPAHTPVARLDYTG,other
BGC0002379,LCFA,,,COND0002379-PRtIB026_34660,Condensation_Starter,MSVADSFPLTCAQRDIWLDQISHGDSPLYNVGGYLEFDGTVDSGLLRRALAHLVALHDGLRTVLVREAGDDGVARQRFVAGLQVPLDEHDLRGQAEPFAAAQRLAKTLLQQPFALETGPLLRMALLHVGGGRSLLMLQAHHLILDGWGLEQLLHQLGQYYGLLEQGLALPDTAPSYRTFIEDDLAYQGSARQQRDLAYWQCRYPQLPDALLRPREQGLPPGATPSHALERSFDGDLLARMRQLADELQGSVAHVLLAALHVCCARAWQRDDWVVGLPVRNRGNARAKATLGMFVQVNALRMDFGRSLSFAELVRGIGDALRRDLRHQRLPLSDLNRALGLSREARGNCSRSPCPTRKRATTCALAASAPTA,pseudomonas
BGC0001686,MCFA,8.0,9.0,COND0001686-BN712_00198,Condensation_Starter,MEKNLYNLTNPQKSIWLMDQVNPGTNLNNIGGPVLINDSVNVPLLEKALNLYIEKNEATRLRIKLVDSSPMQYVADYSYFTIPVTKLKNEKELEDWNQKIIDTPFNVFDSNLYSLSIFVLPDGRGGFNATLHHLITDAWSMSLLITEVMSNYSNLIHNNSVDYVFPNYTDFIDAENNYINSEKFPKDRLFWDEYFENCPELCSISSNNINSNMIAKRKSYILNSDLFAKINDFCKLLNCSVYTFFMSIYSIYLSKLTNISEPIIGTPVLNRTNFKEKHTSGMFISTVPFKAKVDSNITFSEFVKSVAITQLAIFRHQKYPYSHLLEDLKKKYNFSENLYDIALSYQNARDNKENCDIDYSSGWLFSGKCTDTLQVHFYDMDNTGDLNIFYDYQLDKLSDEEINTLHERIMNIVNQVLLNNEIEIKNIEIVT,other
BGC0002518,LCFA,10.0,12.0,COND0002518-GE543_00950,Condensation_Starter,MLASSAATFPLTAAQRDVWLDQISRGDSPLYNIGGYLQLSGAVDPATLHKALEQLVCAHEVLRTVLMPGAAEDGMPLQSYAARLPVSLPLHDVSGHPEPEQAARALINDNMRRPYGLDGSPLLDFCLIRLADDQHWLAGQAHHLILDGWGFGLLFKSLGELYSALMAGKDLELVAPGYSDFIADDARYQASQRYSLDRAYWLEKYRDLPEPLLVSRYHNRRANDPAPSHACVQPLPGNLHARMKQFAERHNASAFHVLLAVLHVYFTRTAQRDEWIVGLPLLNRSGARFKATLGHFAQVSAVRMAFDEGLDFGALVVEVRSALKRDFRHQRFPLSELNRSLELSREGRAQLFEVSMSYELEDHGYCYTDAQAQTVKVSNGYEATPLAVHLRSNSCNDEASLHLVHHRAWIDDDEASAIAGRLLHILEQGLENPSLKIQNFHLSEPAEQLQLQA,pseudomonas
BGC0001623,,,,COND0001623-iga5,Condensation_Starter,ESKAMTTNRGAVLPLTAAQAEIWFDEQFATGPLGYNMADYIDLRGPLDADLLGRALGRLGHEAEGLRVQFVEEDGAPGQIIRPLAQLPLKRLDFADEPEPSVAAEAWMRADHADPLKVTDFPLFRGALIHLGPEHHLLYLCMHHILADGFSRALLYPKLATLYTRLAAGEDEHALDADAMPPFHRLLDAERDYLDSAHVERDRKHWTTRLTAGAHGPAPELVSLSARQPAPGRSALRHTARLSAEATDAVRALARDGKVTMPVVMVAAAAAYTRRATGVDRPLLTLPVTGRVGAASREIPGMLANYLPLAVPVRPDTTRTQLLRQAWIEVSGALKHQRYRGDRVRRDIGLRTDDRRPFGPFINVLNQDPALAFTSACDGTIVNLSTGIVNDLIITVLNTTDGTMEIHLDGNPELYTSAELATHLARFETFLTDLAALPADHPVGRIGLGA,other
BGC0002147,SCFA,,,COND0002147-AMK27_13910,Condensation_Starter,MNVRGRSTLTAYQQDIWAANSLFPDLPQFNCFIADRFTGDVDVDLLKECLRRAADRHDAFQLRIDPEDGTPSQWAEHETFDIPTIDLSGTAAPRAACEAWIKDAFDVPFEVERRRLFTIAVLKEGEDTVHAYVKVHHIVADAWGLNLFMSQVRAEYDQVRRTGRFDDRPVPSYLDFAEEERRYRGSAGHEEDRAFFQEQLKDVAPAFFHRTAPAGSRGSARHSFRIERSLIERMREHGHSVFAFVASAFSVYLSRIHGSDEIVLGVPLMNRTTDGQKRTVGHFANTLPLRVNPRQDLSMSELVAEVRSATRALKPHERFSLGDLLRAVPLGNAGRKRLFDTTIAYLRWPSPAEVQGTTYETVVQARAHDDDVLAVVVNELDDVGDVLVDMDYALDVFDADFPIESVAAHLEAILKGALDRPDRPLSEISMVG,streptomyces
BGC0001149,LCFA,14.0,16.0,COND0001149-BN844_0706,Condensation_Starter,MDALYPLTAPQLDIWLDQVLHGDSPLYNIGGYACINGPVDAARLKQAIDHVVSRHDALRIQLVPGSADHPLPRQRFLESASAPLTLHDVSAEADPQASALALLQVNLQTPFSFDGGLLFRTDLIKVRDDLHYFFVNGHHLIIDGWSFAMIGRAISEAYTAALDPAETPLPAPTYQAYVDQQRNAKNSPAFQRQRQYWLDKYRSVPEPLLAPRHPGRFEQRLAPSQNHAWRLPRALYDRLGERAKACGQATVFHAMLGLLYAYFARVAQRDEIVIGMPILNRANAAHKATVGLFVGMSPVRLSLGTELSFSELVARIALTLKQDYRHQRYPLSELNRELGLQNQGRRQLFDLVVSYEQDQDTWYGAAPAQPVKLSNGYEQMPLAMHIREAAPDDDVWMHFIYNEAWFDAAQIEALQQRFMTALHGVVDDFDVPVKALDIMP,pseudomonas
BGC0001448,LCFA,11.0,12.0,COND0001448-mlcK,Condensation_Starter,MSGDVRRAVTAAQAGIWFAQQLKPGNPLYNSGAYFEIDGPLDVAAMRAAVRRAVTETEALRVRFEESPEGLHQVLQDFDAPLTDIDLSDAPDPHTAALDWIRQDLATPADLTRVPAFEHALLRLGPQRFYFHLRYHHILMDGYAHALYCRRIAEIYTALASGRPPKPCEFGTLQQLLDDDTEYRASRRRERDEKYWLETFVEVPELASLAGRSVPAAPSTLRREVELPRRTSELLAKAAAELGVPWSVVAIATVATYTSRLTGLSDVVLGLPLTARMSKVALRTPGMVANDLPLRVTVRPSVSFRDLVRQLSQQVSRAVKHQRYRGEDLNSALGVSGGELTGTLVNVFSFEQDVRFGDLPTTPHQLSTGAVKDLIVNFYATSGSIRIEFDGNPELYGEEDLAAHQDRLVRLLEDLLAGVDTAVAAADLIE,other
BGC0002494,AR,7.0,10.0,COND0002494-vibH,Condensation_Starter,MLLAQKPFWQRHLAYPHINLDTVAHSLRLTGPLDTTLLLRALHLTVSEIDLFRARFSAQGELYWHPFSPPIDYQDLSIHLEAEPLAWRQIEQDLQRSSTLIDAPITSHQVYRLSHSEHLIYTRAHHIVLDGYGMMLFEQRLSQHYQSLLSGQTPTAAFKPYQSYLEEEAAYLTSHRYWQDKQFWQGYLREAPDLTLTSATYDPQLSHAVSLSYTLNSQLNHLLLKLANANQIGWPDALVALCALYLESAEPDAPWLWLPFMNRWGSVAANVPGLMVNSLPLLRLFAQQTSLGNYLKQSGQAIRSLYLHGRYRIEQIEQDQGLNAEQSYFMSPFINILPFESPHFADCQTELKVLASGSAEGINFTFRGSPQHELCLDITADLASYPQSHWQSHCERFPRFFEQLLARFQQVEQDVARLLA,other
BGC0001416,LCFA,,,COND0001416-AL066_08465,Condensation_Starter,ALSNDLENDNQPHELASVQQGIWLDQMAHPELPYYNIGMVLEIKGRIDVQLLEKAIELIANRHDALRLSFSHEGGVARQSVLPSIEVKLDVVDFSEEDTAAGLAMAYVREAFRKPFDKLTGKLWEARLVRCGPERFYWLNRYHHLVTDGASVSLIGHAVSDAYNGLLAGDDNPPEGHSYISFLAEDRSYIESTRFERDRAFWHEKFAQLPPALLQQRVAVAGSGIAPSAQAQAMMPRALFDGLAQFASGHGMSLAHVLMTVLATYFCRTEGVDEIVIGMPVHNRTTARQKATVGMFSSLSPILLEVDPQASLLDLMQVVATQLRKCYRHQRFPIAELNRSLKLAQQGRRQLFDISLSFESLDGDIHFGGMPSEVFTLDNGYERTPLAIFVRDYHPNEDVYLDFNFNTAFFTLDEVQQLQQRILSMLETVIEHHALPVGHFPIMP,pseudomonas
BGC0002109,AR,12.0,13.0,COND0002109-QDJ74273.1,Condensation_Starter,MHDHRLVRLPLTTAQSGIWFAQNLMPDNPVYSAGEYLEIHGAVDAALFEAALGRTVAETDALRVRLVEEDGRLWQVVDPDPAWSVHTADLRDEPDPDRAAEEWMRADLAEPVDPMRGPLFRFALFRVGDERHLWFHRYHHVVVDGYTVARIARRVAEVYTALVAGAEPGAGTFGRLPELIEDEAAYRASERYARDADFWARRLADRPEPVALSPRPPRPARGLVRRTSMLPRDETAALHELAREAGTAWPVLPIAATAAYLQRLTGVPEVVLGLPVTTRLGRTRMAVPGMVSNVLPLRIAVRPQMTVSGLLESVAAELRSVLRHQRYRYEDMRHDLNLQDADERLVGPQVNVMMFDYDLDFGGHPATVHNLSIGPTEDLSVVVYDRADGAGLQIDFDANPDVYTAEELELHQERFLALLTALADGGGDRPLGRIALLT,other
BGC0000972,LCFA,14.0,15.0,COND0000972-clbN,Condensation_Starter,MMSGNPLSWPQEQCHIIDQLYPYSAVNIIGGVVTIEGIVDLPRLHAAIQSAIRQFDALRMWFVMGEESEVVSQVQPYHWRDIRHLTFSPDYDKENLRPAAIETFVDEWFRQPFTLLAHDLFEFVTFTCGEQYSGYLFKAHHGIADGWSMALLSNHVKRAYEQQDVPDDASPAYSAFLAQQQSYQASTRFAVDRGWWRDYIDEYRDCFPDSSPIVTTEGISCSTWLEPAMINRLYRLCNRYGCTLNTLFIALFALYRARVWGEEKGVIGVPLANRHTREARRCFGMFTNQLPLAYRLVRTERFCERVAFFQRELKRGFKHSKYPITLFNQDLAEQGGGKLRAFDYCVNYYNFTYERHIAGAAQRVESYYSGEQSYKLQIVLQTVNNHKESLRLSLEALRSAFTPHQLTAMKNGLLDLVTALDRQPDARLGDLEVYP,other
BGC0002680,AR,7.0,10.0,COND0002680-CV_2233,Condensation_Starter,SIETNPSAVERELPLSGSQLGIWLADQIAEQKNTYTVAHCVALDGAIDAERLRQSIRLGLAEADTVVGHYLETPDGPVLRLPRGLRAEDLPLAGIQDLSAESDPEARARQWMRDDLAAGLAADGERPLYLHRLFKLAGGAGERWFWYQRYHHVCVDGYSFAALTRRIADIYQALGRGEAPPPSPFVSFAAVAAEREAYLASPRCEEDRAFWRGYAAALPPPSTLSARDALAGDGAANVDVLRRRFELIGGDARALGGLAAGLGAPQLAMAAAFAYLAKMTGKARVAMGMPFMRRMGSAALRATGPVVNVLPVALDVSDGDDLATLARRLADELKQARRRERYDAEQIQRDSGMVGSRRALYGATLNLKIYDQSLRLGEVEGVTLPLAVGPVEDIEFGIWQQGEALVVELSANPARYDAAELEWHAWRLRGFIAALAGGAKVGDAPLHSAAEKAALD,other
BGC0002660,SCFA,4.0,5.0,COND0002660-SAMN04488128_1011792,Condensation_Starter,MPLHVTPLHPAQRDILMDLLINAENSTYNVGGVTRLTGPLHKETFIAAAETLPVVFDVFRMRFDLGEQAPQAYLDDTFNRQEVICMDFTGASPAAVEKWIRERLEIPFVLQKENALCEQYLLSISPEEHYYFSKYHHLINDGYGLAATYQYVARKYQSLLQGTTLEWSPVSYVAAAGEALAYQQSPAYQEDAAYWREKIDKKPAQLLERRYANTNTHPRQCRTFVLEFTAAEKAALVDLQQTTQANLLRLTLAALTIYFARTTEHAAFAFGTPVHRRRDTSLQQIAGMFSGITPFQAIYQQNDTVAALLENMAITRKNDNRHQQYQVADLSRSLKLNGTTEQLVDILVNHANLNFNFDFGENIQAVTTELTSEITRYPLELLWRDYGEGQPLELKTDYYPSYFTETDIRLFVKRLLHIIQQFKTGWQQTLEEISILP,other
BGC0002414,AR,7.0,10.0,COND0002414-JJO56_07700,Condensation_Starter,MELPLVAAQPGIWMADQIASQPNTFTVAHALELNGPVIPAHLSAAIRQGLAEADTVQARFGLNDLGEPVQWLPSAPGVAEIREPEWRDFCDPAQGEQAAWALMRADLAAPLPADGGQPLYRQVIMQVSAQPERWFWYQRFHHLMVDGFSFDALTRRIVTIYNALRAGDAPQASPFTPFAEVVAEYQAWDNSPASRQAAAFWRDHAGELPTPVSLAADVCTPAPAGTRTLQQQVTLPAAPFAALAEQRFGGKAQPAEIAMAALTVYLYRMSGESRLSVGFPFMRRMGSAALCACGPVVNVLPLQLTLQPDMTLIDATQALLAEIKAVRRHQRYEAEQLRRDLGLVGGSEGLYGPVINFKVYNAGLTLGNTPVTTHVLAMGPVDDMEFTLGVQDGELQLELVANPARYDEQVLQGHAQRLQHLLEQLVRQPSQAIGALNLLS,other
BGC0001152,LCFA,16.0,21.0,COND0001152-fusA,Condensation_Starter,MNDMQLYDLTNAQKRIWYTELLYPDTSVSQLSGTAKMKGHINIAAFMQSINLIIKQYDAFRIRITSVDGVPQQYVVPYEERQLECLDLSHYESVSEVEALLEQHKRKPLPLLDSELFQFLIVKISEEEYWINIKMHHIISDGISMVVYGNQLTAFYMELIQGNEPKLGDDCSYIQYIADENAYELSDRYQKDKAYWLDKFSDLPELTGWKSYNPLSLSTHAVREHFTVPEVLYHELQAFCQQNRISLFQFFMGAMYIYIHKMTNQPDVVIGTSFANRGNKKEKQKIGMFVSTAAARTYVKKDIDVLSFLQDVARDQMSVLRHQKYPYNQLIQDLREMHGNKDIQRLFGVSMEYRLINWVDLDDVRILTDYDFCGDEVNDFVFHIVEILDEGELVLDVDYRTELFERSEVKDMVSQLLTIAEQIIHSPQLSIAEVSLLG,other
BGC0002581,SCFA,,,COND0002581-QKF54435.2,Condensation_Starter,MPDPMHGQWPLTAAQLGVWFAASLGPGGSVYNVGERVDIHGPVDPDILEKAHRIVLEEAEALRLSVTEGPDGPVQVLGTSQVSVRRLDFTTQKDPKAAAEAWMASDVQIAFDLARGPLYAPALLTVGPNFHILCSRYHHVSMDAWSSALITRRTAQVYSDMMADRPDSGIPLPSFRNLLESEGRYRESEEYEADRRYWIKRLRDVPDPVSLSDRPYRSPRKILRKRAVLSARLSDQLRSASAQLGVSWSVLAVAATAAYAGGVTGENVIPVGLPVSGRLSEVERNTPGMTVNVVPLHITVRPELPLRKLAKQVWAQTTRASRHSRYRMEELHRELTWTPEERLPYALVANVMAFDGDIRFGDHPAEVSSLSQRYTDDFSIVFHEGVRDGGIAVYFDANDLMYNQAELDAHVARFLLFLERLTSIGPDQPIRSISLLT,streptomyces
BGC0002119,MCFA,8.0,9.0,COND0002119-J6386_25750,Condensation_Starter,GPRTASASRAVAGWAGEVSDGQRALWRWQKDRPANRAFYVPFAVRWPEVPDATSLERALRVVAAEQPALRTRFVVRDDDVRVVVAAEPEVRVVRENWRGDEAALIRGLHELSNMPLGGDTEVLWRAHLIEHVTGAVLHVTFHHLIFDGHSAQLFFSRLEEVYDKLMRGEEPVVEPSSGLEAYGAAEAMYLESDTAKLDRDYWLQRFPKGFQPVFPANGDIKDSGGEMERLVIPDALVKAIAGVAAKAQVSPQGVVLTALLEVLSTELGRDRASLAVATDLRVSEGELSSIGYAVNLIPVAADRDTTGRFDQRCARVFGNLLDGLSHRRFPFRKLSLALAELTGDPARCTLDVGFYFQTWQVENHGRLVDGLIPEVHQVGEFPLVFEVVQNTGDWVLNVKFRPAVIAPTQARSLAAALVRGLRERTGADGSFSYPEGNVHDLITAQVQRSAAAPAVYFAGSTVTYAELEKKANQMARRLIVLGVDPEDLVAVALLRGVDLLV,other
BGC0001833,FA,,,COND0001833-icoS-2,Condensation_Starter,LIDHPGSPAGTWYALSPAQQAVWLQEQAARPGTSFFSVAAMRCAPEVDRMRLVAASRALIAQNQAFWIQVSDAGLQCEASTPTTRFQHFVEPTTMTDEAMQRAVIEWHEKLNEDPRDKSGAVAVFDSPGSVLVALRSPHVQNDGWSALRYFERIGRNYAALESDPARAFDMDRIFLDTLSLDERYLCSPTYERDAAFWQSACARIDGQPLVTLVADHAHPVDARGVVRSLRKVFPQTLQERVLNAARKLSLSPAECLTALTALYLMRITGERSTVLGVSFLNRTREALDIPGQFAKVIPLPVSIGQGDIPLSATLNGIRDAFKDVMQHGRFPFGEMVRRYGFDPRHIEISVNTLFLRHPVEVGGQPAHVQWLSGPEHGLSFLFTQFGRSAPIDIELRYNSNAFDSESVERHAGRLLDFIEHACEDDSVSARGIELVS,other
BGC0000399,LCFA,14.0,16.0,COND0000399-PFL_2145,Condensation_Starter,MNAGPVQARGLPLTAGQRDIWLDQLSRGDSPLYNIGGYAVLKGPFRPELMQRTVELLVDKHDVLRTVLSLEGSVDGLPLQHFDRQWPVELVFHDLSAAADPLAAAQAQIRRQMQQAFKLDGERLCRFSLFRVGPEHHLMEVEAHHLILDGWGFAQLSQSLGGLYSALASGEEPQATAPSFVDFIEDDARYHQSSRYARDRDYWLDKYQSLPEPVLRPRYRPAADAATPGATLVQAFPAALHERMKALGKSTGASAFHVLLAALHVYFTRTLQRDEWVLGMPVLNRPNAAFKVTLGSFTQVSAVRMDFGRELSFEALVGAVRDVLKQDFRHQRFPLSELNRALGLLREDRAQLFELSLSYELEDLDYRYGEAAASSVKVSNRHEPTPLAIHLRSNSFDDSAWMHYVYDSAYFQPEEIEALAARLLHVLEQGLDNVQLPVARFSLLP,pseudomonas
BGC0002037,SCFA,4.0,5.0,COND0002037-PA3327,Condensation_Starter,MVRFARLPLSPYQRDIWVAAAQFPELDQYTIFSYDRFTGEVDTQALERALLQAARDTEAFRLRLGETDGTPYQWLDTDAEFEARHVDLRADRDPEAAVRSWLRDAFRHAYPLDGRSLVDLALLHSDQALYVYVRTHHIVSDAWGLQLFLSRVRAGYLGELGEPQAQMPTASLLAQLETDDYSGSEQYRGDRAYFAEALEGLEPALFTRRRPAGLRRTARHRLTLERTLLDAIRDRGESPFLFLSAAVALYLARIHQNDDVVLGVPVLNRADRAAKQVVGHFANTLPLRIRTAPEQTVDEFLAQLREATRTLLRHQKMPLGDLLRGASPLFDTTLSYMRWPAAQAIPNASVETVAQTHAHDPDALAIWVSEFDGHSDAQVDFEYACDVFDADFPMDAAARHIETFLRALVEGGERRLGELDPLS,pseudomonas
BGC0001230,MCFA,7.0,9.0,COND0001230-sln9,Condensation_Starter,MSKSLPLSAAQAGVWFAQQLDVDSPAYTAGDCVDLHGPLDTALFGQAVDRAVASAQAARTRVVVTADGPRQEVAVRAGEPVTRVVDLRGEADPAASAEALLRAEVARPFDLASGEPLLRSTLVRTADDRHLWCHLYHHIALDGFAVWLMARQVAAEYTALVSGSAEAEREELAVEPLLAEDAEYQASDARTASREFWAGYFSDGFTPTVLAARPAGGVRAFHRSGVTLRAERAALLHAAASRLGASWAQVVAAAAGAYVQRCAGRAEVLLTLPVHGRTSGVSRRTPGMLTNMVPLRLRATPGTSVGDLVAATAREMRTVLRHHRYRAEELRRDLGLTSTDRRFFGPVVNIQELDGGLTMGPCTAETRNLSNGPVEDLAVNVFSRAGVVEIEVDGNADAYTQDEIAGHARRFGRFLEAFAGLGADRPVGGIGLLS,streptomyces
BGC0001297,AR,14.0,15.0,COND0001297-cal17,Condensation_Starter,MSDSSATVLPLTAGQAGIWYAQSLSGPNATFNAALYLDIEGAVDERLFVAAMRQVVTEAEALRARITDDGTGPVQVLEPVGDWAEQPVQVVDFTAAETPWQDAEAWMWADAGTPLDMSGEPLYRFALLKVADDRSLFYYRYHHVVMDAAGASLVAARVADVYTRLVAGEDTADGAFPPLRELIEDEAAYRRSAAFEADREYWTARFADTPAVPSLGDRPTAMPHHQLRGGARVPAAVAAEVRDAARTVGVGWPAAVLAALAAYTSRITGSSDVVVALSVAARTTAAGRAVPGMVSNVIGVRLDVRPEMTAAELIRHAHLRMREASRHKRYRYEDLRRDLKLLGSDGRLLGPRLNLHVASAAVEFAGVPATLHPLTAGQDDDFSLIVMAEPDGGFRFDMTANPDVYRSGAAERHHRLVMRLLGELAARPHRPVGAFDTVD,streptomyces
BGC0002666,SCFA,5.0,6.0,COND0002666-lgnD,Condensation_Starter,MHARPLYPLSAHQRDIWFSDALMPESPQYSIVLREKFSGDLDLEALKAAVEYVLAHNDAFRIRIDSADGEPHQWLEPGEPELAVLDFRAESDPEAACLAWADERRTVRLPVPGERLYDAVLLRASDTKVYFQLTAHHLISDGWSLSETRKQVRDRYTETVRGEAAAGPAVPSFVDCIDADTRYRASESFAQDRQFLASALSGAEPRLFARKKPTAPLGHRTSFVIEGKVIDRILANGNSPFSVIAAAFGTCLARAHQADEVTLGVAMLNRHSAEERQALGVFANVLPLRVAADGSRSMSEVAEQVRMSVRGLQEHQRLPLADVLRDWRSSGRSGALFDVTISYLHFPEPPSVPGLSVDTHMALELLDGNALAIVVHAGEGADEVRVDLVYAADVFDDDFPMAEVVQAVQALIRQGVDLPDAPVGTLPALA,streptomyces
BGC0002367,LCFA,10.0,11.0,COND0002367-SCAB_3321,Condensation_Starter,MYTCGVYYDVPGPVDRALLARAVARTVDETEALRVRFHEVGETVRQAVDPSVQGELAYLEFGGAADPEAAARAWIDSDLATPVPVTGERLFRHTLLRLGPDRYWLHFRYHHILLDGYGQVLHCRRLLEVYTALAAGEQPSPSGFGTLREVLAEEDAYRRSARRERDGAYWQREFADLPDSTELGATVIDSGSHSDGSGSDSGSGSGSGSGSDEAAPALASGATGLAPSLPSATGRLSGTTAARVRELGGSRWSLPVIAAMVAHTHRVTGAHDVVVRVFMAARLSPRALATPAMLVNDVPLRIRVDSSTTFTALLERVAARLAEATRHQRYPHDELRRDLAATAHPGTLSGPSVNVLSFASAHLPCGPTEATARQLASGPVRDLALHAFGDPDADDGIELTVNAHPGRFTPGTAATHRDRYTRLLAAATEHPELPIGALDLLD,streptomyces
BGC0000341,LCFA,13.0,14.0,COND0000341-endA,Condensation_Starter,MRRKDLERLTSGQLGVWYAQQLEPLSPVYNIAEYVEIRGDVDVGLLVSALRSALDEAQTYRLRFRQEDAGPGQYVDDSLELPVHVADLGSAGDPRAAAVEWMTADLDRPADPLTGPLAAHAVFRLGPGHVLWYQRAHHLVLDGTSLSVFAARVADLYTASASGRPPAGGAPGPLSVLLDADRSYLRSEEYARDRRFWREYLADLPGQGAARGDRTRSLPGRPLLHTHPNDASAATELREAARRLRTSPAVLSLTAAALYRHRTTGTRDVVLGVPVTGRTTGRELGIPGMTSNVVPLRLSLDRGVTVAELLRRTSRTLRDCLRHQRYPYGDILADQGLVGRGALRDLSVNLMFLNRPLRFGDAVATRTGLSSGPIDDVAIGVYDRGDDGFRTVVQTNPGLHDPGAGAEISRAFRTVLGRLAAAPADAFADRIDALD,streptomyces
BGC0002528,AR,7.0,10.0,COND0002528-AvCA_21160,Condensation_Starter,MNATPSRLPATTAQFSIWVAQQAVPDSPAYLTAETIELLGAVDRAALSDTVVEVLNNCHSLHMRFVHEEGRLWQLPQPPACPPLALHDFRREPDPAAAAQAWIDRELSRTLDPSRDVLYRSALLQLGDQHHLWYLQAHHVTLDGYAYGLVCQTIAERYSARVRQSELPPLPDWSMARVVQAEQDYRAKGLFERDKQFWLQQLRDVPAPATIAEAAEFPEQVIRSETRLQRDQVAMLQEAARACGQDWGNWVLAAIGLWLGRQSGQQALTFALPAMNRLGTPALGVPCMAMNIVPLSLRIDPAGSMASHAQQIAGEMRRIRPHLYYRYGWMRMDLGLMEAQKHLFNQAVNLMPFDRKAAFAGLDSRIRPITAGPVKDLNVTLAVLDAEWRLCVEANPHAYSSDRLEQLHGDLLDWLQRLARHAPEAPLQALWQ,other
BGC0001629,LCFA,10.0,12.0,COND0001629-jesA,Condensation_Starter,MALALTAAQRNIWLDQMTQGDSPLYNIGGYLEIEGHLDPEVFQQAVNLLIDKHDALRMVLLDQRDEQGVPLQAFADTLPVWVAPLDLQGQADPRGAAVSWMQRQLERAFKLDGGPLFRLHLLKLEAQRFYLVVHAHHIVLDGWGIDELFASLCQIYNALHDQRTPDLSAPSYVDFIDDDRDYRQSPRFVRDQAYWLEKYRDIPERLLLPRYRQAQAEGSSRSGHFARGFARDLENRIDELAGQLQASRFHVLLAVLYVYFTRTQQRDELVIGLPILNRTNASFKKTLGLFAQVSPVRLQFSADLPFAELVQGIGRAVKQDYRNQRFPVSDLNRLLELRRTERTQLFDLTFSYEQHDSLLRFGPASARAVKCSNNHEQTPLAIHLRTNAYDTESRLHYIYNEAYFQAGEIEPMAERLQHVLDQGLANAQLPVRAFSLLN,pseudomonas
BGC0001842,LCFA,10.0,12.0,COND0001842-Pfl01_2211,Condensation_Starter,DAADGLSAISEAFPLTAAQRDIWLDQLRQGNSPMYNIGGYVELTGPLDPALMQTALEGLVARHDAMRTSLLPGAGEHGLPLQRFARSMPVPMPVHDLRSHPDPYAAARQLTQENIERLFTLDGGPLFRFSLLWLDDDRHWLSLQAHHLIVDGWGFGEMLKSLDEIYNALALGQLPPDSAPSYVDFIRDDARYFQSARYARDRAYWLDKYQHRPEPLLLPRYQERFAGAAAPTRIFSQVFPARLHERMKQVAREYGASAFHVLLAAIHVYFSRSAQRDEWVVGVPLLNRSGARFKSTLGLFTQVSAVRMGFGRELSFKTLVKAIHDELKKDFRHQRFPLSEMNRALGLLREDRSQLFEVTVSYERDAHEYRYGEAQGRVVKVSNHEEGTPLSVHLRSSRGDDEDSLYMVYNEAYFDANEVAALSGRLLWVLEQGLEEPALAVGDFSLSLPAESALLQ,pseudomonas
BGC0000363,LCFA,,,COND0000363-mps1,Condensation_Starter,MLESEDGALPLSRGQLDIWLSQESGLVGAEWQLGLLVRIEGKVERVLLEQAVRQAINEAEPARAAFLEVNGQIVQRAIDHSELVLDFHDVRDSEDPVEHARQIASSIQRTLMPLTDQLLKFALIRTADDQYYMFGLCHHINLDGLGMAIVSRRIASIYSALVAGDPVPDAYFGTLQDLVDLEAEYEASTDYTEDREYWSRNLPPDSGLDPRPPHAHEGHEGYTPTASVQIDDTVVGEIKDLTKALRVRRYSVITAACALLVRGWSTSGSEVALDFPVSRRVRPESKTLPGMLAGVVPLVLSAPPESTVAEFCQHVDVRIRELLKHQRFPAHVLDGGEFGLRGPRQAGNRVAINFIPMRLTLDLAGVPATATYTNHGPMGHFGLFFIGASDQLLLSTSGDGLPFSKFGVPNLTERLQRLLSEMAADPDRRLSSLNSLV,other
BGC0001628,AR,8.0,9.0,COND0001628-orf4,Condensation_Starter,MDAVAAQRAMWFGEQLDVAKAAYNVGEYTEIHGPVDAEQLRAAVAAVVTATEALRGRFHAAGGEVRQLVDASPQWSMPVVDLSVAPDPYQAAREWMAADFAVPFDVAAGPLFRYALLRLAEDHAIWYQCYHHIAIDGFSCSLVAARVAETYTTGTAPPPAPIADLVDEEAAYHTSAQRDADRAYWEAATAGMPEPVSLSSAQPTVSGGFLRRTANLAPHTGQAVHTVAERAGTRWSRVVIAAVAAYLHRMIGAGEVVLGLAVTARNSERARAVPGMASNVLPLRLPVSQDLPIAELVDRTATAVREALAHQRWRGEELRRELDWPQRCHRFFGPVVNIMAFGPELRFDHWPTTRHNLSTGPVEDLAVNVYDRSDRHGIRIDFDGGREQYDEAGLDVLHRRFLRFVERFVSAAPDTPIGRLDLDL,other
BGC0001752,AR,7.0,10.0,COND0001752-ctg1_orf1264,Condensation_Starter,MSEVTSDAGRILELTRAQEGVLAAQRIDPDNPSYNVGQYVELRGAVDTAALEEALRRTLAEADGLHVRLAERDGRTVALPVPFDAAAWHLPRLDTTGAASPVDAAVELVRDQLACPPRLEPTDGSGAAPALTGSLLVTVAPDHHLWFQYFHHLVVDGYSVALFTRRVAAVYTALVRGEEVPASPFEPVARLADADAAYLASGKPDDDRAYWTARHAGRPRVTGLTEQTAQASRTSLRHRTSLGAERSAAVLDCAAAVRGTWAEAATAAVAAYLHRMTGTTDAVLGMHFMARSAPGTMRVPGMAVNVLPVRLAVEGADTLPDLIRRAAGELKDARRHQHYRGEDIRRDLGLVGSDERLHGPMLNLKPFDLDLDFAGIPGHTVNLASGPVEDLSVSVSKSPDDVLHLEFDANPALYDAATLAAHAERCTDLMGRLAADPALALDRARLLA,streptomyces
BGC0002432,MCFA,9.0,10.0,COND0002432-BRLA_c025650,Condensation_Starter,MNKDLIQLFSLTQPQQRIWYSELLFPNTGVSSISSITKLRGNINLSALQQALNTVIGLHDSLRIQLTSQNGFPQQYVEEHSDKEFECLDFSGVDGEAQALKWLDEHNRTPFELFHSELYTFTICKISDQEYWYNLKIHHIVCDGISANMFMNQVNKCYSQIANGEPLEIAANHAYFDFIQTEQDYEKSERYQKDKTYWVDKFSTLPEVIGFKSYNPFTQSTAGIRKNIILEDSLYHSLYDFCKQTNSSMLTVFMTAMYIYMHKKTAQNDVSIGTFYANRTTKKEKEMVGMFVSTVPTRVFVDPDMDLLALLQAVSKEQISILRHQRFPYNQMMQDVRETHQHKDLQRLFGVSVQYRAMDYPQYENVKVEVVENFCGDVINDFEMNVIELDNEKINLQLNYRAQLFTDEEMEQLVQQFSTIIETIIHHPTSKIADISLLG,other
BGC0001657,MCFA,7.0,9.0,COND0001657-lesA,Condensation_Starter,MSSAQSFALSAPQLEMWFAQEFSPDNPYYDTRCYIDLRGPLDIDRLRRALQTAVGEADTLHLRLQRGAEGPVQRLQAAPELPLAVLDLSAEADPCAAAQAWMSAAASRVIDLQGAALGEAAVLSLGPQRHWLYQRYHHAVMDGYSLPLLVARAAELYDACGRGETPPPARFGSVLEVIEEDARYRASERFGKDAGYWRQVLADAGERVGLDGRAPAQSVGFHRASIAVDAALAQALAEGERRSGAKWPQLLTAAVAAYCHRVCGRERMLFDFPVANRAKSNRNTPAMLANVLPLSLRFAADASLAGIAAAAGQEIGKALRHQSYRGKDILQALGDGGQQWIFGPRINIIPFDFGFEFDGHPAVLHSLSNGPVNDVAITLQGRPGENACELHFDVNRELYSQADADRHLRRLLAFVRRAVAAPERPIREIALIE,other
BGC0000309,AR,7.0,10.0,COND0000309-BSU_31960,Condensation_Starter,MPDTKDLQYSLTGAQTGIWFAQQLDPDNPIYNTAEYIEINGPVNIALFEEALRHVIKEAESLHVRFGENMDGPWQMINPSPDVQLHVIDVSSEPDPEKTALNWMKADLAKPVDLGYAPLFNEALFIAGPDRFFWYQRIHHIAIDGFGFSLIAQRVASTYTALIKGQTAKSRSFGSLQAILEEDTDYRGSEQYEKDRQFWLDRFADAPEVVSLADRAPRTSNSFLRHTAYLPPSDVNALKEAARYFSGSWHEVMIAVSAVYVHRMTGSEDVVLGLPMMGRIGSASLNVPAMVMNLLPLRLTVSSSMSFSELIQQISREIRSIRRHHKYRHEELRRDLKLIGENHRLFGPQINLMPFDYGLDFAGVRGTTHNLSAGPVDDLSINVYDRTDGSGLRIDVDANPEVYSESDIKLHQQRILQLLQTASAGEDMLIGQMELLL,other
BGC0002661,SCFA,4.0,5.0,COND0002661-tsk10,Condensation_Starter,MSETPSAAPRHPLTGPQLGAYYGHELDRLKSTYNQASYLEITGPLRAGLLETALRRAVAETDALRMRFAADATGPVQYPYEPEPFPFPVLDLTDRDDPRAEAEAWMRAELARPVDLATGPTHAQALFRIGPDRHLWYQRYHHLVLDGYGVWLLTRRTAELYDALLSGADSAGTPLRPLTDLLDEYTAYLGSDTCARDRAHWHRRLAERPAPVRLGGRSAPAGPEYILHRTGADASVTRGLHALAERLGQRWTRPAVAAVAAHVHTETGRRDLLLTLPVTGRTAPAAREVPGMLATMQPLLLDHDPDASLADFTAQVAERVDEALAHQRYPYERLRRELRTPADAPKLYGPIVNVLAFSAEPTFGGLSAVRQWIAIGPVDDLEFMIQESATGELQLNLWANAAVYSPGTVARHGEHVVALLTRLADAAPDTPLAHLTQPR,streptomyces
BGC0000383,LCFA,12.0,13.0,COND0000383-PluTT01m_09655,Condensation_Starter,MKQHQGSYYPLTAAQQEIWLAEQLNVSTGIYNTGCYIDISGAIDIETLNTALSQLIDEAECLRVVVVQHPQGPQQQIVTNLQWKCPLIDLSHHEDALIEAETWMNAELVRPMALTLGPLFGLALLKISDEHYFLFIRVHHLASDAFGTTLLIQRLAELYTQKLTGAAELENPFGPLSDLLAFDEEYRRSENFQHDRQWWSQYMVGRSEPQSLAVGAKPGQFADLGSFSCTPCEIPAKVKDILRTLSEESGSSMAQIIIAIVASWISRMTDKQDITLGMPVTARSGRALRSIPGMISNVLPLRLTIDPAHSIGDISKLVSQEIRQLLKHQQYRSEDIYRDLQRNGSAPRLFAQNINVMLFNSNVSFAGNFGRTKNLSSGPVEDLTVTIYDHGEGDSLQFTLDTNDNLYTPHDINLQKSLFQHFITELLADISRPIGELTLPD,other
BGC0001524,MCFA,8.0,9.0,COND0001524-Sulba_0748,Condensation_Starter,MLNIYALSSPQEAIYIDSLLYSETTKYTMGGFALLSGRIDVEIFKKAHAITLTLHDVFLSKIETRHGKIVQSSPHEPYGVYFKDFSTSVDSYRAGVEFILEDFSHPIPINAYPLAADMLLKVNEELYIWYTKLHHIMNDAFGHALFAETLSEIYTALFYKQELPVKERHRYVDFVEDDNAYLHSETFLKDAAFWMEKFKTLPEPISFSGSKDGLCEQEALKTERMTLTLSRLCYNDMLRICSENSFTSFHFLLAVLYTYLYRTKNRNDIVIGMPILNRNNKKFRNTSGMFMGMIPLRIKMEEGMSFMDLALGISRELRECYRHQRYPLGQIIKDCRSKEGFYGNIFDITFVYRKLSYDKKFGKTLMRMQILDTKAREESFSVEVDEFDDGDVNLFFNYNPYVIPPEEAEQMVRGFETLFLDVAMMEDKPLKELRIMP,other
BGC0000433,LCFA,14.0,16.0,COND0000433-srfAA,Condensation_Starter,MEITFYPLTNAQKRIWYTEKFYPNTSISNLAGFGKLISEDGVQAHYVEKAIQEFVRRYESMRIRLRLDDEGEPVQYVSEYRPLSIGHTDIRQAGCSADELSKWGREEAGKPLALYDQDLFRFSVHTISENEVWFYANVHHIISDGISMTILGNAITDIYLELSGGTSEEQTEIPSFIEHVLTEQEYVQSKRFKKDRDFWNGQFETVPELVSLKRSRADAGLDAKRFSQEIPHDLYGRIHSFCEEHKVSVLSLFQSALITYLYKVTGRDDVVTGTFMGNRTNAKEKQMLGMFVSTVPVRTSVDGGQSFLEFVKGRMKDLMKILRHQKYPYNLLVNDLRASKSSLSRLFTVALEYQVMQWQKKENLSFLTDPIFSGSGTNDISIHVKERWDTGKLTIDFDYRSDIFKGEEIESVSERLITLIEDAISSPDRIIDELTLLS,other
BGC0002548,LCFA,12.0,14.0,COND0002548-banA,Condensation_Starter,DAAHGLSATCETFPLTTAQRDIWLDQLRQGDSPLYNIGGYVDLTGPLDPALMQRALEGLVARHDAMRTILLPGAGEHGLPLQRFAPALPAPMQVHDVSAQPDPQSAARQLIQARIEQPFILDGGPLFRLTLVRLDSQHHWLSILAHHLITDGWGFGEMLKSLDEIYNALADGQPSPDSAPSYVDFIHDDARYYQSARYAHDRDYWLDKYRSLPEPLLLPRYQERFVREAAPTRIFSTAFSAQLHERMKHVARESGASAFHVLLAALHVYFSRTAQRDEWVVGVPLLNRSGARFKSTLGLFTQVSAVRMGFGRDLTFRELIVAIRDELKKDFRHQRFPLSEMNRALGLLREDRSQLFEVTVSYEHDAHEYRYGQAQARVIKVSNHDEGTPLAVHLLSNRSRHEDSLYLVYNEAYFDADEVRALTERLLLVLEQGLENADLPAGDFCLSTPAESILLQQ,pseudomonas
BGC0001127,LCFA,14.0,16.0,COND0001127-jagA,Condensation_Starter,MSVSQPVTRAQRELILASLLHPEAALGNTGGTVTMHGALHIDGFTACMAQLVARHDVFGLGFVIDGQQIGHRPVERSAALVRLVDYSAHDDAAELASAFIARQFATPIDLGADASLIQNYLIRVHPQHHIWLCFGPHALLDGWGFSLMFQDMALLMRRHAAGAQDEAPPAPPSFLDYTAEDLAWSASSGCQRSTDYWRQRFPVAPDSLFAPIKPFQLAAGSLARAVPPARYAQWSAAAEGAGLTLASWIAAALLATLARRTGVARPVLGMPLLGRRTAQHKQTIGLFANVVPLALTVDPQQPLAALAARVAEQQRADYRHARITPNEIARPWGQREGSAEFIQVTLSFERHDYTSTYPGCTHDIAAFSPLEQRRPLQIYLREYRQDQDVDIELYFNQSFLTEEQAAALLDDWLAHLDSAGRGADDGRAACLPAAPHALPSGAAPDLWSGFVAQVLRDGAATALVD,other
BGC0002695,AR,7.0,10.0,COND0002695-HOO54_19915,Condensation_Starter,MTKCPNNGKRLTGAQAGIWFAQQLDPENPIYNTGEYVEIHGSIDPQLFETALRHVIAEADSLHARFGEDGDGPWQVIDLSKDFPLHVIDVSSELEPQKAAEAWMKSDLATPIDLTQGPLFTEALFKVAPDVYLWYQRIHHIATDGFSFTLIAEQLSKVYTALVHQLPVEEGTFGSLDSILEVDTAYRDSNQYKQDRQFWLDRFRDQPEVVSLADRASRTSNRFIRQSLSLNSTEHLMSLAAKLGAGWHELVIATAAVYVHRLTGARDVVLGLPMMCRLGSASLNVPGMVMNVLPLRLAVTSEMEIHQLVHQVSREILQMRRHQHYRHEELRRDLKLIGENHRLFGPQINIMPFDHSLNFAGHIGKVHNLAAGPVDDLSMNIYGKPGGSSFTINLDANPDVYSEQDLEKHLHRFHRILKTISELPIGKIEMLL,other
BGC0002044,LCFA,14.0,16.0,COND0002044-DPH57_09150,Condensation_Starter,MRSEVLYQLSSPQHAVWLDQSLAPSLPCCNIGVVVQVDGVLDLARFEAAIAHVAQTNDALRIVLEQGADDCRQRFSGAAGQWLQRFDFSQLDDAHGQAWAHVKQVFGTPFDVYGPRLWCMHWIDVAPGQAFWLFCFHHLVADGMSISLIGNAVVDAYNRLMRGEALATQDEDASYRDFVTRDGEYFASPRHDKDRDFWAERFARLPEPLFQASARKARSDQPCGQVVWQLDRQAYARLSKVAAAEGGSSTNFLMAVLAAYFARVFQRSDEVVIGMPVHNRTGAAQRRTIGMFSSAIPVGIAVDPEQPFTRILQDVAAELKRCYRHQRYPLAEIHRRLLAGASDRRGLFDVALSVEGFIGDLRFDGDVRTTVHPLHNGYERQPLGIYVRDYEQEKPVYIEFNFDPDVLTPEEMGNHVRRIERLTLAAIAAPSTLVRDLPAMD,other
BGC0000364,LCFA,,,COND0000364-mps1,Condensation_Starter,MLESEDRALPLSRGQLDIWLSQETGLVGAEWQLGLLVRIEGQVERVLLERAIRQAVTEAEPARAAFFEVDGQIVQRPIDHSDLELAFEDLRDSDDPAGLARKKATDIQRTLMPLTGQLLKFALYRTADDEFHLFGLCHHINLDGLGMAVVSRRVASIYTALATGEPIPPAYFGTLQDLVDWETDYVASAEYAEDREYWSNNLPPDSGLDYRMPHASEESDGYKPSDSVQMDDVTVSEIKELTKVLRIRRYSVITAACALLVRGWSTSGSEVALDFPVSRRVHPDSRTLPGMMAGVVPLVLNAPPQSTVAEFCRHVDTRIRELLQHQRFPVHTLEDEEFGLRGPRHAGNRVAVNFIPARLTLDLAGAPATASYTNHGPMGHFGLFFIGASDQLVLSSSGDGEPFARFGVPNLAVRLQRLLSEMAADPDRRLSSLDSLV,other
BGC0000464,SCFA,4.0,5.0,COND0000464-XDD1_2286,Condensation_Starter,KSCNNINNRSIKFSLSSTQQAAWLAQYLHPNSTCYHFGSVVLIEGELDEALLVRAFEAVVYRHEALRLQPVESQELPQQALTDAGNVSVTIRDFSDHADPEEQAKQHIQAAFVRPFDLQGERWRFELLRVNDTRWYWQFCCHPLIGDEVTLRLIAEDVANIYRGLIRGGEITEADLISPETPICHLPILPLAERQQVLVDFNATQADFPQDALIHSLFEAQAAQRPDATAAVFEGQTLSYGELNRRANQLAHHLIALGIQPDDRVAICVERSLGLIVGLLAILKAGGAYVPLDPAYPAERLAYMLEDATPVLLLTQTTQRDKLPGTLPTVLLDHFLDDRDRLSAAQLTAQPSDNPDAQILGLTARHLAYVIYT,other
BGC0001050,LCFA,10.0,11.0,COND0001050-ttbA,Condensation_Starter,AAVMDAAAPAADAPSQPSAPMPLSGAQAAIWAELAAGGVATTFYNIADQISLNGPLDPAAFRAALYHVHRAADVSRLRFAADDGVPVQWFDATPGRFDFALIDLSDAEDPETLVTEEFHALRLRPFDLMHGPLNRHRLIRLAPDRHCWIRCYHHLITDGLGGVMTAAATAAAYDAYKQGAPLPDPAFLPYGDHLTREAAHAAGAAGAADLAYWRARLAGDIHPHSFGHTMRPGGQPVTANPVTANPAAAGARRTAILGAEAPPQSVIRPLGAARMAALDALAGRLGINARSSVMLALFLALLGRSVGTDTPSCTTLLSNRLTRADRRTLGQFAYTVPFWTPIDPAESLEDLARRVDSIARRDLRHMRLAPVRWREAGFTPAAAIARGATFNAMDFPATLGFDGLSVAVRNAVFGPLDDVLACLRTYGTAGGADMQWSFPPARIDASAVEALADSYDRMLDAALADPSQPLRQIQALA,other
BGC0001153,MCFA,9.0,10.0,COND0001153-pmxE,Condensation_Starter,MRENTNEQYGLTQAQRRIWFMEIMNPGTSITMLSATYQITGEINTQLLEQAVAEIVKTYDVFRIRISGDLQNPTQWFEEPENVQARISRLEIGTTEQFYAWVKEVSEKPASVFDEHLYQFTIIHFANGQVWLNLTVNHIIADGLSVNALLHAVMEKYLELRKGISSSYQAPSYLDYISAEREYEQSQRYQKGKEYWLTKYNTLPETTGIKSYPPFSIGSESNKLAITLDGSRYERILAFSEQYQVSLYTLFLSAMYALLYKLTDSTDVPVGTVFANRTSKKEKETIGMFVSTVATRIRLNPDGHVLSLIQTVSKENTADLRYQKYPYNQLIQDLREQHGRNDLSGLFRTSLEYLPLKIVEYEEIKVRLEAHFARHEMDDLLLRFDHMLNEGHVILHASYRTGLFETAEIDRIMEQYVTVLDQFLQTPELPIREISLLS,other
BGC0002108,AR,10.0,11.0,COND0002108-cip22,Condensation_Starter,MLAGDGVPLTSAQSGIWFAQQLDASNPIYNAGEYLEIHGPVDVSVFEAALRQVVAEAENLRVTFVETPDGPRQYVHPDPEWQLRVIDVSGEADPRAAAEAWMRADLARPQDPSVGPLFLFVLFRAAEDRWFWLHRYHHLLVDGFTVALVARRVAEVYTALLGGGTSDNPFGALDDLVGMDAAYRSSDAFEADRAWWAEKLAGRPEPVSLSAKEPTAARGLLRRTEYLNAGAAERLRDAAREAGVPWPCMMTAAVSVYLHRLTGAEEIVLGLPVTTRLGRAARGVPGMVSNVLPLRVPVHPADSLPRLLERVSREMRGVMRHQRYRYEDLRRDLQLLGGDERLTGPQVNIMMFDYALTFGEHRATVHNLCIGPADDLSVIVYDRTDGQGLQIDFDANPELYSERELASHLRRFVGFLAELAEAPADRAVGALDVAT,streptomyces
BGC0002522,LCFA,10.0,12.0,COND0002522-pdmA,Condensation_Starter,MTAPQSFPLTAAQRDIWLDQLSRGDSPLYNIGGYVELSGPFSAQLMQQALELLVRKHDALRTVLLLDAGPAGLPMQTFAETMAVPMPLDDLSTRPEPWAAAQALMQQRMEQPYRFDGGPLFRFFLVRLDERHHLLGTQAHHLILDGWGFGQMLQSLGGIYSALQRGRRPELSAPSYIDFIRDDARYHDSPRYIRDRAYWQDKYRSLPEPLLMPRHRERFARDAASGGTPGNNLVQPFPAALHERMKQLAKTWQASAFHVLLAALYVYFSRTAQRTEWVVGLPILNRSNARFKNTLGLFAQVSAVRFDFSQDLPFGELVRAVRDGLKQDFRHQRFPLSEMNRDLGLLREERGQLFDLSLSYEQDDHDYRYGEALAHSVKVSNRHEPLPLAIHLRSNSYNDKAWMHYIYNEAYFEGREIEALAERLNHVLEQGLAAVHLPIAEFSLLG,pseudomonas
BGC0001113,SCFA,,,COND0001113-fr9DEF,Condensation_Starter,DAWLKRHFMADAQAPLSRNQRGIWSRQMLYPMDPLYNVAVACTVGAGFDRGLFRRVCQRFLNHHQLLNARIVAEGDALIQRIDSMRELAWYESATGESLDACRAHAKRDAAVPFVLHDGPLYRIHIYEASSCETVVLLVVHHIICDGSSVSRWLSTIWQDYRALKQQRTLPQALGGASFLDFVQREAAHLDSAAGQKSLAYWRTQCADGLPPLDAALNLPPAADDASVFATSRLSFSIDGDRAMRMRTLRKTGSFSPSTLLMGAFTLALSAWRGTRRFTLGLPTLGRPPGAEFASTIGNFTNLVPVVCDLNPAQTFSQWLDGCQRYVYRALDHGYPFAGLLQALPRHADAPLSIQTVFTYQKFGDEIDIGTLPDRVGDSVELAFGADIFQRDEYPVTCEVVEAGDGWTVNLKYKTAVIEHDDAEALRHAFVAVLDDALTDPDRTIGALT,other
BGC0002424,LCFA,,,COND0002424-sacE,Condensation_Starter,MALPLTGAQTGVWLAQQLEPDNPVYNVAWYLELRGPVDHDRLAAAVRQTIGETGALHVRFTGDGQVPTPPTTDLTLLSFDSLADARAWMDDDMARLTDIATGPLFHHALLRIADDHVLWYQRYHHLVVDAYGCVLITRRAGELYEGATEPRPKPVQALVDADLAYRDSPDRDADRAFWHAKMADRPEPVRLVPRAAGQVREVIRRTVELPNPLTSRQVIAAVATYTHRVTGASDLVLAMPVTGRRDAVSRVTPGMASTVLPLRVTVRPDSTITGLIADVDREIREVVPRSAYRGEDLARELGLRDGIPELVGPTVNYLGFGREMGFADLDPAFHMLSLGPVNDLTTSFLRRADGRLVVTFEANAAVCTPAELADHQRRFLRVLAADPDQPVALIDLVD,other
BGC0000339,AR,9.0,12.0,COND0000339-ecm6,Condensation_Starter,MGCTGVTSAQEAMWLAQEFSPEVPNNVATLWDIDGDLDTALLADALRAAVAEADALKVNFRRDDDVLRPVVRDLSEWEPFRLDVGDAADPADAARAVVADLVRRPFDLAEDALLRTGSIRLGPGRHLLVLVFHHILTDAFGVLTLLSGRIAEIYRALRAGSGVPAGAPNPPQDAADKDAAYRTSKRFADAERFWPDYLAGDLPAARLPAGVRPPAGAAGGEPGYWDGLTEPQGMFTRTTTVPAAELADWERASRATGTSVPDLIASAATAFLGHMCGLAEPLLTITVNHRVGALRRSLGLLSNRVPLGSRVDPEADFVELAEALGRERRSVLRHARHDISLIKRATGHPADARSPFGAVVNVLPAVGALDLAGATASFAGGTFGVIDEVMICVYTDGRAGSDLYVRFDAPRTEYDQQDIAGLADRFTTFLRRALADPRAPVGTVTALH,streptomyces
BGC0000417,AR,7.0,10.0,COND0000417-RHA1_ro02319,Condensation_Starter,PSTLQTGEDTADVCLTAAQRELWSGHQLDPTRSAFTTAEYVEVAAPVDIDALAAAVRTVIEEAEILSVRFEAEPGADSADVVQVHDRRHAPELERLQLDRAAALEWMREDVRRPLDFDSAPLVRTALITTESGVLWYLRAPHALLDAYGYSLLTRRVAALYAARLAGTEPRPAKFPPLRTHVQAAREFDAAAPDSAPQSASHPVGFSDTVRRPVPDPRRYTIPIDPDVARSLREAATAQATTWAEAVYAAAATYLGAHTGAEEVTLRVPVLARNGIELASPVTATNIVPLRIPLDARSTFADVIGRVAAAWSETRPFQRVREAGRRATGGAVVNVKPFAGRIAFGPTFGAVHQLATGPVEDVVISVSGAGDELTLEWAGNPDVYTDDEIRHHAHRFAHYLRTISVAAEPVSVVDVCA,other
BGC0002384,MCFA,,,COND0002384-QWM97319.1,Condensation_Starter,MNTALSFALSAPQLEMWFAQELSPDNPYYDTRCYVDLRGPLDIERLRRALRATVSETDTLQLRFERGADGPSQRFAQAPELALAVVDLSAEADPVAAAQDWMRAATASAIDLDGETLGASAVLILGPQRHFWYQRYHHAIMDGYSVSLLTARAAELYDAYGRGETPPPARFGSVLEVIGEDRAYRGSERFGKDAEYWRRALDGAGERIGLDGRAPAASMGFHRASLPVDAQLTQALLEGERRSGTKWPQLLTAAAAAYCHRVAGRERMLFDFPVANRAKSNRDTPAMLANVLPLPLDFPAGASLTDVAAAAGREIGKTLRHQSYRGKDILQSLGDGGQQWIFGPRINIIPFDFGFSFDGHPAVLHSLANGPVNDVAITLQGRLGDRGCELHFDVNSELYSAADAQNHLRRLVAFALRAVAAPERPIREIALLE,other
BGC0000349,SCFA,2.0,3.0,COND0000349-SACE_3035,Condensation_Starter,MARPGLALTAAQDGIWLSQQIDPETSAYNIAWYHEIRGELEVDRMTEAVGRAVREAECLHVRFRDAGGGPEQIAHPASGWRLPVHDLRAEADPLGTAEEWMRADLSRPADLGGGPLFTHALLRVGDRHFLWYQRYHHLVMDAYGFSVLSRRVGELYRGEGAAREWPVAALVESDARYRASDSWAADREHWLARMADRPDPARLVTAAGTPSRTSVELPEDRVAALCGSGHRLSRLAIAAVAAYTHRLTGETDVVLGLPVTARTAEHRDVPGMVSNVLPLRLRVRPDMTTAELVAAVDREVREVRAHERFRGEELARELGVPGGIAELVGPTVNSMSFEDGLELPGLDVRAHNLSLGPVNDLSVAVHDGPRGVRVDFDAAELGEHPARFLRVLEAITDDRPLHTIDPVP,other
BGC0002528,AR,7.0,10.0,COND0002528-AvCA_21190,Condensation_Starter,ETGVAGEPTLARLPLSAAQLGIWLGQRLDPLSPAYWTAEAVELRGALDEAAFERALEQAVEASEALHMRFEAEGDDIWQRPDRTAWTLRRIDLSATESSAGQAWDRAWQWIRNDLRSLPDLANGPLFGMALLRLAADHHLWLLRVHHIALDGYGYALLIRRVAELYEAERQGTAMTRLPSAAGLAEVVDEARAYQRQAQRNRDFWVARLLDAPPPVTLAPGAALARDVRRRRALLPARALADWQRAAGACGVDWAAWLLAAIGGWLARRTAAPEVCLGLPVMTRLGSRALNVPCMAMNIVPLRLPVDIDRGMQALAADVAAEMRASRPHQRYRYEWLRQDLAQARRQVGRGQGLFGPVVNLMPFERPDTFGDLQARQHPVSAGPVEDLSISVVPGAEGVRLDLEANPDAYGDELLATLHEELIAALDSLQRAPATTPLRQLLREPPLARLAGEPLPPVVDVLT,other
BGC0001876,LCFA,10.0,11.0,COND0001876-ttcA,Condensation_Starter,TNTFAPGTERQGAPLTTPQSSIWLDWAKGDDCANYNICSVIRFDGDLDIPALHKAIVQTDQENDALRLRFGSEGGNPFQFFADTCRETDFSVIDLSFADDPVLIAHNEVEEIRRRPLDPENGRHCRHRLLQLGKGRFWWVRVYHHLVCDGYAGHLMAMRAAEIYSALKTATAVPESTFGSYLDFITADTTYPETPAFQRDLAYWQERLKDDHTITRFSSDRPSGKLVQARLEQNLDGQELARLTQTAKACGTSPTAIVMAAYFILLGQITHIKHPTVTMPLLNRLGRAERQTPGAFSYIVPFDADLGKHARFSDLARDIFARARRDVRHMRLGAPRMRAARLGARGLSGGGAFFNSLDGADPLSFAGLDTRRVNIYNGPVTDLGLIYMMQALSPDRQEAEIIWQYDTACHDVKSVTRIADRFRHFLSRALDDPEQEIATIAAPPLDELAVIR,other
BGC0001574,SCFA,,,COND0001574-ATY72525.1,Condensation_Starter,MATPDQETGRRPLLAAQEGIWTGQQLDLDSPAFNTGEYVEIHGPVDTAVFERALRDTVAEVEALNVRFVEDEGQPWQVTVPATDWRPHTADLTGLADPRAAALDWMARDMDRPVDLTREPVFGHALFRIAEDHFLWYHRVHHIALDGFGLALVARRVAETYTALVEDAPLAPNGFGTLESVRAEENAYRASERCAKDRAYWTERFADRPAVASLTDRHALPARTFLRRVVDLGAADVEPLRALARELSVTWSDVLVAATAGYIHRVSGARDVVLSLPAMGRLGSVSLKVPSMVRNVLALRVAVEDGDGLRDLALRVSGELRAGLPHQRYRYEQVRRDLKLVGGKRRLSGPGVNIMPFEYDLRFAGHRSTVHNVSAGPVDDLSVNVYDRAEGAGLRIAMDANPDLYTEAELAAHQQELLDLLREAVARPDRPLGELRPLT,streptomyces
BGC0000374,AR,6.0,9.0,COND0000374-AEH41793.1,Condensation_Starter,MSQQPERASRPLSAAQSGMWFAQQLAPESAAYSGAQCVEIHGPVDLTRFETAVRRTVAEADTLHARVTDGAEGPRQTLDREIADRCGVTFVDLTGAADPEAAARAWMHAELNQPHAPAADDAPGRDPRDPLMCEALLRLAPDRHFWYQRIHHVLVDGYGFALLTRRVAEIYTALGRTDGEDQPSPFGTLAELLAADRHYRASEGFARDRAYWTERLADCPRPAQLSGADAPVSSGFLRATTLLPPEYVDRFTELVSGAGLSWSDAIVAAAAVYTQALTGADDLTLGIPVAARVTADERDTPGMVSNVLPLRVSLGPGTTVGQLIGQVARSMRGLLRHQRYRVEDIRRDLDLVRGRQALYGPVVNIMRFEYDLRFDGHRATVHNVSNGPVENLAFSVYARSDGSGVRIDVDTNPALYTQQETTAHRDRFAALLQRLLAAGPGQPVSRLDVVT,streptomyces
BGC0002014,AR,14.0,15.0,COND0002014-OK006_RS36465,Condensation_Starter,MSNVGGDTLPLSAAQRGIWFGCQLDPGGRRYRIAEYFDIRGPVDPVAFDAAWRQVVGETEALRVRFVDEADGPRQYVGPVEATAVELVDVSRRPDPEGAALERMRADLDRRLELTRDPLHTVLLFRLAQDRYFWYFQFHHVILDGYSGAMVVRRVAEVYSALVTGAPVVQPDPRPLRDLLDEDLAYRESDAFLLDQEYWGSRLADRAEPATLADRVSAEADGLVRSSAQLGTDEQRRLSESTGRALPTVMLTAVAAYLHRLTGARDLVLGLPVTARAGSATAGTAGMVSNLLPLRLTVTGEQTCAELARHVLSRTREALRHQRYRYEDIRRDQRLALEDEPLVGPVVNVVPFSYDHGFGGYSMTSHNLAGGLAEDLSITVYDRGEGQGLRIDFDANASLYRGEDLHTHQRGFLRVLEAMADDPAAQVGRIELLD,other
BGC0000449,MCFA,,,COND0000449-triD,Condensation_Starter,MTQHDIQLFALSQPQQRIWYTELLYPNRNTSTLITTVKIKGTVRIDALQQAMNQVIAQNDSFRIKITAEDGIPYQYVEPFVAQSIETLQVTPEEAELLVNRLNSQPFLLLDSQLYQLVILQLGAEETWYNFTMHHIISDGVSMNQAINEITTHYMDIVHGTGQATSTKANPYLDFIQVEQSYEQSDRYQKDKTYWTEKFADLPETTGLKPYNPLTLSTVARRESYKLEPELYRGVTVFCEEHKISIFTFFLAALYIYLHKVTGEQDLTVGTLYANRTSKKEKDTIGMFVSTVATRLLVEPESELLTFLQGVGKEQSSILRHQRYPYNKIIQDLREQQSSLDIQRLFGVSIQYRTLSFSRFDEAVQQVDTDFCGDTVNDFDIHMVEMLDDDQLILHLDYRTDLFSEQEIARIIRQFLSVAEHMVKGPQKRIQELSLIS,other
BGC0000392,AR,7.0,10.0,COND0000392-Amir_2719,Condensation_Starter,ARVQSAQESTELLELTGAQLGVFNAQRLEPDSPHYVVGDVVEVRGGGPVDAGLLARAVRATTGEAESLRLRVFDTPDGPRQVVSAEPVPLPPVVDLSGEADPVAAAHALVEAERARAAEHCRGMVDRALCSRVVIRLSDREVWYTQLGHHLVFDGYTAAMLARRTAAHYTALVRGTAVAKCPFGRFADLVAADLAYRASPQAAADRAYWVERFTPLPEVGSLAEPGVSGAPTRTVTARTVLPASAVARLKEVAEGCAKDSGGATWGDALIACYAAYLHRVLGQGEAVFALPLMCRTGSAALRTPAMAVNVLPLRVPVRGGDRLGELTGRVAALMRQVRAHQRYRGEDLPRDLAAPGAGALLHGRGVNLKAFDLKLDFAGAAGTMRNVAGGPPEDMGLSVLPTGDGGLLLGFEVDGRTHDQAAVDRRLAGFTALVAGLCAADAPPVARVDLIG,other
BGC0001095,LCFA,16.0,18.0,COND0001095-RBAM_018460,Condensation_Starter,MKNTVYSLTHAQRRVWFTELLEPGTSICNLAACVKFRGDIDFDVLRHALDFSISQNDSLRFQLTEGDGSEPQLYLAGHRPISLETVDFTHTDQAERDAWIDTQTRVPFKLFHSPLYHFTLLVMSDEEVWLYSKFHHIIMDGISLNLLGNQLIDIYQKIMRSEDLAEHHRPSYLSYMEKEQQYLQSSRFQKDRSFWTETYRTVPEHLSLAERTSHLRQSTAASRDTITLSHSLEQSIRRFCKENNISIISLFMASLYICISRLTAKKDIAIGTYYGNRGSRLEKDMLGMFVSTLPIRMTADPDAEFLSFVRSVGKEQLSVMRHQKYPYNLFVNELRQIHHDLQNIIGISMQYQPLAWRQAEGFDYETAMFFSGHTANELSILIKERTDTGLIELNFDYQSALFTETSIKRIQTHLLTIVENAVRNPDRLIRHIDMAD,other
BGC0001370,SCFA,6.0,9.0,COND0001370-cda2PSI,Condensation_Starter,MSEKSSVRHGLTSAQHEVWLAQQLDPRGTHYKTGSCLEIDGPLDHALLSTALRHTVSETETLCSRFLTDEDGHPYRAYCPPAPEGSDAVEGPDHVPYTPVLLHHIDLSDHADPEGEAQRWMERDRATPVSLDRPGLSSHALFTLGGGRHVYYLGVHHIVIDGTSMALFYERLAEVYRALRDGHEVPAHSFGDTDRMVAGEEAYRGSARHERDRAYWTGLFADRPEPVSLTGRVGARALAPTVRSLTLGPERTGVLGRAAEATGAHWARVVIAGVGAFVHRMTGARDIVVSVPVTGRYGANARTTPGMVSNRLPLRLAVDPGDSFARVVENVSGAMSGLMAHSRYRGEDLDRELGGSGVSGPSVNVMPYIRPVDFGGPVGLMRSISSGPTTDLTIVLSGTPETGLRVDFEGNPQVYGVQDLDSLQERFVRFLAYLAADPAARVDDVALLT,streptomyces
BGC0001984,LCFA,10.0,11.0,COND0001984-speA,Condensation_Starter,MALSEVRNEVRLPVTAAQLGVWVAQRLTPESPLYQCAVHFDSAPLDIEVLRDSVTRAVAETEALRARFGDDGEVHQVVAGTVDAPVDVVDLSAADDPEAAARAWMDQDLATVPDLEAGPLFRHALLVLSDARHFFYLRYHHIVLDGFGQTRYLGRLARIYTALLAGQEPDPARPRGLDVLVAEERAYQDSTHHADDRALVLERLAGVEERQSLTEGVAGASPRALRLSTVLPSELTGALTAVGHWPAVIAAATAVYHHRMLSVDDVVLGIPVAARRTPAALATPSMLANDLPLRLTVAPGATFTELVRTVRTELGVLLRAQRLRREELHGARELTGTDAALFGTAVNAMSFDARVRFGEALLTPRQLSNGPVADLAMATYGDPADGEVALEIAANPALYTEDGLRAHQERFLRLLGSLADAPDALVGRAALLD,streptomyces
BGC0002495,AR,7.0,10.0,COND0002495-phbG,Condensation_Starter,MPLTQAQQYYWHEFSLHSEKVVSTVAHYLDIQGNVDQEALCKAITMVISETDVLSVRFKRLEEERLPLQQPNQAATPQLKFIDLQTQPDPFNTALQLMRADVESPLNLLTQLLSAQWLFKLSESHYLWYNRAHHILLDGFGIALIEHRCAHFYSYYLGKASADASFHSLSSYLTEEQEYGNSEQYKKDRLYWQNYLSSARFPTVDIARADYSTKHHYTSCALSGDIVTGLTHLSADTGIAWPDLLVVLSSIYLLHYFATQTQNGEYSMPLWLPYMNRRTRFRTNTPALMTNILPLLINTNPDETLETFLKKTINALHTQRTHARYRIEQIFLDHQLPQDTRYLFSPLINVLPFDSPNFFDCQVKRHILTSGLYDCFSSNIIYRGKVDAGELIVDLDADSAMFGKEEVENHQKNLTDFLQKVLTGNSLFLPVKALYS,other
BGC0001844,MCFA,8.0,9.0,COND0001844-RBRH_RS16800,Condensation_Starter,MSAGAISLTTYPLSSAQTEIWLAQQLHSGSPVYNIAQYTVIEGAIDPTVFEAALRQVIDEADSLRLQFVESEAGLRQRIGSPAWSMPVLNLTAEAESQAVAQAWMRTDYEEPVDLMQGPLFQYALLKVAPKQWIWYQRYHHIMMDGYGAVLIAQRVAQVYSALCAEREPAPCTFGSVLKLLESDAQYRASAQREKDEAYWLKHCAHWPVPATLAGRAAPALQHRLRQTAYLATQALGDAASDVGRLAQFLTAALATYLHRMTRAQDVALGLPVTARLGANRHIPGVVSNTVPLRFTFEAKMTLASLLQQATQIQRGFRYQRYPSEALRRKLELMPGQALFGATVNVMPFDYDLSFDGYPSSNHNLLNGPVEDLMLAVYWTPDNPQLRIDFDVNPACYTAEELEAHRCRFVRFMQALAADVTQPIGEIDLLD,other
BGC0002377,AR,14.0,15.0,COND0002377-QBA57735.1,Condensation_Starter,MSDSSATVLPLTAGQAGIWYAQSLSGANATFNAALYLDIEGAVDERLFVSAMRQVVIEAEALRARITDDGSGPVQVVEPVGDWSQQPVQVLDFTSAGEPWQEAEAWMWADAGTPLDMGAEPLYRFALLKVAGDRTLFYYRYHHVVMDAAGASLVAARVAEVYTRLVAGEDTAVGAFPPLRELIEDEAAYRRSAAFEADRDYWTARFADTPAVPSLGDRPTAMPHHQVRGGAQVPAGLAAEVRDVARAVGVGWPAAVLAALAAYTSRITGTSDVVVALSVAARASAAGRAVPGMVSNVIGVRMDVRPEMTAAELVRHAHQRMREATRHKRYRYEDLRRDLKLLGSDGRLLGPRLNLHVASSSVEFDGTPATLHPLTAGHDDDFSLIVMAEPDGGFRFDMTANPDVYRSGAAERHHRLVMRLLGELAARPHRPIGALDTVD,streptomyces
BGC0000443,LCFA,16.0,19.0,COND0000443-AED90002.1,Condensation_Starter,MDSSTEKLPTQDCATHELASVQQGIWLDQIAHPDLPYYNIGMSLEIKGEIDIPLFEKAIELVANNHDALRLSFSHEGGIGRQRVLPEVKVKLDVVEFSEAEADAGLAMEYLRNAFRQPFPELTGQLWEARMVRCGPNRHYWLNRYHHLVTDGIGVALIGHAVGAAYNGLLAGNDEVAQGHSYLSFLEDDRAYLQSSRYERDREFWQETYAQLPPSLLQRRADFKTGQANELAPSAQVQAMLPRALYNDLTQFASERSLSVAHVLISVVATYFCRTVGVDEMVIGMPVHNRTNARTKETAGMFSSVSPIRLPVDLDASLLDLMHAAGGQLRRCYRHQRFPIAELNRILRLAQAGRRQLFDVSLSFESLDGDDQFGGTSSTVITMDNGYEQTPMAIFVRDYHPFEDVHLDFNFNTAYYSVEEARLLQQRIVSMLEAVLEQHDTPVGDYPLMS,pseudomonas
BGC0000431,LCFA,,,COND0000431-SSGG_00678,Condensation_Starter,MEINGELDVDLFERALRSAVREAEAVHTRFVGEGEAVRQHVRVSDDWPFHRIDLSGEPDPRARAEEWMRTDMRRPVDMRGDALFTQAMLRLGPDHVYWYQRCHHILGDGFSGPLVNNRIAQIYAALRAGDAYDEGALAPFSNLLDADRAYRGSEEQAKDRAYWGEIFADLPTPVSLSGRIPAGTPHHLIRGTAEMPSEAAADLRTTARSLRTSISGMAIAAAAVYLNRATGAEDVVVALPVFGRFGSAQRQTPGMATNLLPIRLTVRSSMTVQELVRQVSVQVRGALRHQKYRYEDMLRDLRLIGRGNLASMVVNVVPYAYDFSFGDCEVRAHALSSGHFNDVAFCVYDRSADGRIQIATDASPELYSPHANQRHTDRLHTVLTWLATAAPEDRVGRVEILD,streptomyces
BGC0002050,SCFA,4.0,6.0,COND0002050-necA,Condensation_Starter,MSADVTPLTCPLTTAQTEIWLAQQIHTNAPVYHIAQYTTIHGAIEPSLFETALRQVINEAEILRLRFIESDGGLRQYVDSPPWSLPLVDFSAEADPKAAAEAWMQAHYERPVDILCGPLFHYAVLKIASDRVLWYQFYHHIVMDGVGMHLIAQRVAHVYSAMCDKVEPEPCPFGSVRQLLESDAQYRTGNQWTRDEAYWLQYCTDWPEPTTLASRAASSLQHRIRQTSYLSSQSIGDYAADASRLAQLVTAAMAAYLHRMTGTQDVVLGLPVTARFGADRHTPGMVANVVPLRLNVQPDMNLSSLMQQIAQGIQRGLRYQRYPSEALRRKLARISSQPLFSTTVNIMPFDYNLSFGGHTSTNHNLLNGPIEDLMLGVYLLPDNPRLRVDCNANSACYTADELIAHQRRFVKLLETLAADPSRPIKSIDLLD,other
BGC0000997,LCFA,14.0,15.0,COND0000997-glbF,Condensation_Starter,MQANHNTPSYPLSPAQQEIWIAEQLNPGTGVYNTAGYADIRGPVDVARFGAALRQTMAEADCLRAVFHDHGEGPRQTPNDTMAWPFPLIDVSGEPDPQAAAEAWMQADLAQPPDFAHGPLFRMALFRAAPDRFFWYLCGHHLVADAFGLTLLMHRLAEIYSALMLQQAPPPAWFGKLEDMIAADRDYHTSDALEHDRTYWISRLAGCPEAVSLSTGTAAAAAAPPGKFHRQWAELPAATGDALRAIARDNGAGVPPLLIALVAAYLYRMTGQEDLVLGLPVTGRPGRELRRIPGMLANVLPLRFEMTPNLGFGALFQQTAREVRQALRHQRYRGETMLRDLQQAGAVARLYAHNVNVMAFDSEVWFAGHAGRTCNLSNGPVDDLSLTIYDDGEGKGLRIAFDAPAALYTEDELSGHRERFIRLANTLVADLGAPIAAVDLMA,other
BGC0001843,MCFA,9.0,10.0,COND0001843-EGM68_11575,Condensation_Starter,MTQQDVQLFSLSQPQQRIWYTELLYPHRNTSTIIATVKIRGTVRIDALQQAMNRVIAQNDSFRIKITAQDGIPYQYVEPFTVESIETLQVTPEEANEWLKRHNPQPFSLLDSQLYRFVILQLGAEETWFNFKMHHIISDGVSMNQAINEITGHYMDIVHGTGQDAPSKSNPYLDFIQVEQSYEQSDRYQKDKTYWTEKFADLPETTGLKSYNPLTLSTAARRESFILEHGLYRGVTAFCEEHKISIFTFFLAALYIYLHKVTGEQDLTVGTLYANRTSKKEKDTIGMFVSTVATRLLVEPESELLAFLQGVGKEQASILRHQRYPYNKIIQDLREQQSSMDIQRLFGASIQYRTLSFSRFDEAIQQVDNDFCGDTVNDFDIHMVEMLDDDRLVLYLDYRTELFSEQEIARIIRQFLSVAEHMVQGPHKRIQELSLIS,other
BGC0000437,LCFA,,,COND0000437-Psyr_2614,Condensation_Starter,GHDLTTGCRRLLRAARPPLCEKKCMALALTAAQRNIWLDQMTQGDSPLYNIGGHLEIDGALDYELFQRAVDLLIAKHDALRMVLLDQRDEEGVPLQTFATSMPMPVTPIDLQRQDDPFQAAEHWMQRQLERAFRLDGEPLFRIHLLKLEAQRFYCMIYAHHIALDGWGIDGLCASLSELYNALHDQHTPDLTAPSYVDFIKDDSQYRGSRRFALDQTYWLDKYRDIPEPLLVPRPRPAQIQNEAPSRSGHLSYGLARDLEQQIDDLALSLNASSFHVLLAVLYVYFTRAYQRDELVIGLPILNRPNASYKKTLGLFTQLSSVRLKFSVDLSFAELVQGICRAVKQDYRSQRFPVSDLNRLLELRRAERTQLFDLTFSYERNNHLLRFGQATAHAVKSSNNHEQTPLAIHLRTNAYEAESRLHYIYNEAYFQHDEIAPLAERLRHVLEQGLANPHLPVHGFSLTG,pseudomonas
BGC0001455,AR,,,COND0001455-antaC,Condensation_Starter,GCAMSLQEDDRRPLSGAQEGLWYAGRLAPDSAAYNTAEAVEVHGPLDTGLFEAALRRTVGEADTFALRFVDTDDGPRCRRAPDAADWSLHRVDVSGAEDPEDAAWACVRADLATPVDTEKGPLFSHTLLTLAPDRFIWLLRAHHILLDGYSYKLLGRRLAQTYNALAEGREPDPSGFEPVSRLRAEEEAYRGSERYVRDRTHWAGRLAGLPEPARLTSRTAAPTAPFLRRTAVLEPAEAAALDTAAARLGVSRTDLLTAATAVYLHRMTGAEDLVLGLATMSRLGSAALRTPGTASDVLPLRVAAAPGTPVAELVRAVADELKALRRHQQYRGEFLRRDLGLLGTGRRLYGPVLNIVPFDESPVFGGRPTTWHHLSGGAVDDLQISVRPGARAGGMWLAFDANPALYEEDELALHRDRFLTVLRRLAEAGPATPLRDLDVLL,streptomyces
BGC0000368,AR,,,COND0000368-griE,Condensation_Starter,SAAHSGGAPSPGLPLLTAQSGIYYAHQLAPLGTEFNTADCVEIDGPLDADLFVAALGRAVGEAETLALRVTETGGVPVQRIAPAAEPVVARLEMTEADAEAWMREDLARPVDLAAEGSLMTQALIRVGEGRHRWYQRVHHIAVDAYALSLIGQRVAELYRALVAEEPLPESRFAPLSELTEQEGSYLAGEEYAADRAFWSARMAGSAVAAPRRSPAAALAGEAADGGGPHRTTDLPAETLERLSSAARAAKATWAELVVAATAGHLHRLTGAEDVVLGLPLSNRRGPSALRTPAMTVNVLPLRIAVRPGDTGAELLRRVVLEIREVRRHQRYPQADLRRDLALESAETPLTGPLVNVKPFDGALDFAGTTGTVRNLAAGPVEGLAVGAAPGPDGGLRLTLDADPAVYGPEDLAAHEATWLHYLDGLAELLLTDPARPIGTLDLLT,streptomyces
BGC0002118,SCFA,5.0,6.0,COND0002118-J6386_25975,Condensation_Starter,GPRTASASRAVAGWAGEVSDGQRALWRWQKDRPANRAFYVPFAVRWPEVPDATSLERALRVVAAEQPALRTRFVVRDDDVRVVVAAEPEVRVVRENWRGDEAALIRGLHELSNMPLGGDTEVLWRAHLIEHVTGAVLHVTFHHLIFDGHSAQLFFSRLEEVYDKLMRGEEPVVEPSSGLEAYGAAEAMYLESDTAKLDRDYWLQRFPKGFQPVFPANGDIKDSGGEMERLVIPDALVKAIAGVAAKAQVSPQGVVLTALLEVLSTELGRDRASLAVATDLRVSEGELSSIGYAVNLIPVAADRDTTGRFDQRCARVFGNLLDGLSHRRFPFRKLSLALAELTGDPARCTLDVGFYFQTWQVENHGRLVDGLIPEVHQVGEFPLVFEVVQNTGDWVLNVKFRPAVIAPTQARSLAAALVRGLRERTGADGSFSYPEGNVHDLITAQVQRSAAAPAVYFAGSTVTYAELEKKANQMARRLIVLGVDPEDLVAVALLRGVDLLV,other
BGC0002413,AR,7.0,10.0,COND0002413-DJ58_4257,Condensation_Starter,STPIFADAAAIELPLIAAQPGIWFADQLSHQKNVFTVAHYIELVGPLDRILFSAAVRQGLAEADTLHARFYDSHDGPMQRIPLQLDAADMPELAWLDLSSRTDGRLVALTLMQDDTEADLPADSEDLLFRHWVIRVPDQQGKPVWFWYQRYHHLLLDGFSFTAVTRRIADIYTALLQQKPIGESPFSPFSDVVSEYLAYANSEMQQRDKQFWQQHTADLPAAISLSSINSPVRVEQTDHRVLRQRIDIDPALFGRLTQQGAEQRFVAADMTMALLLIYFARMSGEMRLSVGCPFMRRMGSAALSATGPVVNVLPLQVTLQREMQILDVARAVASELKTVRKYQRYEAEQLRRDLGMVGSQRALYGPVLNFKMFDFALNFGEIPGITHTLASGPVDDLEIDIYLDNGQLALEILANAERYDNASLLEHGARIQFLLQQLATQPEITVGHLILTPEKELQSIDCWA,other
BGC0000958,AR,7.0,10.0,COND0000958-STREPS4_RS11225,Condensation_Starter,MSGNEDDRRPLSGAQEGLWFAHRLAPGTAAYNTGEYVEIHGPVDTALFETALRRTVREADTFALRFLDTPDGPRAVRDGDPDEMPVHRVDVSGEADPAAAAEEWIRRDLATPVDVAAGPLFSHTVLTLAPDRFIWFLRAHHILLDGYSYKLVARRLADTYTALAAGEEPPPAGFESADRLAAEEAAYLGSDRHSRDRAYWTERLAGLPEPVRLTDRTAPPRAPFLRRTAVLSPAETRALDEAAKGMGIARTDLLVAAVAAFLHRMTGADDLVLGLATMSRLGSAALRTPGTASDILPLRVAASADTPVGDFVRAVADDLRGLRAHQRHRGESIRRDLGVLGRGRRVHGPVVNIVPFSEDLTFGGHPSTSHHLSGGAVDDLQISVRPGAEADTVWLAFDAHPDLYEEDGLALFLERFLKVLRELRTCPEELPLGETPVLL,streptomyces
BGC0000369,LCFA,16.0,19.0,COND0000369-hasV,Condensation_Starter,MNQILPLSINQREIYIDQRMWAEGFHLNIGATVIVYGTFKREVFNYAMNKIIDCYPGLRTRIYEVEGKPLQTIANHENANIPLIDFSIRENSKEQAEEYINQEFKKPFSFGENASLVDFQLIRVREDYHIIFAKYHHAITDGWGTAIFFREVIKTYNQIIHDGKDNQIERDWVIAEYIDDEAAYLESKNFQRDRNYWQQRLSDISPNIFTSIKQQELHGQRQSIYISREQYNRVSQLCQNIQSNVFHFILSLISIYLTKRYSKKDLVVGLSLLNRNKKSFKDAIGLFVSTIPFRVDVNGNETIHELLNKIRSLLRQDYRHQRFPVGEMKRISGFQSNNKEHLFEVYLSYERHDYNEYFADTQTSCIPLYSQQQKVPLIIYVREYEENSDIKIDFDYNLSYLDAETVEQITTNFQNLFTEAANNLESTICDLAISLPE,other
BGC0001536,MCFA,,,COND0001536-ATY37608.1,Condensation_Starter,MNKDLIQLFPLTQPQQRIWYSELLYPNTGVSTISLTIKMKGNINLSALQQALNMIICRHDVFRIKITAQNGYPQQYLEEYSDKTFECFDFSGVDREAQALKWLDQHSRTPFELLHSDLYQFVICKISDQEYWYNVKIHHIVCDGISARMFINQANEYYSQIASGQLPEIAENHSYFDFIQTEQDYEESDRYQKDKTYWVDKFSTLPEVIGFKSYNPFTLSTAGKRKNIILEDSLYHNLYEFCKQTKNSMLTVFMTALYIYMHKKTTQNDVSIGTFYANRTTKKEKEMLGMFVSTVPTRVYVDPDMDLSSLLQVVSKEQVSILRHQRFPYNRMMEDLRQTHQHKDLQRLFGASVQYRAMNYSQYENVGIEVDENFCGDVINDFEMNVIELDDHKILFQLNYRAELFTEEEMEQLVQQFFIIIETIIHHPTSKIADISLLR,other
BGC0000296,AR,8.0,11.0,COND0000296-acmB,Condensation_Starter,MFVRPDAELPLTAAQREIWIAEQRLGKRNRVFRVGEYLEIHGRVDLGLFDRAVRLVVGEAQALHVRFTEAHGEVRQALRPPTDWAPTLVDLSAEPDPERAARAWLAAAVARPMDLAREHLFDHALLRLGDDRCYWYQGYHHIVMDAFGTVLITRRTAEVYTALAEGRPVSPSPFGSLDGFLAADQKYRDSEGFTGDRAYWTERFADRPEPTGIVARPSTTPDHYLRRTAALTPGELDGLREAARGARAPWSHLVIAAVAVYLHRMTGATDVVLGLPVTARLDQLQRRTPGTASNVLPLRLTVRPELTLRQLLTQVSARIVELGRHQRYRAEDLQRDLDLPGGLGTWYAPVVNIMSFDATPTFAGLPTTAHSLSSGLVGDLTFAAWDRRDGAGLTVDLNAHPELCPERELTAHHGRLVATLRAIASDGIDRPVGRIDLLT,streptomyces
BGC0001806,SCFA,5.0,8.0,COND0001806-APU91750.1,Condensation_Starter,MKPQTFPLTASQKAIWLDQISQGDSPLYNIGNYLEIQGPIVPEVMQRAVQLMVDKHDALRLALVDETDADGVPLQAFVPAIKVDVPFLDFSTQADPVGTAMAFVEEHMARSFPMTKAPLCRFFLIKLADTHYWSIYQAHHIILDGWAFGEMLQSLGALYSDLLEGRQPDMEATSYVDFIHDDLRYRESARYAKDHDYWQAKYQSLPEPLFAARHHNQFAKGKAPGRHYARPFPVALHERMGELAQDFQASTYHVLLAAMYVYFTRVTQRDEWVVGLPLLNRTGKFKGTVGMFTQVSAVRFSLGRELTFGEVICAVRDGLKQDYRHQRFPLSGLNLRNEGGQLFDVTLSYEQDDHLYQFAQGLGDSVKVSNSHEQMPLAFHLRASNLKDKAWAHYVYNEAYFNAEEIQCLAERFTYVLEQALENAALAVNDFSLTT,pseudomonas
BGC0002654,LCFA,14.0,16.0,COND0002654-UHJ79953.1,Condensation_Starter,MQPVTSRRFPLTLAQQDIYFDQLKRGDSPLYNVGGYVQFGVIDVSRLQAAHTAVVASNAAFGLRVERTTHNVQQHVVAARTLSLPLLDVSADPDPDRAADMVLAEAFARPFDLEGEELFRAFLIKTGLQRYRYAGLTHHVIMDGWGFSNWAAQLSRRYAGEAAAVTSEEDLEQLARSDAEYVDSIEHERDRAYWLAQEVHQVDRLLVPHYRASFKDPGDLRSRRISVSLAKSEVAALAALAQSRLTSTPSVLLGAAAISFAATYAKRELLVGLAVHNRRNRRQKEMLGAFAGIRPMRIATPEDETFTGVVATVTRRQKELLRHARFPWSHLAGELPRDAATTRPFDIRFNYLIVDREPYFGQHESLLHYLSHHREPTPMTVTAWAQPRQQGLTLQLEYNLAYFTDEEAELALLRLRHVLAQVIANPTLSLSRIDVLP,other
BGC0000362,LCFA,32.0,34.0,COND0000362-pstA,Condensation_Starter,MARDDRAFPLTRGQLDIWLSQEAGFAGTQWQLGLLVKIDGKVHRDALEQAITQAVAEAEPGRVSFFEVDGQVVQKPIDYPHVELAFHDLTDHADPVAEAREMSSAIQRTPMPLNGQMFKFVLFQTGHDEFYLFGCCHHIAIDGLGMALVCRRVATIYSAMVAGKPIPDAYFGTVQDLIDLESGYEASPDYAEDKAYWSEHLPPESGPVDRLPDAEGERDHYSPSASVQLDPSVANRIKELSKKLAIRRFSVTTAACALLVRGWSGSGSEVALDFPVSRRVRPESKTLPAMLAGVVPLVLSTAPESTVADFCKHVDKRIRELLAHQRFPVHTLEGDGLRQAPNRVGINFIPSRLTLDLAGSPATASYTNHGPVGHFGLFFLGAGDQLFLSTAGPGQPFASFGVADLAGRLQQILAAMTEDPDRPLSSIELLT,other
BGC0001416,LCFA,,,COND0001416-AL066_08505,Condensation_Starter,MNQRLDLSESYPLTAAQRDIWLDQMTQGDSPLYTIGGYIQIKGRIDPERFQRAIELLIQKHDALRTVLLPNVGEAGAPMQALAAAMVEKIELQDFSGHADPEAAVQAWMQQQIEIAFPLDGRRLFRFHLAKLSETSFYFVAHVHHLIQDGWGISLMFDSVGELYSALENNQQPDLSAPSYVEFIHDDARYRDSPRFARDQAYWLEKYRDVPEPLFVARYRDQYPDRGAPSRVVTQRYAHSLNDRIDALAQSLQVSRFHVLLAALYVYFVRTPERDELVIGLPILNRSNANFRNTLGLFTQVSAVRLQFSDELSFAELAQEIARTLKQDYRHQRYPLSDMNRSLGLRRDDRAQLFDLSFSYEQVDHQFMYGQAPASVVKSSSNHEQTPLTIHIRTSPHDETAWMHFTYNEAYFKQTDVEAMVKRFMYVLEQGLADGALPVHGFLLPT,pseudomonas
BGC0001211,SCFA,2.0,3.0,COND0001211-AMYAL_RS0130210,Condensation_Starter,MVEALPMDRGFPLTPAQQGIWLAQQLDPADPVYTIGWVAELRGDIDVTRLGDAVRRAVAEAECLHVTVGLEGDTPVQRPVTPGEVAVLDFTGEPDPDHAADEWAKAELAVVADLGRGPLTGHALLILAEDRVRWVQRYHHLVMDAHGQAVLTRRAAALYSGTAGEISWPLSGLTEAVDHGEGDREYWAGELAGRPNPVRLLGRASSGPIRLRRHSWELPAAKTGRLRKFAFDTGTRLSRVAIAAVAAYAHRVTGAEDLVLGLPVTARTTRALREQPGMVSNVLPLRLTVRPETTPARLVAQVAEKVSVLLEHSRYRGEELARDLGASGGVHELVGLSVNFMAVDGELAFGDASATVHNLELGPISDVAIAVYDAGEGRGLRFDFDADAAVSSDGELAEHRRRFAAVLDALVAGPDLPLAAIDLLT,other
BGC0000305,LCFA,10.0,12.0,COND0000305-arfA,Condensation_Starter,PAVATPSASLQTYPLTAAQLDIWLDQLSRGDSPLYNIGGYLDLSGPLDPARMQAALEALVARHDALRTILLPGAGADGLPLQQFARSVAVPMPIDDVSAHSDPESAARALVQARIDQPFVLDGGCLLRFLLIRLNDQRHWLSVQAHHLIVDGWGFGEMFKSLDEIYNALAHGQPTPVAAPSYIDFIEANARYQASPRYAQDRAYWLDKYRQLPEPLLLPRHQQSLAGQTAQTQVYAQPLPALLHERMQQVARAFGASAFHVLLAALHVYFSRTAQRDEWVVGLPILNRSGARFKSTLGLFAQVSAVRMGFGRHCTFAELVRAIRDELRTDFRHQRFPVSEMNRALGLLREERSQLFEVTVSYEQGTHDYRYGEASGRIIKASNVEEATPLAVHLLSNLANDDARLYLIYSEAYFSADEVKALAERWLLILEQGLEAVNLAVADFDLST,pseudomonas
BGC0002473,AR,7.0,10.0,COND0002473-B090_RS0102665,Condensation_Starter,MQTMDSLAPLTRAQHSMWKGHHHHGSYPFHTAEWLVIDGPLNRELFHQAIEFTLKEAKALHWRALEKDGRVYRIDDVDVRPPQFADLSHLDDQAILDWADCAVEPPFDLSAGHLYDYVFAHLDDNKYGLFFRAHHVALDGYAYGLMINRFLDYYQSLKNASALKNKAFDHFEKFLADEQRYLASPKAEQDLQFWRENFSHELAPKKRLKRKLKQPFYQGPRYEEVIDWETQQKMNALAAELKLPSAMVVMAVMMSYLVKQSGDSKQCFGVPMMSRLGTASMRIPCLVMNILPLRLAGTGQENLKETVQLLAQRFAEVRPHQNSYFEQMRFVLDGFDPFDNILFGPIVNWIPYPLPEYFEGCHLTKTTISAGPIEDFDIAITNKFVDGVERLYLAVDGHKELYNVEALGEYWHDFMRMLRLWLQQPEQLANQLSIEK,other
BGC0001873,SCFA,6.0,7.0,COND0001873-Xsze_RS17115,Condensation_Starter,MYTLQALPLTQYQKEIYYETQRNPESNQFTISIARVLKNNINFEKLFHSVNTVLENDITCRLRIIEHEGMLEQEIQNTVTNQAKIINAEGEEVNELFKKWSKRVFNLDEKSLLEIALLQNLKNNDTAIFIRAHHIVCDGWGINQLAKKIAKCYHDSLLIQDNVVTEEVLSDPCHFEKNVEKYTSAILEQEEILSQPETEQQITALAALAQHHDPAFFNRKKKTHLSRFVQHRHILTQAEMEKTLSQGINPYLAVMSAVAVLLSRIHNNTRLTMGVPLLNRRMSQLDIAGQWANTLPLAVTVNAEDTLAELASRIRTGTKELKTFEHIPLGRLLKFMGTVVRQGFDVTVSHNYSPMTGASRDTYQNEGVYAAATAHENDAIAIHVHTYGGNSDVAIDITGAEDIFDEDYSFETFTASLGHVIDQVIASPEKTVSQVTLSSAEEMAQLALFE,other
BGC0001437,AR,7.0,10.0,COND0001437-obaI,Condensation_Starter,MSASFTTALTSAQQSIWMGHQFDPQSPAYNVASYIEMSGDIDPQRLQHALQRAVDDIEALRARFHEDETQGGALTQTILAQVAVELNVFAVDAEQARSWMESDLARPTDLTSGPIFSSALLQVAPNVNYWYFKTHHIVMDGVALSMLFKRVADLYGQAPDLCSPSPFGSVRQVLENEQAWRASPAFAQDREFWQQHCQDMAEVASLNSDVAQPSYQAIQHRRVLDESIMASLRERAEAMDSQWVNVLLAAFGAFVGRSTGYRQVTVGVPMMNRFATGAINVPCTLANVLPLRLDIKPGQSVEQLVASVQAQLDRMRPHQRYRAEDIRRDCNLLGDNRRLTGPQINIDFFSAKLSFDGVPGEVNVLSAGPADDLSLLIQTPADDKTLNIIAMANPALYSRAALERHVQRFIDFVERFAAASDTPLGQLDAYD,pseudomonas
BGC0002696,AR,7.0,10.0,COND0002696-AWH04_05480,Condensation_Starter,PGLNSGAASEATFALTGAQLGIWNAQRLDPESRSYLVGEVLEISGDEPIDTELLTAAITATIGEAETMRLRMIETADGPRQYISDEPVGIIPITDVRDERDPVAVAHALVDAERSRASEYCRLMVERPLYTYSLIRLSDREIWCIQLYHHLIVDGYSAAMISRRVAAHYTAAKKGTEVAPTRFGSMTDLVSEDEAYRAGEQFAEDRDYWRDVLTPLPALDGRGQQVTGPAERTIQVREVITADALSCLKEVADATGTTWAEALIACYGAFLHRLLGETDVVIAMPLMARVGRTALKTPAMAVNVLPLRLTIRSHDRLGDLSKQVAATMKSLRAHQRYRGENLARDLGVAGTGALLHGIGINLKAFDFALDFAGAVGVLRNVAGGPPEDLGLTVTPIADGEVLLGFEVDARTNTRESVQRRLAGFVSIVNAMVGEGDPAVGQVEMMP,other
BGC0000346,SCFA,2.0,3.0,COND0000346-epxD,Condensation_Starter,MATTLPHEQARPLTAAQRGIWYAHSSDPTNPAYYIALYVDVPGPVDRAVFERALRQAVAEAEGLRVCFPQRDDEPSQVVTTPDWSLPVIDFTAEVEPWSAARAWLHARLDQPFDLAAGPLFDFALLVLSADRVLWYARYHHLVIDGVGINLFTRRVCAIYTALVSDTPVPPNPFGSFGDYLDEEARFSSSEEFVAARRSWEKRFADAPLPVRLADGAGDLARDVLRRTTELTPDQVDRLRTAAARAGTRWFGLVVAAVAAYLGRMRGADEVILSLAVTGRASELATTVPTMASNVVPVRLPVRPEMSWAELAAEVAAEIGHARAHQRYRGEDVRKDVGSWDGGRYFGPVVNFMPWDGEFTLGDRTASAHSISTMPVDDLSVVCYRTAGGGLRIDTDAHPDRYREGELETHHRRLLRLLETLADTGPQHRLGEVDLVD,other
BGC0001519,LCFA,13.0,17.0,COND0001519-STRAU_0349,Condensation_Starter,MTPDTLNHAMTMWEVNGALDTAAMESAFRHVMDEAEVLRVNFVDDDNGLRLAVQDLGDWRPFFLDLSAEPDPDQAAREALADIVKQPFDLEHDLLFRLGAVTLAPDRCLVVLAYHHLISDGFGAGGLLSRRLAEVYTALVSESEIPPQPHPWDAASFANEATRYLASDTFTEDTEFWRDYLKDAPAPAQVPRIALTDTQRSALDEPMSSADRWSEVAGSIGMVSRTLTVPRAEADTWTQAAQSMGVWMSSMLTAAAAVFFRHRCDHPEFLLSLAVGNRVGAAATTPGLAVNVVPVRIKVPLTATFAEIADAVVDETYEIFGHTACHYSDIQRASGTVLSGRGSYGAVMNVVEFVEQLHFADHPARYFPATTGVFDELSIGLCTDGSPDSDLFLRLDAPATLYSRAELRVIGAELIDYIRAVVAAQEQPLGALDVIG,streptomyces
BGC0002493,AR,7.0,10.0,COND0002493-Pden_2387,Condensation_Starter,MTHHQAEGLWLPLTLAQMDFWEEFRFHPGEAVSTVAHAIELRGVADPEALAGAITATIAETDIMALRFGLGADGRPVQRVDPTQRPRLRHLDLSDRADAREHALALMQADVDTALDLLDQPIAAQWLIRLAEGHYLWFNRGHHIALDGYAMGLIERRCAQLYAALAKGADPGQPLRPLADYLNEETDYRASPRHAADGRHWAEVLAARPRPRVLCKGSEDYPAEALCAAHDLSALRPALMRQAQAVGMGWPDLLTVLCSAWAALHLRDGSAERLADDHGRIAMPVWLPYMSRMGSVAVSVPALVVNILPLDVTLHPAEPLGEALARLGGRLRKLRRHGRYRIEQIAEDYGMEPRSRFFFSPLINVLPFDEARFAGCETARHVLSNGPGDGFNITIRGDGEAQGLELLVEADPTLTPPEDFARLSDGLPRFLSAALVPENLPLPLAGLPG,other
BGC0001599,MCFA,8.0,9.0,COND0001599-I35_4189,Condensation_Starter,MTDSTLQLPLSAPQRDFWEAALAYPVPSTHIYAAEYFDIRGALDTGAFERALRQVIREAQTLHTTRIVLDGDTPVRVLDAALADDWTLEHVALAGTKDAHAIALAGMRAHCTGAIELARGPFFRHTLYRIAPDHYYWYHGYAHILVDGYSGSLIATRAAELYNAFASGAKAPPARFASLAELQLDEDAYRASEQFAHDRRYWLERFADQPRTVTLAGPARFPERDDGPDLRETRLATATESARLEAVARDLFTSTVPRLVTALTAAYLYLNTGAHDIVLSVAAMARTSARERRTPAQCANMLPLRLHVEPGHTLDDLCRQANREMIALRQHQRYRMGDLHRELTSLDNGQGVFGPEINIMAFDYDLRFGDCVTTSHNLSVGTTDDLMVNLTDRRNGEPLRFDFDASPQYYSRDALNAHVGQFLTFMRVALDEPFATLGALESRL,other
BGC0000434,AR,10.0,13.0,COND0000434-swb16,Condensation_Starter,MASATGVTAAQEAMWLAQKFAPAQPNNVVTLWNVDGGLDVPLFTSALHMVMAETDPLWVNFRRGADGLRVIARDPGTWAPFHLDVQDAPDPDDAARAAVASLTSEPFDLARDALLRVGSIRLGPDRHLVVLIFHHILTDAFGVLMLLSRRIAEVYRALYEKSDVPGCVARPAGDAAAADAAYRTSRRFADAERFWRDYLAGEPTAARLPTGVRPPEGAPPSERGPWDFLTGPLGMTTRTATVPAAERASWEGAAQRLKTSVPDLLSAAAAAYLQLMCGPSAPLHTITVNHRTGAARQALGLYSNRIPIRAAAAPEASLVELAVALGRERRGVLRHARHELALIKRATGHAAEARSPFGTIVNVFPFVEALDLAGSVARFAGGTFGLVDEIMVSLYTDGTADSDLYVRFDAPAAHYGERDLAGLADSFVPFLRAALADPARPVADISPLG,streptomyces
BGC0000407,LCFA,16.0,18.0,COND0000407-ppsA,Condensation_Starter,MSEHTYSLTHAQRRVWFTELLEPNTSICNLTACVKFKGNIELDTLEGALNHSISRNDAIRFQLLEGEELEPRLHLTEYKYYPLRIIDFSNVEMIEIEQWIQDQASIPFKLINSPLYQFYLLRIDSHEVWLFAKFHHIIMDGISLNVMGNQIIDLYQKMKKKDPLPDQPEPSYLSYIEKESQYLQSPRFAKDRLFWTQTFEHPLEYHSLADQTSLQKQSTSASRDTIILSPDLEQTIRIFCEEHKINIISLFMASFYICISRITSKKDLAIGTYYGNRGSKAEKEMLGMFVSSLPIRITVDPDTDFLSFVRTIGREQLSVMRHQRFPYNLLVNELRNEQKDLHNLIGISMQYQPLQWHNADDFDYETALYFSGYTANELSVQIQERIDNGTIQLNFDYQNTLFSLEDIKRIQSHLLTILENALHHPHSFIKELD,other
BGC0002314,SCFA,2.0,3.0,COND0002314-DMA15_34330,Condensation_Starter,MMNGKAGRTLPLLDSQEGIWLAQRVEGSRRMYGVGQYVQISGPIDARLFERALRQVVGETEILRVRFVEDGDKVSQVLAPEHLPGPFLGVPLLDSAPLLDSVDLSTEDDPETAADEWMRAELNQERGADSDRPFSYTLFRLAPDRHIWFQRYDHLLMDVFGCSLVARRLAHVYTATLRGQAPEPAGHAALGELLEEESAYRASDRYARDRQYWLDRFADRPDLPDVPGPGPAARTERQPEPHPEPEPELEREPEILRETGHLAPSAVRALCAAADRAGVSWPRLVVAAVAAFTGRMTGSAEAVLSLPVPGRASDQARRTPCTMANLLPLRLSVAPGTSLVDLAREAGSEIEGLLAHQGFRGERLRRELNWPVGDRWHFGPSVNVMPTAGESLSFGEHQGVVRDLSSRRVEDFGVLVSGWSAGEGMRVTFEANPALYSRDWLRAAHRSFLTFLESAVGDPSAPVGRVDAVD,streptomyces
BGC0002685,AR,7.0,10.0,COND0002685-ROTMU0001_0989,Condensation_Starter,GTASDLRTAANPSAQHSADSPWLPLTTNARGIYFAAAIDPTNPCYNTAEVLQCPADTDLALLREAFEQLYRENEGFRVRTRIADGAASQQILTEEAFLAGIDLLVDDGELDGGELEEGELSGTAEAGEENASDLPESALPDSDLPAPVRSWAQRLLAQPLATDEGVTVRSAVARYGGFLWVYHSFSHVVADGFAAFNGLSRVAAIYRALSAGQPVPATRRMSLQQLLDADDAASDARDEDVAFWEASGALEQEDTSLAGRTASPSAQSVRLAFSIDVPTQQALLDAAKQHAVSWPVLATAAVGSYLARVGGYPQASFGVPQMNRMFARTLPEATRALGTASAQTGCTAVNVLPVQVAATGPIAESLHSVKEQYARNAEHPLARQEDLERTARNAQSRLFGAQINMVPFDAVLPLAAPSKDESGAAVPTARIHNISAGPVADATFTLRGMPGRGNSISCEIDMNPALYTAEELERHAARLREWLPAYAAEAQREGASLNNLG,other
BGC0001114,SCFA,,,COND0001114-tstDEF,Condensation_Starter,GNDVETWLKRHLMVDAEAPLSRNQRGIWSRQMLYPADPLYNVAVACTVGASFDRALFRRACQRFVNCHQLLNVRIVADGRELVQRVDSARELAWREFDLGETLEACRERARRDADVPFSLDDGPIYRIHLHVAASGETVVLLAVHHIVCDGASVSRWLSTIWQDYRAMKRQCAPSAVPDGASFVDFVKHEADYLDSAAGRKSLAYWRMQCPNGLPPLDAALDPAPAAADASVFATERLSFAIDGALAGRVHAFRKTGSSSPSTLLMGAFALALSAWRGKRCFTLGLPTLGRPGSGFASSIGNFANLVPVICDLDPAQPFSQWLDGCQRYVYRALDHWYPFAELLRALPRHAGAPPSIQAVFAYQKFGDAIDIGALPERLADTIELAFVDDVFQRDEYPVTCEVVEAGDAWTVNLKYKSAVIGGDAARALQRTFVAVLDEALADPDRPVGALTARG,other
BGC0002467,SCFA,,,COND0002467-YWY_RS21605,Condensation_Starter,MPLTGAQTGIWLAQQLEPDNPMYNIAFRLDLRGRVDVGRLRQVAEQAVTETDCLHYRVTGTVGEPRLVPARLPVQVDLVDVRDADDPAAVADELMRQDRTQPVDLARPPLFRHVLLRLADDWVVWYQRYHHILIDAYGVGLLTMRAGALYTDPEAAGPAPAWEAVRLYEDDARYRSSEDFVADQRFWHQYLSGAGEPARLVPRGERAVRDGIRASVVLDERRSASVRSAAERAGVRPSRVMIAAVAAYLHRRTGAVDVTIGLPVTARLTEVQRAVPGMASNVVPLRLTVRPEMTGAELIEATDAAVRAVRPHVRYRGEELGKELGSADGVADLVGPTVNVLPFVEPVFGDLRLAWDPLWLGPLNDVTITVTDRHEAGLRIDLDADAAVTGEADMAEHRTRLLATLDALTAAPDQQLARLKLVT,other
BGC0001567,AR,8.0,9.0,COND0001567-SLINC_0744,Condensation_Starter,MTLSAAQRSMWFGQRLDPAGPAYNVGEYTEIHGPVDPALLRAAIRAVVDATETLRVRFVADDDTVRRIVEAAPHWDLPVVDLTGEDDPRTAAETWRAADFTTPFALDRAPLFRYALLKFADDHWIWYQRYHHIAVDGYSCSLVAARVADAYTALAAGTAPAPPPAPLAALVAEDAAYQAGERHASDRTYWTEALADRPESVSLSTRPSRVAGRFERRTGHLPQAAGDLVHACAAGAGTRWSRVVLAATAAYLHRLTGAREIVLGLAVTGRESETERATPGMASNVLPLRLTVRPDTTVHDLVRQTASATRDLLAHQRYRGEDLRRELDWPQDGRRFFGPVVNIMAFGPELRFAGHPTTRHNLSTGPVEDLAVNVYDRADTDGIRIDLDASPAHYTDAELTAHHRRLIHFVERFAAEPAACVGTLELTL,streptomyces
BGC0002491,AR,7.0,10.0,COND0002491-TW75_20440,Condensation_Starter,MSNWPLTAAQLGIWLGQAKQPTSTRYNTAEYVELNVPINAEDWLLTASRVLQSTTAINVRFIEHQGVPTTQLLSEAERVAKLGDYIDLSESDDAAFAAQQLLIKWQAQSYDLANGDLYRHVLIRLATNHYYWALGAHHIAMDGFSFALVSNRVIQAYEGAQVTADETQYQAVITEDSQYRQSKWYQQDRLYWHQQLQGLDNAAALTTQVLNTEADKEKVTTQLSATLLNQLEARANSVDANWSELLLTVVSAIVYQRTGVAKTIMGMPVANRMASKAANTPCMHMNIVPVPVDFVLVESFEGLIRQVSEQLRQARRHFRYRYEDLKAEAVTLQLPTRLFGAVVNILPFERHETCQGEAVTSHTVSAGPVEDIAFIFIKQMDGRIRFEIEGNQSGYSKAELLSIQSETLQFLHAVAVDLQMPLRVTNRDFAISETPAPVEQSDVLS,other
BGC0000371,AR,7.0,10.0,COND0000371-RER_27010,Condensation_Starter,GSNSGAANEATFALTGAQLGIWNAQRLDPESRSYLVGEVLEISGDEPIDTELLTAAITATIGEAETMRLRMIETADGPRQYISDEPVGVIPITDVRDERDPVAVAHALVDAERSRASEYCRLMVERPLYTYSLIRLSDREIWCIQLYHHLIVDGYSAAMISRRVAAHYTAAKKGTDVAPTRFGSMSALVAEDEAYRAGNQFVEDRDYWRDVLTPLPALDGRGQRVTGPAERTIQVREVITADALNRLKEVADATGTTWAEALIACYGAFLHRLLGETDVVIAMPLMARVGRTALKTPAMAVNVLPLRLTIRSHDRLGDLSKQVAATMKSLRAHQRYRGENLARDLGVAGTGALLHGIGINLKAFDFALDFAGAVGVLRNVAGGPPEDLGLTVTPIADGEVLLGFEVDARTNTRDSVQRRLAGFVSIVNAMVGEGDPAVGQVQMMP,other
BGC0001502,AR,7.0,10.0,COND0001502-AHA_2476,Condensation_Starter,MNRFPLTIPQQGLWSGHLLNDDKAMFNTAECIAFDGKVEAAVLAAALAKAVGECEALKGYFEDDKEAVCFVSHELPLAYEEVSLERDDETLARAWAWADLRRPFELTQEAPCRFALLRGPGRDYLYSCVHHIALDGFGTTLLFQRIAELYAEGLAGEMNSPSPFGSLAEVLAEEASREQSGKNAAARVFWQEQLQGWPEVKSFGETRAPIAADFIRESRPLPAALWQSLTGFADEHKLGWPDLLLAGLSAQLSLSSGQDKTLLGLMMMNRIGSASLTVPCMQMNITPLALELEEGLSLAGAAGAVAKAKRGVRKHQHYRYELLRRDLGLVGGDKRLFGPLVNIMPFDHARRFGPLSAHILNISAGPVEDLTIEVQVGVDGQPRLDLDANPGCYCQADLAAIADILFALLGRWLAEPAQTLGTLKADWLA,other
BGC0001890,AR,7.0,10.0,COND0001890-VIBHAR_01401,Condensation_Starter,MNMYDLPYTAEQLLPLTDAQAGIWFAQLRDPENPIYKTGEYLVIDGKVDEPCFVEAVKTAIDEVDSLHAKFVTTTEGPRMVIDRQNWQVERIDFSQQDAPLDAAVDWMKSELKQPVDLEQGPLFVMALLKLSEDQFVWFLSLHHIAIDGYSMSLVAGRVAHIYGQLAQGKPFDKIEFVDQQALLKEDDDYKASEKYQKDRAFYLQRYADHSDTVNLAGKPTVTSDRFLRLKGAMEVDDFQRMESLAKQCRTHWYSVLIASIAAYVHRMTRSNEVVLGVPLMGRLGSVAIQTPAMRVNILPVRVSFEQGLDIKMLVKQVNQEFSSVRRHQSYRYEELHRELNLVKDNRNLFGPLVNIMPFEYEHKFGELNSKAHNLSAGPVDDISFYCYELDGQLHIDMDANPELYSEKDIHEHQQRLFHFMSDFFAIAQAQDPALCQVSDINILL,other
BGC0000323,LCFA,12.0,14.0,COND0000323-AHZ34232.1,Condensation_Starter,MSAADVFPLTAAQRDVWLDQISRGDSPLYNIGGYLNLTGPLDPVTYQRALEHMVASHEGMRTVLLPGASADGLPLQTYAESMPVPMPLHDLSDQPDPVSVAHALTLEYMQRPCMLDGSPLFRFCLVRLGEDHHWMICVVHHLIIDGWGFGQMIKSLGEHYTALTEGSRLDFKGPDYRDFIQEDARYHESPRYERDKAYWLEKYSNLPEPLLVSRYHNRRATDPAPSHTWVQNFPEALHTRMKQFAESNGSTAFHVLLAALHVYFTRTAQREDWVVGLPLLNRIGARFKATMGHFAQVSAVCMTFDGQLNFGSLVKEVRDTLKRDFRHQRFPLSELNRNLGVAREERGQLFEVSVSYEQEDHEYRYGEAQAQTVKVSNGYETTPLAIHLRTNSFNDNAWLHLVYHRAWFEAGEAEAIASRLLQVLEQALENPELRVEDFDLLT,pseudomonas
BGC0002125,SCFA,,,COND0002125-frsA,Condensation_Starter,MKNSESPIHHFQASSAQLDVWISQEVSPNLPNNIAEYLNLAGSLDAGLFLQALSQVASESAELQYNFRHDGLQLTKFRRDDEGWEPDFIDVSTHGEPEHAALRAMRERVEKPFDLARDALFRWTLIRLADERHIFCHVYHHIAMDGAGYVMLLQRIAEVYGALREGQPAPACGFADADAIVREEERYRQSEQFAVDRAFWQARSAELATAEPPLPAADGPFLAFAQTAVIPEDACGGLRMTAERLGVSQSRLLTAAIVAYFHRWGGQQEILFRLAVSARSDATRHAPGHLAHALPLLASLPPRASLADIARQLDGEVERMRPHTRYRAEDIVRDQAGAGLGRGAQGPVINLMPFAYRFEFGACRVESAHQLTVGVLDTLEVAVHDRKNGDGLHLDLYASERGCPPEPLRRHALRLARFIVEAAAEPSQPVSDIELLD,other
BGC0002638,SCFA,3.0,6.0,COND0002638-DMH02_027320,Condensation_Starter,MNGQENSTLPLSECQEGIWLAQRIESSRGLYHIGQHIEILGPVDTRVFELALRRAVEETDILRVRFVEDSAGRVSQWIGPPPEWNMPVVDLSGEKNPWQAAGTWMRGELGRVNDPTEGGLFAHALFTLAADRHVWYQRYNHLLMDGFACSLMGRRVADLYTAMLRGAPLRAPGYAPLGELLAQESAYRASEQCARDRRYWHDRFADRPDPAAVPGHRPAAAPGGVVRATGHLPPPVVAALHAAAAGAKVSWPRFLVAAVAAFTSRMTGADEAVLSIPVAGRTSAQARRTPCTMANMLPFRLPAGPSANPAELAREAEREATGLLGHQRFRGERLRQELDWPSGGRWHFGPSVNILPLGANLRFGECRGIVRDLSSRRVEEVGVVVSGWSDDRGMAVALEANAAHYDEDWARAGHRSLLSFMERVVADPSVPVGRIGVLD,streptomyces
BGC0002735,LCFA,11.0,14.0,COND0002735-ABB07_39195,Condensation_Starter,MWDVDGELDAAVIRSAFLHVMAEAEVLRVNFADDGGGLRLIPRELGDWQPFSLDLSAEADPEQAAREALADLVRRPFDLERDLLFRLGVVKLAPARSLLVIAYHHLISDGFGAGGLLSKRLAEVYTALVRGERVPELPHSWDAESFATEATEYLASPKFTEDSEFWRQYLTDAPPPAQVPRVALSDAQRSALSEPLSSADRWSEVAETIGMVSRTLTVPRAEADVWTDTAQSMGLWMSQMLTAATAVYLRHRCDRPEFLLSLAVGNRVGVASRTPGLAVNVVPVRVRIGLGATFTEVADALVEETYELFDHTACHYSDIQRAAGTVLSGRGSYGAVVNVVEFVEQLRFGDSPARYSGATTGTFEELSIGVYTDGSPDSDLFIRLDAPASLYHRAELRFIGEELIAHIRAVVAAGAQPVGALDVVS,streptomyces
BGC0002492,AR,7.0,10.0,COND0002492-MXAN_3643,Condensation_Starter,ESLAMGETHEAGWPLSAAQHGIWVGQQFDLTSAIYNAGECIEIRGPLVVEHFESALRQAIDEAEALHARFVPGASGPVQFVQPRASWQLHVADVSHTPDPWAAAQIWMHEDLTRTVDLGQGPLFAEALFKAAPDRYFWFQRAHHIALDGFGFSLVARRVADLYTARVTGKPATNGFGSLRAVIDEDAAYQGGVQHAADHAFWVERFTHGPTPVTLAEPAPMTPRFVRQTRHLSPADLERMQAAAKQAGLTWPDLVLAATAAWLHQHTGAPEIVLGLPVMARLGSAAIRVPCMAMNIVPLRVPVRPDAGLFAMARDVAAELRAMRPHLRYRYEQLRRDLKRVGGQRRLFGPVVNIMPFDYALRFAGMPAFAHNLSAGPVEDLSIGMYARSDGSGLRVDFDANPACYSPDVLDAHQLGFLQLLESLVASPEQPVRAAPAPA,other
BGC0002373,AR,10.0,15.0,COND0002373-bnvO,Condensation_Starter,MSESQSTSHSLLAAQTGIWMGQSLDPSSPAYLWGNYLELHGPIDVPLFQAVVARVVAESETLHARFVDGPDGPRQISVPPTDWTLPVVDVSDEPDPLRTVDAWVRDDLAAAPDLRDGHPFRQVLFRAAPDRFFWYQSYHHIVLDAYGSALINRRVADLYSALRAGAEVSPDNPFGSMAALLAEERSYLASPQHQADQEFWSERFADRPEQISLTRASAEPQNRFVRYRHEMTAAATRSLTEAAGAFGTRPSRLLIASTALYLSRLTGSRDVVLGLPVATRLDPEARRTPAMTANVVPLRVTVHPAMTAAELVAQVSGELRSALRHQRRRGEDIRRDLQLPGAPRRFFGPVLNVMRFETLRFGECASTMHNPAAPLLEDLSIVAYDRPDAEGLRIDVNGNPRLYTADDLHAHGSRLITTLRTLADQPDRPTGRLDVMS,streptomyces
BGC0001919,AR,8.0,12.0,COND0001919-natB,Condensation_Starter,MSVHEAAGRPLSGAQEGVWFAQRLDPANAAYNTGEYVEIHGPVDPGIFETALRRTVAEAQTFALRPADSGDGPRATLRADGQWPLHSRDFADEPDPPAMARRWMDADMAEAVDLTEGPLFTQALFRLAPDHWVWYQRAHHILLDGYGYTLVAQRLAAVYSALATGAEPGESPFAPLDRLLAEEARYRASERRERDREFWTGRCAGAPAAVSLTEGTAAPSAGTLRRSTALSAATADRLAEAAARMGGSRPDLLVAAVAAYLYRVTGAEEVTLGLPCMNRLGSVALRTPGMVSNVLPLRLAVRPDTTLAGLVGQVAAEVREVREHQRYRGEDLRRDLKLLGGDRRLHGPVVNLVPFVNDPEYAGHRTTYHHLSGGPVEDLSVTVRPGPGGSGLDIALAANPALYTEEQLADHERRLLLILEQFAEAGPGLPVAGLSLLL,streptomyces
BGC0000450,AR,9.0,12.0,COND0000450-MIPLSYAQRRMWFINRFEGPSSTYNIPLLLRFHGSLDTAALRAAFQDVLV,Condensation_Starter,IPHLRGGLWMGYTGVTAVQEAMWLQQELAPDRPNNVVTLWDVDGDLDIPLITEALRTAVSEAGALTLNFRRDEGGLRAVARDPERPEPFHFDVGDAADPGDAARAVVAELVSRPFDLGADALFRIGSIRLGATRHLVVLVFHHIVTDAFGVVTLLSRRIAEIYRALRSGSAVPELPANARGDARQKDAVYRASKRFAEAEEFWRDYLADEPAAARLPAGVRPAGDGGAAGPWDGLTGPLGMTTRTARIPAAELAAWRRTADTVGTSLPDLLAAAATAFLQHMCAVPEPLHEFTVNHRVGAQRLSLGLLSNRLPVRVEVPPAATLVELAEALAQERRRVLRHAGHDVSLIKRATGHAGSVRSPFGALVNVIPFVEALDLAGSVARFAGGTFGVIDEVMISTYTDGGADSDLFVRFDAPQAHYGDQDVAGLADRFVTFVRAALADPRARLGDVSVLS,streptomyces
BGC0001825,AR,8.0,9.0,COND0001825-XNC2_2611,Condensation_Starter,MRISENSLRPNLYPLHPSQEDVFYEQALYENNPIHNLNWYTVIEEEVDITLLQKVWNVLHQHIDMLRLRISVNADNEAIQYLEEQSKPEAIIFHDVAMQAEPEKSAILWMKQHLEIPMDYLKETPYQIFLIRLADEKYYFFTKIHHIMIDGVGLYRLHKYVHKSYKCFKHGTSIAWLSDIPQYLTTITKAREYLSTIHYEEDKKYWLNFLKENEIHQLTPYYKNTGPGNSTLILPLQTKKDLLVFCNEHKTNLLAVFSGLITIMMIELTGQQELVFNTITHGRREKAEKYVVGMQTSTYPVYCHISSTSSVIEQIKRMELALKDSYRHSKFPHSHLTRLASQHRFSLPNISIFYERFYESAAEITENQYHHLDEVFNIYPIVFRLKDYGYNQELKITIDYRQEYFSEPDISRILERSQNLFVALINNPALLVSELPILLEQERQTLLHIWNQPDIPYPQTCTLQQQFEAQAAARPDSVALVF,other
BGC0001346,LCFA,12.0,13.0,COND0001346-banA,Condensation_Starter,DAADGLSATSETFPLTAAQRDIWLDQVRQGDSPVYNIGGYVEMTGALDPALMQAALEGLVARHDAMRTSLLPGAGEQGLPLQRFLPSMPVPMPFHDFSAHPEPQAAARRLTQERIEQPFKLDGGPLFRFCLIRLDERCHWFSLQAHHLIVDGWGFGEMLKSLGDIYNALALGQVPPDSAPSYIDFIHDDARYYQSDRYGRDRAYWLDKYRHLPEPLLLPRYQERFAGATAPTRIFSQRFPARLHERMKQVAHEYGASALHFLLAAMHVYLSRTGQRDEWVVGLPLLNRSGARFKSTLGLFTQVSAVRMGFGRELAFSALVKAVRDELKQDFRHQRFPLSEMNRALGLLREDRSQLFEVTVSYERDAHEYRYGEARGRVVKVSNHEEGTPLSVHLLSSRSDDEDSLYLVYNEAYFDADEIEALSARLLWVLEQGLENSALATGDFSLSLPAETALLQ,pseudomonas
BGC0001826,,,,COND0001826-Xekj_RS17945,Condensation_Starter,MRKAEDHFNPDLYHLHPAQENIFYEQLLYENKPVHTLNWYTLIEENVDITLLQKTLNLLYQHIDTLRLRIFINAENEVVQYIQEQSIPTLINEYDVSTLSDPENHAFLWMKQQNNIPIDYLNEIPYQFTLIRLSNEKHYFFTTFHHIFIDGVGLYRFHEYVYKLYTCLKNGTSTTWLSEIPQYLTAVKKARTYLNNLNYEDDENYWLDFLKKNEIHQLTPYYHNKGSDNQTLTLPLSVKNDLRTFCHENNTNLLAVFSTLASIVIAELTGQQEITFNTTSHGRTTKSEKYVVGMQANTYPVHCHISRASSIVKQIKQVESALKNSYLHGKFPTSHLTRLAQQDGVSLPNILILYDRFSASDTEIDQIQHFHIDTEFNINPILFRLKDHGHDQELKITIQYLQAYFSNSEVNNILKRLNNLITATIDNPAILV,other
BGC0002430,MCFA,,,COND0002430-gauA,Condensation_Starter,MNIRRAGHDPLPATAAQRGVHIAEKLDGDAGAFHCGAVLELTGHVETDLLRRAVARAVADAETLRVRFTERDDRLLQHVLAPAAAQAEAALAEVDLSGARDPAAAADAWAADRLAAAPALVGGDPLVAHALLRLSPSRHRLVLTYHHVVLDGYGQSLHTARIAEVYTALAAGRTVPGATAGSLAALVEQDRAYEESARHEDDRAYWLERLAGADVPGPSRYRGAGPRVRSRGRLTEERTRPVVEAARVAGVPWTVLVIALVAAYRRAVGDRDEVLFGLPLTTRVGRAALTTPGMLANELPLRLAVGRWDTLADVVGRVRGALGPALRHQRYRGEELRRELGWAGAGFGALMVNVMAFDRTLRFGSVEAVTDQLSTGPVHGLTLNVHGAPDGSGGLAVDLHAHADEHSEAELAAIRDDLIGHLLRASADPGRPVGAMLPRT,streptomyces
BGC0000460,AR,,,COND0000460-VV2_0844,Condensation_Starter,DRQMSKPVFFPLSLAQQEYWADYIAFPERPFSNVAHGIEISGECDIECLYQAILETTQEAEALRLCFGCDEQGYPRQVVLDCSAIVLDCINLIDEAEAEQLAWQKIRDDIAKPIDLTGEVMTYQAIFRLSEVKTLWYIRSHHIALDGYSLHLIEQRCASLYSAFIQSQTLPVVFKGFNTYVRNEQAYLCSERAEKDQRFWLDYINQHSFISFNDDDFNNDTFAIAKEVDPELRAALLNVSQQQQWAWVDLLVVLVGLYCVEKQVLTEQQSASDGLWIWLPYLNRMGNRCANTPCLMVNTLPLWINADIEENFVDRVKRLMAELRLLYRHGKHPLSNSLNVKASQSPYINVLIDEDIVFGGCQSERKVVANGTNDGLNMTFRVRKDAANITFTVEGEQRWFGQEQITHLSEQLMVFMHQSLNTLAEQNSGQ,other
BGC0000461,MCFA,9.0,11.0,COND0000461-AEP18656.1,Condensation_Starter,MNKETQRGLRPLSTAQSEMWFAQELDADNWLYHSCGYLDIGGPLDLARFEQALRRFVAETDALHLRFLDGPDGPLQCIGEAPALPFETVDLSAHAQPFQAALSAMRADMRRVFDLRSSRLFNYIVFKLGEERHLWYKRYHHIVLDGAGSSLDIVRVARIYTALCRGEEVPASDLGGISALLDDDRDYRESDRCRRDQAFWRDYARTLSETTALSGRPLARTSTFRRCALPIPPSLAAALMAAQTRDSKWPQLMTAAVAAYLYRISGGKVDTFDFPVAARAKQLRHVPGTTANVLPVRLGLQADESLAGLAARCGREILRVLKHQHFRGKDIQHMRAAPASAFGPRINIMPFDYECALDGHPATLHSLSNGLVHDFSVTLQGEPGQASCVLNVDGNDESYSDEDIARHAARLLRFVERALAQPSRPLAEIELLD,other
BGC0000447,MCFA,8.0,10.0,COND0000447-taaA,Condensation_Starter,MNLPVQSSQTFPLTAAQKAIWLDQISQGESPLYNIGSYLELNGPLNAERMQRAAEVLVAKHDALRLTLLDATDADGVPLQFIAPTVSVAVPLFDLSEQADPVNAALALMDEHMARAFSLTQAPLFRFFLIKLGEAHYYFASQAHHIILDGWAFGEMLQSLGDIYSDLTEARQPDMEASSYVDFIHDDVRYRESARYEKDREYWQHKYQTLPEPLFAARHQDQYAKGKAPGRHYIRPFPVVLHDRMGELAKVCQASTFHVLLAAMYVYFTRVTQRDEWVVGLPLLNRSAKFKTTLGMFTQVSAVRFSLGRELTFSALVGAVRDALKQDYRHQRFPLSGMNLRAESGPLFDLTLSYEQDDHLYQFAEQRGHLVKVTNNHEQMPLAFHLRASNHKDKAWAHYVYNEAYFNADEIEALAERFTYVLEQALENADLAVAEFSLTT,pseudomonas
BGC0001509,LCFA,10.0,12.0,COND0001509-A8O26_RS13975,Condensation_Starter,NVADDLSVPVETFALTAAQRDIWLDQLSRGDSPLYNIGGYVELTGPLDPLVLHSALECLVAANDALRIVLLADVGRDGLPLQGFAQALPVAMPLHDFSAHRDPRSAAQALVEEQMAQPCVLSGQPLFRFCLIRLDHQRHWLAGQAHHLIIDGWGFGLLFKAVGEIYSALCRGERPTLAAPSYVGFIEDDAHYHQSARYELDQRYWLDKYRSIPEPLLTPRNHEPLDPAKAPSRIHVEAFPALLHERMKDTARQLGGSAFHVLLAALHVYFSRTAQRDEWVVGLPILNRSGARFKSTLGLFTQVSAMRMGFGRALSFAELIKAIGAGLKQDFRHQRYPLSEMNRALGLLREDRSQLFELSVSYEQDDHDYRYGEASGHSVKVSNQHEATPLAFHLRSNRYDDKAWWHLVYSPAYFTADEIASFTECLLLILEQGLECPERIVADFNLNSPAELARLNE,pseudomonas
