accession,category,size_carbons,size_cno,3OH,3_heteroatom,cond_accession,type,aa_seq
BGC0000435,LCFA,12.0,14.0,1.0,1.0,COND0000435-PSPTO_2829,Condensation_Starter,MRASVAPTFSLTAAQRDIWLDQISRGDSPLYNIGGYLQITGPMDAQALQRALAQLVAAHEGLRTVLMPGAGADGLPLQTYAASIPMPLAVHDFSDHLDPASSALALISEQMQRPCVFDGRPLVEFCLIRLATDRYWLASQAHHLILDGWGFGQMMKSLGELYTAQVEGHSLELDAPRYSDFIVDDVRYHASPRFAKDKAYWLDKYQNLPEPLLVSRYHNRRSTDPAPSHAWVQALPEALHARMKKFAESHNASTFHVLLAALHVYFTRTTQRKEWVVGLPLLNRTGAHFKATLGHFAQVSAVRMAFAEGLDFGALVIEVRDALKRDFRHQRFPLSELNRSLELSREERAQLFEVSVSYELEDHAYRYGEAQAKTVKVSNGFEATPLAIHLRSNSLNDDASLHMVHHRAWIDDAEAQAIAGRLLHILEQGVESPALQIDDFQLLT
BGC0001967,MCFA,8.0,9.0,0.0,0.0,COND0001967-adeG,Condensation_Starter,SITLSSGRRGIVLPLSSAQREVWFAQQLDVANPFYNVGGYLEILGPIDATLFEAALRQTVSEAEALHVRFVEQEGEPGQILEPPSRWPLHHIDVSDAPDPRAAAEEWMRADLAKPYNLAQGPLFRQALFTVAPDRFLWYEGSHHIVLDALSHSLIIRRVAEVYTSLVDDQPVPATRFGSLTSLLDDEAEYRQSARYEKSRTYWLNRFHDQPETVRLAGPPMAMPSTFLRRTAYLPHGVWQLVRKAAAETGTTVPNVITAAVAAFLQRMTNAREVVLGLAVTGRDSSWLRRVPGMLAHAVPLRIPIGSATIMTDLIRQTSQESFQALRHLRYSSEELRRDLPARGGRQNIFGPLVNYMSFDYDLRMGPHRTYFHNISNGPVEDLSIAVYDTHDGQDIRLDFDANPQLYSPSEIVTLQQRFLRFLESSLSVGIDQPIARAVLLS
BGC0002135,LCFA,14.0,15.0,0.0,0.0,COND0002135-XBJ1_RS10015,Condensation_Starter,AVDNNNTLLPHVHPLSSPQQVIWLDQVIHPGSPNYNIGFFICIDGELDEALFTRAFEAVVYRHDTLRLQLINTHTLPLQEVAGTLPASIDIHDLSPHIDAEAQAKQHINAEFMRPFHLDGALWRTELLRVSHTRRYWHFCCHHLIMDGISLSILSEDVIDTYNRLMRGETLNKTAPSYLNFITDDRDYLASQRYSHDLQFWVKRYESLPPPLLPPANSNKAENHGQAKPILWQVDKALFQRIEDTVSRQGLSILHFMYAVLASYFSRTTGEDEIVIGIPVHNRKNAQQKRTMGMFASVIPIGVTISPEDTFLDVMHKASTELRRCYKHQRLPISEINRQTHIQQKTGRVQLFDITLSLEPFKANLHMAGEDTNIQLVDIHHGVPYPLSIIIEQYTTGLDDDLQSITIEFDFSTDYLSTTEVMALQSRLAVLIDAAITALDTPIVNLPILP
BGC0002521,SCFA,6.0,7.0,0.0,0.0,COND0002521-psoA,Condensation_Starter,MPAAETFALTAAQRDIWLDQIGHGDSPLYNIGAYVELDGAVDVARLRRAVAHLVALHEGLRTVLLAPEGQDGVPRQYFAETLAVELHEHDLRAAAHPLTAARMLLDSCMRKPFLLGTGGLWAAQLIRLGEQRYLLALQAHHLILDGWGVDLWFKRVADYYGLLGEGEPLPDSAPGYREFIIDDSQYQASARHGRDRDYWLGKYQQLPDALLAPRERGQLTAGEPSAALDLPFDEQLLAGMNALGSELQASAFHVLLAAVHVCCTRTWQCDQWVVGVPVRNRASARFKSTLGLFTQVSALRMDFGRSQPFAALVRSIRDALKQDFRHQRFALSELNRALGALRQERPQLFELMVSYEEDGNALRFGEACGHTVMTCNGHEPTPLSLHLRTNPHSGKAHLHLVHNLAWFSKEEVAALAERLLHVLHQGLQQPGLRIADFGLLT
BGC0000403,SCFA,6.0,6.0,1.0,1.0,COND0000403-plpD,Condensation_Starter,MSENTKQRFPLTQAQLRIWYTEMMNPDTTLSMLSESLKIQGGPLDVDVLKQAIYHIIRQNDAFRIRIAFENNEPMQWFEQPENIVPECDYAEVDGYAEAETWLDRFNRIPIGMFESRLYHIVILKVNENEHWVVCKFNHITLDGLSSDTMLHLIMEYYIEIAKGNVPAHHAQSTYLDYIYADQEYGKSDRYQKDKEYWLDKFRTLPEVMGVKSYSAHAVSTEAKRKSVVISGDFYEKLRAFSERNNVSLFTLFLSVLYVYLYKATGNEDISVGTILANRTSKKEKATLGMFASTIAGRISVDPDQSLLSLLHHVSKEQKSDLRHQKYPYNQLIQDLREVYPNKQEVQDLFRVSMEYLPLRHEHYDNLSVRHFPNFGGYEAGDFLVDVYDSIDDRMIDLHVSYRAQLYDDGEASRLVDQLLAIVNHMLDCPDQTLRELSLLS
BGC0002379,LCFA,,,1.0,1.0,COND0002379-PRtIB026_34660,Condensation_Starter,MSVADSFPLTCAQRDIWLDQISHGDSPLYNVGGYLEFDGTVDSGLLRRALAHLVALHDGLRTVLVREAGDDGVARQRFVAGLQVPLDEHDLRGQAEPFAAAQRLAKTLLQQPFALETGPLLRMALLHVGGGRSLLMLQAHHLILDGWGLEQLLHQLGQYYGLLEQGLALPDTAPSYRTFIEDDLAYQGSARQQRDLAYWQCRYPQLPDALLRPREQGLPPGATPSHALERSFDGDLLARMRQLADELQGSVAHVLLAALHVCCARAWQRDDWVVGLPVRNRGNARAKATLGMFVQVNALRMDFGRSLSFAELVRGIGDALRRDLRHQRLPLSDLNRALGLSREARGNCSRSPCPTRKRATTCALAASAPTA
BGC0002653,MCFA,9.0,10.0,0.0,0.0,COND0002653-BS614_29910,Condensation_Starter,MRENTNKQYGLTQAQRRIWFMEIMNPGTSITMLSATYQITGEIDTKLLEQAAAEIVKTYDAFRIRISGDMQNPTQWFEELENVQARISHLEIGTTEQFYAWVKEVTEKPASVFDEHLYQFTMIHFANGQVWLNLTLNHIIADGLSVTALLHAVMEKYLELRNGIFSSYQAPSYLDYISTEYEYEQSQRYQKGKEYWLTKYKTLPETSGIKSVPPFSIGSESNKRSITLDGSRYDRILAFSEQYQVSLYTLFLSAMYVLLYKLTDSTDVPVGTVFANRTSKKEKETIGMFVSTVATRISLNPVESVLSLIQTVSKENTADLRHQKYPYNQLIQDLREQHGRNDLSELFRTSLEYLPLKIVEYEEIKVRLEAHFARHEMDDLLLRFDHMLNEGHVILHASYRTGLFETTEIDRIMEQYVTVLDQFLETPELRVREISLLS
BGC0002118,SCFA,5.0,6.0,0.0,0.0,COND0002118-J6386_25975,Condensation_Starter,GPRTASASRAVAGWAGEVSDGQRALWRWQKDRPANRAFYVPFAVRWPEVPDATSLERALRVVAAEQPALRTRFVVRDDDVRVVVAAEPEVRVVRENWRGDEAALIRGLHELSNMPLGGDTEVLWRAHLIEHVTGAVLHVTFHHLIFDGHSAQLFFSRLEEVYDKLMRGEEPVVEPSSGLEAYGAAEAMYLESDTAKLDRDYWLQRFPKGFQPVFPANGDIKDSGGEMERLVIPDALVKAIAGVAAKAQVSPQGVVLTALLEVLSTELGRDRASLAVATDLRVSEGELSSIGYAVNLIPVAADRDTTGRFDQRCARVFGNLLDGLSHRRFPFRKLSLALAELTGDPARCTLDVGFYFQTWQVENHGRLVDGLIPEVHQVGEFPLVFEVVQNTGDWVLNVKFRPAVIAPTQARSLAAALVRGLRERTGADGSFSYPEGNVHDLITAQVQRSAAAPAVYFAGSTVTYAELEKKANQMARRLIVLGVDPEDLVAVALLRGVDLLV
BGC0001873,SCFA,6.0,7.0,0.0,0.0,COND0001873-Xsze_RS17115,Condensation_Starter,MYTLQALPLTQYQKEIYYETQRNPESNQFTISIARVLKNNINFEKLFHSVNTVLENDITCRLRIIEHEGMLEQEIQNTVTNQAKIINAEGEEVNELFKKWSKRVFNLDEKSLLEIALLQNLKNNDTAIFIRAHHIVCDGWGINQLAKKIAKCYHDSLLIQDNVVTEEVLSDPCHFEKNVEKYTSAILEQEEILSQPETEQQITALAALAQHHDPAFFNRKKKTHLSRFVQHRHILTQAEMEKTLSQGINPYLAVMSAVAVLLSRIHNNTRLTMGVPLLNRRMSQLDIAGQWANTLPLAVTVNAEDTLAELASRIRTGTKELKTFEHIPLGRLLKFMGTVVRQGFDVTVSHNYSPMTGASRDTYQNEGVYAAATAHENDAIAIHVHTYGGNSDVAIDITGAEDIFDEDYSFETFTASLGHVIDQVIASPEKTVSQVTLSSAEEMAQLALFE
BGC0002071,LCFA,12.0,14.0,1.0,1.0,COND0002071-CWE01_RS05095,Condensation_Starter,MTAADVFPLSAAQRDIWLDQISRGDSPLYNIGGYAELAGPVNRTLLQRAVEQLVAAHDGLRTVLLPGAGADGLPLQTFAATLPVPFPVHDLRDHPEPLNTALMLIREQMQRPFALDGSPLVSFSLFCLAPDQHWLAIHAHHLSLDGWGFGQLLKALGEHYTALAEGDAVEIKGSSYAEFIEDDARYQASTRYARDQAYWLDKYRHLPEPLLAPRYHNRRVTDPAPSHTWVQAFPAALHTRMQQFAERCGGSAFHVLLVALHVYFTRTAQRDDWVVGLPLLNRGGARFKATLGHFAQVSAVRMAFAEGLTFEALVAEVRDTLKRDFRHQRFPLNELNRSLELSREARAQLFEVSVSYEQDDHDYRYGEARAHAVKVSNGYEATPLAVHLRSNRYNDKAWLHLVHHRAWFDTAEVEALAGRVLQVLEQGLENPGLRVKEFDLLT
BGC0001984,LCFA,10.0,11.0,0.0,0.0,COND0001984-speA,Condensation_Starter,MALSEVRNEVRLPVTAAQLGVWVAQRLTPESPLYQCAVHFDSAPLDIEVLRDSVTRAVAETEALRARFGDDGEVHQVVAGTVDAPVDVVDLSAADDPEAAARAWMDQDLATVPDLEAGPLFRHALLVLSDARHFFYLRYHHIVLDGFGQTRYLGRLARIYTALLAGQEPDPARPRGLDVLVAEERAYQDSTHHADDRALVLERLAGVEERQSLTEGVAGASPRALRLSTVLPSELTGALTAVGHWPAVIAAATAVYHHRMLSVDDVVLGIPVAARRTPAALATPSMLANDLPLRLTVAPGATFTELVRTVRTELGVLLRAQRLRREELHGARELTGTDAALFGTAVNAMSFDARVRFGEALLTPRQLSNGPVADLAMATYGDPADGEVALEIAANPALYTEDGLRAHQERFLRLLGSLADAPDALVGRAALLD
BGC0001968,LCFA,11.0,12.0,0.0,0.0,COND0001968-cdeI,Condensation_Starter,GSKHVSDARTTRRTVSAAQWGIWVAQQLAPDAPHHNCAVAYTLTGPFDHDVLRRAVTQAVAETDTLRTRYSETKGRPQVTVLPAGEPELSFVDVAGQQDPGAAAEEWMRTDLATATDLTGRPPYTHVLFTLGNDRHILYFRYHHIALDGFGQYLYCLRLAEIYTALENGQVPGPATAAPLAQLLDEDEAYRASDAYTRDAAYWRTEFADLPSGTPLAGRTAPPAPGTVRRTAWLAQDRVDALLGPGRGAFGGWTGTLVAAAAGYLSRMLGRSDVLINLALAARRSRAELGTPAMLANELPLRLDVDAGSGFDSLLRQAQEKVRLAVRHQRYRRDTLRADLGLSGHDTALTAPRINVMGFGREPRFGTCRSVSRQLSTGAVSDLTVNVYRAPGGEDGRQPGMEVEFVGNATVYTEEYLARHHERFLAFLERAATRTAEPLSHLDVLA
BGC0000407,LCFA,16.0,18.0,1.0,1.0,COND0000407-ppsA,Condensation_Starter,MSEHTYSLTHAQRRVWFTELLEPNTSICNLTACVKFKGNIELDTLEGALNHSISRNDAIRFQLLEGEELEPRLHLTEYKYYPLRIIDFSNVEMIEIEQWIQDQASIPFKLINSPLYQFYLLRIDSHEVWLFAKFHHIIMDGISLNVMGNQIIDLYQKMKKKDPLPDQPEPSYLSYIEKESQYLQSPRFAKDRLFWTQTFEHPLEYHSLADQTSLQKQSTSASRDTIILSPDLEQTIRIFCEEHKINIISLFMASFYICISRITSKKDLAIGTYYGNRGSKAEKEMLGMFVSSLPIRITVDPDTDFLSFVRTIGREQLSVMRHQRFPYNLLVNELRNEQKDLHNLIGISMQYQPLQWHNADDFDYETALYFSGYTANELSVQIQERIDNGTIQLNFDYQNTLFSLEDIKRIQSHLLTILENALHHPHSFIKELD
BGC0001519,LCFA,13.0,17.0,1.0,1.0,COND0001519-STRAU_0349,Condensation_Starter,MTPDTLNHAMTMWEVNGALDTAAMESAFRHVMDEAEVLRVNFVDDDNGLRLAVQDLGDWRPFFLDLSAEPDPDQAAREALADIVKQPFDLEHDLLFRLGAVTLAPDRCLVVLAYHHLISDGFGAGGLLSRRLAEVYTALVSESEIPPQPHPWDAASFANEATRYLASDTFTEDTEFWRDYLKDAPAPAQVPRIALTDTQRSALDEPMSSADRWSEVAGSIGMVSRTLTVPRAEADTWTQAAQSMGVWMSSMLTAAAAVFFRHRCDHPEFLLSLAVGNRVGAAATTPGLAVNVVPVRIKVPLTATFAEIADAVVDETYEIFGHTACHYSDIQRASGTVLSGRGSYGAVMNVVEFVEQLHFADHPARYFPATTGVFDELSIGLCTDGSPDSDLFLRLDAPATLYSRAELRVIGAELIDYIRAVVAAQEQPLGALDVIG
BGC0002697,LCFA,10.0,11.0,0.0,0.0,COND0002697-SCATT_32630,Condensation_Starter,MAHALFPELPQFNLFLARRFTGPVDAARLAQCLREAAGRNDAFGLRFTERDGVPLQRAVADRPAVEVVDLSGAADPRARCEGWIAEAYDRPFPLADGPAYRLAVLVESDTAVHACVVAHHIVADAWALNLFFEQVAAGYAGEPGPEPADYLAVLDDERGYRESERYERDREHFRTVLREITPPLFTRRADSGRRRSARHSFTLPKDAVERIRARGRSPFAFIAAAFAVYLSRVHRTDDVVLGVPLFNRRGQAQRRTVGHFANTLPLPVRAAGELTYAELVAAIQDGSRTLQRHERLPLGEVLRDLPPGRPRELFDVTLSYVQLPTPRELPGIRQEASGATRAHDQDVLAVAVTETDATGDVVVDLDHALDVFDADLPVADLARHIRNLVLAGLDAPDTPVARIPMLD
BGC0001363,LCFA,18.0,21.0,0.0,1.0,COND0001363-RSp0641,Condensation_Starter,ETAAVDDDAAERYPLVPAQKGIWFECQISHEAALSYNTTTVLGLRGALDHAALARALQQVVDRHAALRSVVEADGEHQRVLPAVEVGLPLVDFSREADRDAAIGQWFVDNNHRPMDPGHGPLVRACLLRKGEAEHLLAITFHHVIIDGYSQEIVLQELAACYRAACRGGAPGLPAASPFREQVERHQAYLRSDRYQQDRAYWRGQFGSLPPSLELSGRHARPSAPSHRARRHHLTIDGERYARLQQLSRKLGGTLFMTMLAGVAVLLQRLSGQAQMVIGVPMVVGRAEGSEASLVGCTLNLVPVRCDGSGDPSFAEFLGRIKRSVLEAHAHADYPFGHLLRDLDLRASQRRPLAPVLFNLNRSLALPQFDALQAWLEQSPISFSPDDLTIDVMQLPDRLQVMFQYQEVLFEHEAIERMAAQFVQLLDGIVADPACSIGRLALLS
BGC0001192,MCFA,8.0,10.0,0.0,0.0,COND0001192-AJM89738.1,Condensation_Starter,MEIMNPGTSITMLSATYQITGQIDTQLLEQAAAEIVKTYDAFRIRISGDLQNPTQWFEEPENVQARISRLEIGTTEQFYAWVKEVSEKPASVFDEHLYQFTIIHFANGQVWLNLTVNHIIADGLSVTALLHAVMEKYMELRKGISSSYQAPSYLDYISAEREYEQSQRYQKGKEYWLTKYSTLPETTGFKSYPPFSIGSESNKRATTLDGSRYERILAFSEQYQVSLYTLFLSAMYALLYKLTDSTDVPVGTVFANRTSKKEKETIGMFVSTVATRIHLNPDGDVLSLIQAVSKENTADLRYQKYPYNQLIQDLREQHGRNDLSGLFRTSLEYLPLKIVEYEEIKVRLEAHFAKHEMDDLLLRFDHMLNEGHVILHASYRTGLFETAEIDRIMEQYVTVLDQFLQTPELPVREISLLS
BGC0001152,LCFA,16.0,21.0,1.0,1.0,COND0001152-fusA,Condensation_Starter,MNDMQLYDLTNAQKRIWYTELLYPDTSVSQLSGTAKMKGHINIAAFMQSINLIIKQYDAFRIRITSVDGVPQQYVVPYEERQLECLDLSHYESVSEVEALLEQHKRKPLPLLDSELFQFLIVKISEEEYWINIKMHHIISDGISMVVYGNQLTAFYMELIQGNEPKLGDDCSYIQYIADENAYELSDRYQKDKAYWLDKFSDLPELTGWKSYNPLSLSTHAVREHFTVPEVLYHELQAFCQQNRISLFQFFMGAMYIYIHKMTNQPDVVIGTSFANRGNKKEKQKIGMFVSTAAARTYVKKDIDVLSFLQDVARDQMSVLRHQKYPYNQLIQDLREMHGNKDIQRLFGVSMEYRLINWVDLDDVRILTDYDFCGDEVNDFVFHIVEILDEGELVLDVDYRTELFERSEVKDMVSQLLTIAEQIIHSPQLSIAEVSLLG
BGC0001843,MCFA,9.0,10.0,0.0,0.0,COND0001843-EGM68_11575,Condensation_Starter,MTQQDVQLFSLSQPQQRIWYTELLYPHRNTSTIIATVKIRGTVRIDALQQAMNRVIAQNDSFRIKITAQDGIPYQYVEPFTVESIETLQVTPEEANEWLKRHNPQPFSLLDSQLYRFVILQLGAEETWFNFKMHHIISDGVSMNQAINEITGHYMDIVHGTGQDAPSKSNPYLDFIQVEQSYEQSDRYQKDKTYWTEKFADLPETTGLKSYNPLTLSTAARRESFILEHGLYRGVTAFCEEHKISIFTFFLAALYIYLHKVTGEQDLTVGTLYANRTSKKEKDTIGMFVSTVATRLLVEPESELLAFLQGVGKEQASILRHQRYPYNKIIQDLREQQSSMDIQRLFGASIQYRTLSFSRFDEAIQQVDNDFCGDTVNDFDIHMVEMLDDDRLVLYLDYRTELFSEQEIARIIRQFLSVAEHMVQGPHKRIQELSLIS
BGC0000323,LCFA,12.0,14.0,1.0,1.0,COND0000323-AHZ34232.1,Condensation_Starter,MSAADVFPLTAAQRDVWLDQISRGDSPLYNIGGYLNLTGPLDPVTYQRALEHMVASHEGMRTVLLPGASADGLPLQTYAESMPVPMPLHDLSDQPDPVSVAHALTLEYMQRPCMLDGSPLFRFCLVRLGEDHHWMICVVHHLIIDGWGFGQMIKSLGEHYTALTEGSRLDFKGPDYRDFIQEDARYHESPRYERDKAYWLEKYSNLPEPLLVSRYHNRRATDPAPSHTWVQNFPEALHTRMKQFAESNGSTAFHVLLAALHVYFTRTAQREDWVVGLPLLNRIGARFKATMGHFAQVSAVCMTFDGQLNFGSLVKEVRDTLKRDFRHQRFPLSELNRNLGVAREERGQLFEVSVSYEQEDHEYRYGEAQAQTVKVSNGYETTPLAIHLRTNSFNDNAWLHLVYHRAWFEAGEAEAIASRLLQVLEQALENPELRVEDFDLLT
BGC0001536,MCFA,7.0,8.0,0.0,0.0,COND0001536-ATY37608.1,Condensation_Starter,MNKDLIQLFPLTQPQQRIWYSELLYPNTGVSTISLTIKMKGNINLSALQQALNMIICRHDVFRIKITAQNGYPQQYLEEYSDKTFECFDFSGVDREAQALKWLDQHSRTPFELLHSDLYQFVICKISDQEYWYNVKIHHIVCDGISARMFINQANEYYSQIASGQLPEIAENHSYFDFIQTEQDYEESDRYQKDKTYWVDKFSTLPEVIGFKSYNPFTLSTAGKRKNIILEDSLYHNLYEFCKQTKNSMLTVFMTALYIYMHKKTTQNDVSIGTFYANRTTKKEKEMLGMFVSTVPTRVYVDPDMDLSSLLQVVSKEQVSILRHQRFPYNRMMEDLRQTHQHKDLQRLFGASVQYRAMNYSQYENVGIEVDENFCGDVINDFEMNVIELDDHKILFQLNYRAELFTEEEMEQLVQQFFIIIETIIHHPTSKIADISLLR
BGC0002654,LCFA,14.0,16.0,1.0,1.0,COND0002654-UHJ79953.1,Condensation_Starter,MQPVTSRRFPLTLAQQDIYFDQLKRGDSPLYNVGGYVQFGVIDVSRLQAAHTAVVASNAAFGLRVERTTHNVQQHVVAARTLSLPLLDVSADPDPDRAADMVLAEAFARPFDLEGEELFRAFLIKTGLQRYRYAGLTHHVIMDGWGFSNWAAQLSRRYAGEAAAVTSEEDLEQLARSDAEYVDSIEHERDRAYWLAQEVHQVDRLLVPHYRASFKDPGDLRSRRISVSLAKSEVAALAALAQSRLTSTPSVLLGAAAISFAATYAKRELLVGLAVHNRRNRRQKEMLGAFAGIRPMRIATPEDETFTGVVATVTRRQKELLRHARFPWSHLAGELPRDAATTRPFDIRFNYLIVDREPYFGQHESLLHYLSHHREPTPMTVTAWAQPRQQGLTLQLEYNLAYFTDEEAELALLRLRHVLAQVIANPTLSLSRIDVLP
BGC0002735,LCFA,11.0,14.0,0.0,1.0,COND0002735-ABB07_39195,Condensation_Starter,MWDVDGELDAAVIRSAFLHVMAEAEVLRVNFADDGGGLRLIPRELGDWQPFSLDLSAEADPEQAAREALADLVRRPFDLERDLLFRLGVVKLAPARSLLVIAYHHLISDGFGAGGLLSKRLAEVYTALVRGERVPELPHSWDAESFATEATEYLASPKFTEDSEFWRQYLTDAPPPAQVPRVALSDAQRSALSEPLSSADRWSEVAETIGMVSRTLTVPRAEADVWTDTAQSMGLWMSQMLTAATAVYLRHRCDRPEFLLSLAVGNRVGVASRTPGLAVNVVPVRVRIGLGATFTEVADALVEETYELFDHTACHYSDIQRAAGTVLSGRGSYGAVVNVVEFVEQLRFGDSPARYSGATTGTFEELSIGVYTDGSPDSDLFIRLDAPASLYHRAELRFIGEELIAHIRAVVAAGAQPVGALDVVS
BGC0002050,SCFA,4.0,6.0,0.0,0.0,COND0002050-necA,Condensation_Starter,MSADVTPLTCPLTTAQTEIWLAQQIHTNAPVYHIAQYTTIHGAIEPSLFETALRQVINEAEILRLRFIESDGGLRQYVDSPPWSLPLVDFSAEADPKAAAEAWMQAHYERPVDILCGPLFHYAVLKIASDRVLWYQFYHHIVMDGVGMHLIAQRVAHVYSAMCDKVEPEPCPFGSVRQLLESDAQYRTGNQWTRDEAYWLQYCTDWPEPTTLASRAASSLQHRIRQTSYLSSQSIGDYAADASRLAQLVTAAMAAYLHRMTGTQDVVLGLPVTARFGADRHTPGMVANVVPLRLNVQPDMNLSSLMQQIAQGIQRGLRYQRYPSEALRRKLARISSQPLFSTTVNIMPFDYNLSFGGHTSTNHNLLNGPIEDLMLGVYLLPDNPRLRVDCNANSACYTADELIAHQRRFVKLLETLAADPSRPIKSIDLLD
BGC0000399,LCFA,14.0,16.0,1.0,1.0,COND0000399-PFL_2145,Condensation_Starter,MNAGPVQARGLPLTAGQRDIWLDQLSRGDSPLYNIGGYAVLKGPFRPELMQRTVELLVDKHDVLRTVLSLEGSVDGLPLQHFDRQWPVELVFHDLSAAADPLAAAQAQIRRQMQQAFKLDGERLCRFSLFRVGPEHHLMEVEAHHLILDGWGFAQLSQSLGGLYSALASGEEPQATAPSFVDFIEDDARYHQSSRYARDRDYWLDKYQSLPEPVLRPRYRPAADAATPGATLVQAFPAALHERMKALGKSTGASAFHVLLAALHVYFTRTLQRDEWVLGMPVLNRPNAAFKVTLGSFTQVSAVRMDFGRELSFEALVGAVRDVLKQDFRHQRFPLSELNRALGLLREDRAQLFELSLSYELEDLDYRYGEAAASSVKVSNRHEPTPLAIHLRSNSFDDSAWMHYVYDSAYFQPEEIEALAARLLHVLEQGLDNVQLPVARFSLLP
BGC0000400,LCFA,15.0,16.0,0.0,0.0,COND0000400-pbtA,Condensation_Starter,MEMMHPNTTVSTVAGTLVIRGEVDAAVLKESICQVITQHDAFRIRIMTQDNQPIQRLEPESAITPEVDYMEWDDHLEAKDWLNRFNRIPISIFDDKLYNFTVFNVNNQEYWIHLKINHIIADGVTSHLIGNKIMQTYMELTSGTFSANDKKNSYLDYTYAEQEYEKSDRYQKDKAYWLEKFQTMPETTGIKPYPPYSISTEAKRAYVALTGERYEQLKVFSEQNNISLFTLFLATVYMFLYKTTGNLDIAVGTAYANRTSRKEKEMLGMFVSTVATRLSLDPNQDLISILHNVSKEQKTNLRHQKYPYNQLILDLRKEHKHSDIQDLYGVSVDYMPINWSSYGQLSIQQRSSFCGHEVDDLAVHVEDMLDDQQLVINVDYRIQLFEEREITRIIEQMLTIVDGILHNPQQTLHELTMLN
BGC0000425,MCFA,8.0,10.0,1.0,1.0,COND0000425-sesA,Condensation_Starter,MKPQTFPLTAAQKAIWLDQISQGDSPLYNIGNYLEIQGPIVPEVMQRAVQLMVDKHDALRLTLVDETDADGVPLQAFVPAIKVDVPFLDFSTQADPVSTAMAFVEEHMARSFPMTEAPLCRFFLIKLADTHYWSINQAHHIILDGWAFGEMLQSLGALYSDLLEARQPDMEATSYVDFIHDDLRYRESARYAKDREYWQAKYQSLPEPLFTARHHNQFAKGKAPGRHYARPFPVALHERMGELAKDFQASTYHVLLAAMYVYFTRVTQRDEWVVGLPLLNRTGKFKGTVGMFTQVSAVRFSLGRELTFGEVICAVRDGLKQDYRHQRFPLSGLNLRNESGQLFDVTLSYEQDDHLYQFAQGLGDSVKVTNSHEQMPLAFHLRASNLKDKAWAHYVYNEAYFNAEEIECLAERFTYVLEQALENAALAVNDFSLTT
BGC0002660,SCFA,4.0,5.0,0.0,0.0,COND0002660-SAMN04488128_1011792,Condensation_Starter,MPLHVTPLHPAQRDILMDLLINAENSTYNVGGVTRLTGPLHKETFIAAAETLPVVFDVFRMRFDLGEQAPQAYLDDTFNRQEVICMDFTGASPAAVEKWIRERLEIPFVLQKENALCEQYLLSISPEEHYYFSKYHHLINDGYGLAATYQYVARKYQSLLQGTTLEWSPVSYVAAAGEALAYQQSPAYQEDAAYWREKIDKKPAQLLERRYANTNTHPRQCRTFVLEFTAAEKAALVDLQQTTQANLLRLTLAALTIYFARTTEHAAFAFGTPVHRRRDTSLQQIAGMFSGITPFQAIYQQNDTVAALLENMAITRKNDNRHQQYQVADLSRSLKLNGTTEQLVDILVNHANLNFNFDFGENIQAVTTELTSEITRYPLELLWRDYGEGQPLELKTDYYPSYFTETDIRLFVKRLLHIIQQFKTGWQQTLEEISILP
BGC0001203,MCFA,10.0,12.0,0.0,0.0,COND0001203-AKA59447.1,Condensation_Starter,MSHTSPQPVWPLSDAQRRVWFANQADPANPAYIIAAWVDFHGAADPVVLDRAVRHTLAEADGLRVRFVEAGDRLGQVADAPEDWRITQHDLSAAPDPAAAATTWLRDRARQPFDVRTAPLFEFAWLTLGPDDHRWFVKFHHLLLDGIGINLFIRRVGEVYTALAAGEEPEAAWFGSFTDHLAQDGAFTASEEFAAQRRFWSERFADQPAPTYLTGGADIALEVVRRTAIVPAERTDELADSVRRAGARWHTAVIAAVAAYLATMRGADEVMLSFAVTGRTTPLARRIPAMASNVLPLRVPVRPDQTWLELVAEVRGRLRELARNQRYRGEDVRRDLVAPAPGRFFGPIVNIIPHDETFTYGERTATLHNLSTMPVDDLSVVCYPTSDGGFRIDLDGHPDHYDEAAVATHQRRLLRLLDAIARDPNSPVGAADLLD
BGC0002522,LCFA,10.0,12.0,1.0,1.0,COND0002522-pdmA,Condensation_Starter,MTAPQSFPLTAAQRDIWLDQLSRGDSPLYNIGGYVELSGPFSAQLMQQALELLVRKHDALRTVLLLDAGPAGLPMQTFAETMAVPMPLDDLSTRPEPWAAAQALMQQRMEQPYRFDGGPLFRFFLVRLDERHHLLGTQAHHLILDGWGFGQMLQSLGGIYSALQRGRRPELSAPSYIDFIRDDARYHDSPRYIRDRAYWQDKYRSLPEPLLMPRHRERFARDAASGGTPGNNLVQPFPAALHERMKQLAKTWQASAFHVLLAALYVYFSRTAQRTEWVVGLPILNRSNARFKNTLGLFAQVSAVRFDFSQDLPFGELVRAVRDGLKQDFRHQRFPLSEMNRDLGLLREERGQLFDLSLSYEQDDHDYRYGEALAHSVKVSNRHEPLPLAIHLRSNSYNDKAWMHYIYNEAYFEGREIEALAERLNHVLEQGLAAVHLPIAEFSLLG
BGC0001599,MCFA,8.0,9.0,0.0,0.0,COND0001599-I35_4189,Condensation_Starter,MTDSTLQLPLSAPQRDFWEAALAYPVPSTHIYAAEYFDIRGALDTGAFERALRQVIREAQTLHTTRIVLDGDTPVRVLDAALADDWTLEHVALAGTKDAHAIALAGMRAHCTGAIELARGPFFRHTLYRIAPDHYYWYHGYAHILVDGYSGSLIATRAAELYNAFASGAKAPPARFASLAELQLDEDAYRASEQFAHDRRYWLERFADQPRTVTLAGPARFPERDDGPDLRETRLATATESARLEAVARDLFTSTVPRLVTALTAAYLYLNTGAHDIVLSVAAMARTSARERRTPAQCANMLPLRLHVEPGHTLDDLCRQANREMIALRQHQRYRMGDLHRELTSLDNGQGVFGPEINIMAFDYDLRFGDCVTTSHNLSVGTTDDLMVNLTDRRNGEPLRFDFDASPQYYSRDALNAHVGQFLTFMRVALDEPFATLGALESRL
BGC0000362,LCFA,32.0,34.0,1.0,1.0,COND0000362-pstA,Condensation_Starter,MARDDRAFPLTRGQLDIWLSQEAGFAGTQWQLGLLVKIDGKVHRDALEQAITQAVAEAEPGRVSFFEVDGQVVQKPIDYPHVELAFHDLTDHADPVAEAREMSSAIQRTPMPLNGQMFKFVLFQTGHDEFYLFGCCHHIAIDGLGMALVCRRVATIYSAMVAGKPIPDAYFGTVQDLIDLESGYEASPDYAEDKAYWSEHLPPESGPVDRLPDAEGERDHYSPSASVQLDPSVANRIKELSKKLAIRRFSVTTAACALLVRGWSGSGSEVALDFPVSRRVRPESKTLPAMLAGVVPLVLSTAPESTVADFCKHVDKRIRELLAHQRFPVHTLEGDGLRQAPNRVGINFIPSRLTLDLAGSPATASYTNHGPVGHFGLFFLGAGDQLFLSTAGPGQPFASFGVADLAGRLQQILAAMTEDPDRPLSSIELLT
BGC0001844,MCFA,8.0,9.0,0.0,0.0,COND0001844-RBRH_RS16800,Condensation_Starter,MSAGAISLTTYPLSSAQTEIWLAQQLHSGSPVYNIAQYTVIEGAIDPTVFEAALRQVIDEADSLRLQFVESEAGLRQRIGSPAWSMPVLNLTAEAESQAVAQAWMRTDYEEPVDLMQGPLFQYALLKVAPKQWIWYQRYHHIMMDGYGAVLIAQRVAQVYSALCAEREPAPCTFGSVLKLLESDAQYRASAQREKDEAYWLKHCAHWPVPATLAGRAAPALQHRLRQTAYLATQALGDAASDVGRLAQFLTAALATYLHRMTRAQDVALGLPVTARLGANRHIPGVVSNTVPLRFTFEAKMTLASLLQQATQIQRGFRYQRYPSEALRRKLELMPGQALFGATVNVMPFDYDLSFDGYPSSNHNLLNGPVEDLMLAVYWTPDNPQLRIDFDVNPACYTAEELEAHRCRFVRFMQALAADVTQPIGEIDLLD
BGC0002367,LCFA,10.0,11.0,0.0,0.0,COND0002367-SCAB_3321,Condensation_Starter,MYTCGVYYDVPGPVDRALLARAVARTVDETEALRVRFHEVGETVRQAVDPSVQGELAYLEFGGAADPEAAARAWIDSDLATPVPVTGERLFRHTLLRLGPDRYWLHFRYHHILLDGYGQVLHCRRLLEVYTALAAGEQPSPSGFGTLREVLAEEDAYRRSARRERDGAYWQREFADLPDSTELGATVIDSGSHSDGSGSDSGSGSGSGSGSDEAAPALASGATGLAPSLPSATGRLSGTTAARVRELGGSRWSLPVIAAMVAHTHRVTGAHDVVVRVFMAARLSPRALATPAMLVNDVPLRIRVDSSTTFTALLERVAARLAEATRHQRYPHDELRRDLAATAHPGTLSGPSVNVLSFASAHLPCGPTEATARQLASGPVRDLALHAFGDPDADDGIELTVNAHPGRFTPGTAATHRDRYTRLLAAATEHPELPIGALDLLD
BGC0001842,LCFA,10.0,12.0,1.0,1.0,COND0001842-Pfl01_2211,Condensation_Starter,DAADGLSAISEAFPLTAAQRDIWLDQLRQGNSPMYNIGGYVELTGPLDPALMQTALEGLVARHDAMRTSLLPGAGEHGLPLQRFARSMPVPMPVHDLRSHPDPYAAARQLTQENIERLFTLDGGPLFRFSLLWLDDDRHWLSLQAHHLIVDGWGFGEMLKSLDEIYNALALGQLPPDSAPSYVDFIRDDARYFQSARYARDRAYWLDKYQHRPEPLLLPRYQERFAGAAAPTRIFSQVFPARLHERMKQVAREYGASAFHVLLAAIHVYFSRSAQRDEWVVGVPLLNRSGARFKSTLGLFTQVSAVRMGFGRELSFKTLVKAIHDELKKDFRHQRFPLSEMNRALGLLREDRSQLFEVTVSYERDAHEYRYGEAQGRVVKVSNHEEGTPLSVHLRSSRGDDEDSLYMVYNEAYFDANEVAALSGRLLWVLEQGLEEPALAVGDFSLSLPAESALLQ
BGC0000398,LCFA,14.0,16.0,1.0,1.0,COND0000398-ofaA,Condensation_Starter,MNASPLQATGLPLTAGQRDIWLDQLSRGDSPLYNIGGYAELRGPFRPELMQRTVELVVARHDVLRTVLSLEGSQDGLPLQYFDRHGSVELAFHDFSDETDPLAVARQHVQRQMQQAFPLEGQRLCRFSLLRLGPEHHLVEVEAHHLILDGWGFAQLSQALGEVYGALLRGEEPEATAPCFSDFIEDDARYRQSSRYQRDRDYWLDLYRTLPEPLLRPRYRPSPDAPPGESLVQAFPAVLHERMKSLGQELGGSAFHVLLAALHVYFTRVGQRAEWVLGMPVLNRPNAAFKATLGSFTQVSAVRMDFPGELTFQGLVMAVRDRLKQDFRHQRFPLSELNRALGLLREDRTQLFELSLSYEVENLDYHYGEAGASSVKVSNHHEPAPLAIHLRSNRFEDSAWMHFVYDRSYFRDEDIQALSAHLLHVLQQGLEDVALPIRRFSLLT
BGC0002092,LCFA,12.0,14.0,1.0,1.0,COND0002092-steA,Condensation_Starter,NVADDVSVPVETFALTAAQRDIWLDQLSRGDSPLYNIGGYVELSGPLDPALLHSALESLVAANDALRIVLLADVGHDGLPLQGFAQSLPVAMPLHDLSGQPDSQAAARTLVAAQMAQAFVLSGHALFRFSLIRLDQQRHWLAAQAHHLIIDGWAFALLFKSVGDIYSALCRGEPPRVAAPSYVGFIEDDARYHQSLRYEVDQRYWLDKYRSLPEPLLIPRHRESHNAETAPSRIHVEAFPAVLHQRMKDCARQLGGSAFHVLLAALHVYFSRSGQRDEWVVGLPILNRCGARFKGTLGLFTQVSAMRMGFGRALSFAELIKAIGADLKQDFRHQRYPLSEMNRALGLLREDRAQLFELSVSYEQDDYDYRYGEASGHSVKVSNQHEATPLAIHLRSNRYTDKAWLHLVYSPAYFTADEITALTERLSLILQQGLERPALAIADFNLNSPAELALLN
BGC0000997,LCFA,14.0,15.0,0.0,0.0,COND0000997-glbF,Condensation_Starter,MQANHNTPSYPLSPAQQEIWIAEQLNPGTGVYNTAGYADIRGPVDVARFGAALRQTMAEADCLRAVFHDHGEGPRQTPNDTMAWPFPLIDVSGEPDPQAAAEAWMQADLAQPPDFAHGPLFRMALFRAAPDRFFWYLCGHHLVADAFGLTLLMHRLAEIYSALMLQQAPPPAWFGKLEDMIAADRDYHTSDALEHDRTYWISRLAGCPEAVSLSTGTAAAAAAPPGKFHRQWAELPAATGDALRAIARDNGAGVPPLLIALVAAYLYRMTGQEDLVLGLPVTGRPGRELRRIPGMLANVLPLRFEMTPNLGFGALFQQTAREVRQALRHQRYRGETMLRDLQQAGAVARLYAHNVNVMAFDSEVWFAGHAGRTCNLSNGPVDDLSLTIYDDGEGKGLRIAFDAPAALYTEDELSGHRERFIRLANTLVADLGAPIAAVDLMA
BGC0000447,MCFA,8.0,10.0,1.0,1.0,COND0000447-taaA,Condensation_Starter,MNLPVQSSQTFPLTAAQKAIWLDQISQGESPLYNIGSYLELNGPLNAERMQRAAEVLVAKHDALRLTLLDATDADGVPLQFIAPTVSVAVPLFDLSEQADPVNAALALMDEHMARAFSLTQAPLFRFFLIKLGEAHYYFASQAHHIILDGWAFGEMLQSLGDIYSDLTEARQPDMEASSYVDFIHDDVRYRESARYEKDREYWQHKYQTLPEPLFAARHQDQYAKGKAPGRHYIRPFPVVLHDRMGELAKVCQASTFHVLLAAMYVYFTRVTQRDEWVVGLPLLNRSAKFKTTLGMFTQVSAVRFSLGRELTFSALVGAVRDALKQDYRHQRFPLSGMNLRAESGPLFDLTLSYEQDDHLYQFAEQRGHLVKVTNNHEQMPLAFHLRASNHKDKAWAHYVYNEAYFNADEIEALAERFTYVLEQALENADLAVAEFSLTT
BGC0002518,LCFA,10.0,12.0,1.0,1.0,COND0002518-GE543_00950,Condensation_Starter,MLASSAATFPLTAAQRDVWLDQISRGDSPLYNIGGYLQLSGAVDPATLHKALEQLVCAHEVLRTVLMPGAAEDGMPLQSYAARLPVSLPLHDVSGHPEPEQAARALINDNMRRPYGLDGSPLLDFCLIRLADDQHWLAGQAHHLILDGWGFGLLFKSLGELYSALMAGKDLELVAPGYSDFIADDARYQASQRYSLDRAYWLEKYRDLPEPLLVSRYHNRRANDPAPSHACVQPLPGNLHARMKQFAERHNASAFHVLLAVLHVYFTRTAQRDEWIVGLPLLNRSGARFKATLGHFAQVSAVRMAFDEGLDFGALVVEVRSALKRDFRHQRFPLSELNRSLELSREGRAQLFEVSMSYELEDHGYCYTDAQAQTVKVSNGYEATPLAVHLRSNSCNDEASLHLVHHRAWIDDDEASAIAGRLLHILEQGLENPSLKIQNFHLSEPAEQLQLQA
BGC0000449,MCFA,9.0,11.0,1.0,1.0,COND0000449-triD,Condensation_Starter,MTQHDIQLFALSQPQQRIWYTELLYPNRNTSTLITTVKIKGTVRIDALQQAMNQVIAQNDSFRIKITAEDGIPYQYVEPFVAQSIETLQVTPEEAELLVNRLNSQPFLLLDSQLYQLVILQLGAEETWYNFTMHHIISDGVSMNQAINEITTHYMDIVHGTGQATSTKANPYLDFIQVEQSYEQSDRYQKDKTYWTEKFADLPETTGLKPYNPLTLSTVARRESYKLEPELYRGVTVFCEEHKISIFTFFLAALYIYLHKVTGEQDLTVGTLYANRTSKKEKDTIGMFVSTVATRLLVEPESELLTFLQGVGKEQSSILRHQRYPYNKIIQDLREQQSSLDIQRLFGVSIQYRTLSFSRFDEAVQQVDTDFCGDTVNDFDIHMVEMLDDDQLILHLDYRTDLFSEQEIARIIRQFLSVAEHMVKGPQKRIQELSLIS
BGC0001796,MCFA,9.0,10.0,0.0,0.0,COND0001796-BrL25_22185,Condensation_Starter,MINHEQIYPLTHSQKRIWFTEEFFPNTSISNIGGLIRLQAERLDYALLQKAIQTFIQMNDSIRLRIILDSQSNEPRQYIAPYHQEVLPMLDFSEKTDQDELYSWAKEKFQTPFELLHKPLFKCSVIKCSEQEGYIYLKTHHIITDGMAYVQIVNHIISIYTELLTGTDVLESKYMGLPASFIEFIHDEEKYTSTARFQKDREFWHEEFSTLPEFTGFKAYDAYSVSTKARRKRIVVPQDLRNQAQKFCTENNISIFTLFMSMFHAYVYRLTGQTDITIGTTCNNRTQRKEKDMIGMLVSTMPFRFQGDPEQDVLSFIRNVAKKQNKLFRHQKYPYDQVMQKVRDKHPHVNSLFRLFAGYQILDFEQIAGVRYTVEQLFVGHMTEEIALHIQEHKDKDLLTIEIDYVEEMYTEDEISRLAKHLLRLAQDTISFPEKKVAELQMLS
BGC0001370,SCFA,6.0,9.0,0.0,1.0,COND0001370-cda2PSI,Condensation_Starter,MSEKSSVRHGLTSAQHEVWLAQQLDPRGTHYKTGSCLEIDGPLDHALLSTALRHTVSETETLCSRFLTDEDGHPYRAYCPPAPEGSDAVEGPDHVPYTPVLLHHIDLSDHADPEGEAQRWMERDRATPVSLDRPGLSSHALFTLGGGRHVYYLGVHHIVIDGTSMALFYERLAEVYRALRDGHEVPAHSFGDTDRMVAGEEAYRGSARHERDRAYWTGLFADRPEPVSLTGRVGARALAPTVRSLTLGPERTGVLGRAAEATGAHWARVVIAGVGAFVHRMTGARDIVVSVPVTGRYGANARTTPGMVSNRLPLRLAVDPGDSFARVVENVSGAMSGLMAHSRYRGEDLDRELGGSGVSGPSVNVMPYIRPVDFGGPVGLMRSISSGPTTDLTIVLSGTPETGLRVDFEGNPQVYGVQDLDSLQERFVRFLAYLAADPAARVDDVALLT
BGC0001980,LCFA,10.0,12.0,1.0,1.0,COND0001980-lokA,Condensation_Starter,MATPSASLQTYPLTAAQLDIWLDQLSRGDSPLYNIGGYLDLSGPLDPARMQAALEALVARHDALRTILLPGAGADGLPLQQFARSVAVPMPIDDVSAHSDPESAARALVQARIDQPFVLDGGCLLRFLLIRLDEQRHWLSVQAHHLIVDGWGFGEMFKSLDEIYNALAHGQPTPVAAPSYIDFIEDNARYQASPRYAQDRAYWLDKYRQLPEPLLLPRHQQSLAGQTAQTQVYAQPLPALLHERMQQVARAFGASAFHVLLAALHVYFSRTAQRDEWVVGLPILNRSGARFKSTLGLFAQVSAVRMGFGRHCTFAELVSTIREELRKDFRHQRFPVSEMNRALGLLREERSQLFEVTVSYEQGTHDYRYGEASGRIIKASNVEEATPLAVHLLSNLANDDARLYLIYSEAYFNADEVKALAERWLLILEQGLEAVNLAVADFDLST
BGC0001095,LCFA,16.0,18.0,1.0,1.0,COND0001095-RBAM_018460,Condensation_Starter,MKNTVYSLTHAQRRVWFTELLEPGTSICNLAACVKFRGDIDFDVLRHALDFSISQNDSLRFQLTEGDGSEPQLYLAGHRPISLETVDFTHTDQAERDAWIDTQTRVPFKLFHSPLYHFTLLVMSDEEVWLYSKFHHIIMDGISLNLLGNQLIDIYQKIMRSEDLAEHHRPSYLSYMEKEQQYLQSSRFQKDRSFWTETYRTVPEHLSLAERTSHLRQSTAASRDTITLSHSLEQSIRRFCKENNISIISLFMASLYICISRLTAKKDIAIGTYYGNRGSRLEKDMLGMFVSTLPIRMTADPDAEFLSFVRSVGKEQLSVMRHQKYPYNLFVNELRQIHHDLQNIIGISMQYQPLAWRQAEGFDYETAMFFSGHTANELSILIKERTDTGLIELNFDYQSALFTETSIKRIQTHLLTIVENAVRNPDRLIRHIDMAD
BGC0002351,LCFA,10.0,12.0,1.0,1.0,COND0002351-thf1,Condensation_Starter,RNHSQGSVMVEAQCYSLSSTQQSVWLDQQLSPDTPSYNIGVTVEIHGAVDFALFAAALRAVVAQHDALRLIFSEQAGHVTQRVDDTVQGALAFHDWRGEPQARDAALARITQLNRTPFTLYDQPLWSMEWFQLSDTHALWNSRYHHLICDGTSVGLIGQAVSAAYNQLLQGQSPTLDPELAQGYRDFVARDQAFLDSTRYTKARDYWLEQFPVLPAPLFQQGPRANVGEPVPSAQAIWTLGGERLERLSQWAKTQGATLSHSLSALLAYYFSRMTDQREQLVIGLPVHNRSNPLQKRTAGMFSSVLPLTVLVDPTLSFAHAVQQVASQTLRSYRHQRYPLQTLHRELRARAGHPGHLFEVMLSVEQYPGDVHLGPARCALRTWHNGHERYPLAIYLRHYEEKTEPLLEFNYDPRLFSAEDMAAHLRRLHHLTEQLLAAPDRPLAKASLLD
BGC0001806,SCFA,5.0,8.0,0.0,0.0,COND0001806-APU91750.1,Condensation_Starter,MKPQTFPLTASQKAIWLDQISQGDSPLYNIGNYLEIQGPIVPEVMQRAVQLMVDKHDALRLALVDETDADGVPLQAFVPAIKVDVPFLDFSTQADPVGTAMAFVEEHMARSFPMTKAPLCRFFLIKLADTHYWSIYQAHHIILDGWAFGEMLQSLGALYSDLLEGRQPDMEATSYVDFIHDDLRYRESARYAKDHDYWQAKYQSLPEPLFAARHHNQFAKGKAPGRHYARPFPVALHERMGELAQDFQASTYHVLLAAMYVYFTRVTQRDEWVVGLPLLNRTGKFKGTVGMFTQVSAVRFSLGRELTFGEVICAVRDGLKQDYRHQRFPLSGLNLRNEGGQLFDVTLSYEQDDHLYQFAQGLGDSVKVSNSHEQMPLAFHLRASNLKDKAWAHYVYNEAYFNAEEIQCLAERFTYVLEQALENAALAVNDFSLTT
BGC0002336,LCFA,,,0.0,0.0,COND0002336-H9D14_RS10900,Condensation_Starter,MNILDKHLAHPLSAAQTDLWIAHKLDPANPSYNTASYVEFHEPLEAAVFERALRQAIAETESLTTRFVEIDGVPSQIIGTLENWQLPVLDMSGDGDPLASAEAWMRADFMRATDLTRDPLFAYALLRVAPDRVLWYQRYHHLVADGVAASMILRRILEVYAALLAEAPLPDGAFKPLRLLLEDEAAYRESPQYERDRRFWLARFADRPQPVTLSNREAPAAAHHFLRRSGNLGRDALERLKANGVDCSWAQLLIAATAIYLHRLSGSEDIVLGLPVPARLGVARQVPCMAANVLPLRLAIRHGDTLADVLRQTAREVLQVQLRQRYRSTELSRELGLPALGQRLYGPQVNITFFDGPRSPAPRFTSHTLSTGAPTDLTISASMSSVDYESVRIDFDGHPALYSEDELGEHQQRLFRLIEDAVARPAEPVHRLGLLD
BGC0002384,MCFA,,,1.0,1.0,COND0002384-QWM97319.1,Condensation_Starter,MNTALSFALSAPQLEMWFAQELSPDNPYYDTRCYVDLRGPLDIERLRRALRATVSETDTLQLRFERGADGPSQRFAQAPELALAVVDLSAEADPVAAAQDWMRAATASAIDLDGETLGASAVLILGPQRHFWYQRYHHAIMDGYSVSLLTARAAELYDAYGRGETPPPARFGSVLEVIGEDRAYRGSERFGKDAEYWRRALDGAGERIGLDGRAPAASMGFHRASLPVDAQLTQALLEGERRSGTKWPQLLTAAAAAYCHRVAGRERMLFDFPVANRAKSNRDTPAMLANVLPLPLDFPAGASLTDVAAAAGREIGKTLRHQSYRGKDILQSLGDGGQQWIFGPRINIIPFDFGFSFDGHPAVLHSLANGPVNDVAITLQGRLGDRGCELHFDVNSELYSAADAQNHLRRLVAFALRAVAAPERPIREIALLE
BGC0000383,LCFA,12.0,13.0,0.0,0.0,COND0000383-PluTT01m_09655,Condensation_Starter,MKQHQGSYYPLTAAQQEIWLAEQLNVSTGIYNTGCYIDISGAIDIETLNTALSQLIDEAECLRVVVVQHPQGPQQQIVTNLQWKCPLIDLSHHEDALIEAETWMNAELVRPMALTLGPLFGLALLKISDEHYFLFIRVHHLASDAFGTTLLIQRLAELYTQKLTGAAELENPFGPLSDLLAFDEEYRRSENFQHDRQWWSQYMVGRSEPQSLAVGAKPGQFADLGSFSCTPCEIPAKVKDILRTLSEESGSSMAQIIIAIVASWISRMTDKQDITLGMPVTARSGRALRSIPGMISNVLPLRLTIDPAHSIGDISKLVSQEIRQLLKHQQYRSEDIYRDLQRNGSAPRLFAQNINVMLFNSNVSFAGNFGRTKNLSSGPVEDLTVTIYDHGEGDSLQFTLDTNDNLYTPHDINLQKSLFQHFITELLADISRPIGELTLPD
BGC0002044,LCFA,14.0,16.0,1.0,1.0,COND0002044-DPH57_09150,Condensation_Starter,MRSEVLYQLSSPQHAVWLDQSLAPSLPCCNIGVVVQVDGVLDLARFEAAIAHVAQTNDALRIVLEQGADDCRQRFSGAAGQWLQRFDFSQLDDAHGQAWAHVKQVFGTPFDVYGPRLWCMHWIDVAPGQAFWLFCFHHLVADGMSISLIGNAVVDAYNRLMRGEALATQDEDASYRDFVTRDGEYFASPRHDKDRDFWAERFARLPEPLFQASARKARSDQPCGQVVWQLDRQAYARLSKVAAAEGGSSTNFLMAVLAAYFARVFQRSDEVVIGMPVHNRTGAAQRRTIGMFSSAIPVGIAVDPEQPFTRILQDVAAELKRCYRHQRYPLAEIHRRLLAGASDRRGLFDVALSVEGFIGDLRFDGDVRTTVHPLHNGYERQPLGIYVRDYEQEKPVYIEFNFDPDVLTPEEMGNHVRRIERLTLAAIAAPSTLVRDLPAMD
BGC0000336,LCFA,10.0,11.0,0.0,0.0,COND0000336-dptA,Condensation_Starter,MDMQSQRLGVTAAQQSVWLAGQLADDHRLYHCAAYLSLTGSIDPRTLGTAVRRTLDETEALRTRFVPQDGELLQILEPGAGQLLLEADFSGDPDPERAAHDWMHAALAAPVRLDRAGTATHALLTLGPSRHLLYFGYHHIALDGYGALLHLRRLAHVYTALSNGDDPGPCPFGPLAGVLTEEAAYRDSDNHRRDGEFWTRSLAGADEAPGLSEREAGALAVPLRRTVELSGERTEKLAASAAATGARWSSLLVAATAAFVRRHAAADDTVIGLPVTARLTGPALRTPCMLANDVPLRLDARLDAPFAALLADTTRAVGTLARHQRFRGEELHRNLGGVGRTAGLARVTVNVLAYVDNIRFGDCRAVVHELSSGPVRDFHINSYGTPGTPDGVQLVFSGNPALYTATDLADHQERFLRFLDAVTADPDLPTGRHRLLS
BGC0000431,LCFA,12.0,13.0,0.0,0.0,COND0000431-SSGG_00678,Condensation_Starter,MEINGELDVDLFERALRSAVREAEAVHTRFVGEGEAVRQHVRVSDDWPFHRIDLSGEPDPRARAEEWMRTDMRRPVDMRGDALFTQAMLRLGPDHVYWYQRCHHILGDGFSGPLVNNRIAQIYAALRAGDAYDEGALAPFSNLLDADRAYRGSEEQAKDRAYWGEIFADLPTPVSLSGRIPAGTPHHLIRGTAEMPSEAAADLRTTARSLRTSISGMAIAAAAVYLNRATGAEDVVVALPVFGRFGSAQRQTPGMATNLLPIRLTVRSSMTVQELVRQVSVQVRGALRHQKYRYEDMLRDLRLIGRGNLASMVVNVVPYAYDFSFGDCEVRAHALSSGHFNDVAFCVYDRSADGRIQIATDASPELYSPHANQRHTDRLHTVLTWLATAAPEDRVGRVEILD
BGC0001050,LCFA,10.0,11.0,0.0,0.0,COND0001050-ttbA,Condensation_Starter,AAVMDAAAPAADAPSQPSAPMPLSGAQAAIWAELAAGGVATTFYNIADQISLNGPLDPAAFRAALYHVHRAADVSRLRFAADDGVPVQWFDATPGRFDFALIDLSDAEDPETLVTEEFHALRLRPFDLMHGPLNRHRLIRLAPDRHCWIRCYHHLITDGLGGVMTAAATAAAYDAYKQGAPLPDPAFLPYGDHLTREAAHAAGAAGAADLAYWRARLAGDIHPHSFGHTMRPGGQPVTANPVTANPAAAGARRTAILGAEAPPQSVIRPLGAARMAALDALAGRLGINARSSVMLALFLALLGRSVGTDTPSCTTLLSNRLTRADRRTLGQFAYTVPFWTPIDPAESLEDLARRVDSIARRDLRHMRLAPVRWREAGFTPAAAIARGATFNAMDFPATLGFDGLSVAVRNAVFGPLDDVLACLRTYGTAGGADMQWSFPPARIDASAVEALADSYDRMLDAALADPSQPLRQIQALA
BGC0002548,LCFA,12.0,14.0,1.0,1.0,COND0002548-banA,Condensation_Starter,DAAHGLSATCETFPLTTAQRDIWLDQLRQGDSPLYNIGGYVDLTGPLDPALMQRALEGLVARHDAMRTILLPGAGEHGLPLQRFAPALPAPMQVHDVSAQPDPQSAARQLIQARIEQPFILDGGPLFRLTLVRLDSQHHWLSILAHHLITDGWGFGEMLKSLDEIYNALADGQPSPDSAPSYVDFIHDDARYYQSARYAHDRDYWLDKYRSLPEPLLLPRYQERFVREAAPTRIFSTAFSAQLHERMKHVARESGASAFHVLLAALHVYFSRTAQRDEWVVGVPLLNRSGARFKSTLGLFTQVSAVRMGFGRDLTFRELIVAIRDELKKDFRHQRFPLSEMNRALGLLREDRSQLFEVTVSYEHDAHEYRYGQAQARVIKVSNHDEGTPLAVHLLSNRSRHEDSLYLVYNEAYFDADEVRALTERLLLVLEQGLENADLPAGDFCLSTPAESILLQQ
BGC0001876,LCFA,10.0,11.0,0.0,0.0,COND0001876-ttcA,Condensation_Starter,TNTFAPGTERQGAPLTTPQSSIWLDWAKGDDCANYNICSVIRFDGDLDIPALHKAIVQTDQENDALRLRFGSEGGNPFQFFADTCRETDFSVIDLSFADDPVLIAHNEVEEIRRRPLDPENGRHCRHRLLQLGKGRFWWVRVYHHLVCDGYAGHLMAMRAAEIYSALKTATAVPESTFGSYLDFITADTTYPETPAFQRDLAYWQERLKDDHTITRFSSDRPSGKLVQARLEQNLDGQELARLTQTAKACGTSPTAIVMAAYFILLGQITHIKHPTVTMPLLNRLGRAERQTPGAFSYIVPFDADLGKHARFSDLARDIFARARRDVRHMRLGAPRMRAARLGARGLSGGGAFFNSLDGADPLSFAGLDTRRVNIYNGPVTDLGLIYMMQALSPDRQEAEIIWQYDTACHDVKSVTRIADRFRHFLSRALDDPEQEIATIAAPPLDELAVIR
BGC0001791,LCFA,10.0,12.0,1.0,1.0,COND0001791-YC6258_RS23075,Condensation_Starter,MEISTTESFDRLIPLHTSQENVYFEQLLYPEDPIYNIACYQVLDSANTHREKLKHCWETLHEHLDALQMAFHEDEEGYLYQNPVEDRNAIFLENDFSLRENPEAEALRWMESRLSIPMDFMSGYVSELSLLKVSDDKHFLFFRFHHIATDGMGVHIFLEYFHKLYEDTTNNDDTFWLRSIPDYKTIAANSKNYLGSSRYENDKNYWQEKLKGMVVTKLENFHDSKGSNEVTYKLPKTLSDSMKLFCEQHKISYLILLSSVISVYFSNLLNRPDIAFGTIVHGRGDAKSKKTVGMFSNTVLIKCDIPEGLTLKQLTEQLGKEISSTLRHSRFPYSHFTRLSKKTDQSSADIIINCETFSYNQMEVNKKIETCHLGNKHEKQPLQIRLIDYDFNDDLEIKITYNHRFFDDHEVKLMGKRLLNMLNHCILDIETPVANISILP
BGC0002424,LCFA,,,0.0,0.0,COND0002424-sacE,Condensation_Starter,MALPLTGAQTGVWLAQQLEPDNPVYNVAWYLELRGPVDHDRLAAAVRQTIGETGALHVRFTGDGQVPTPPTTDLTLLSFDSLADARAWMDDDMARLTDIATGPLFHHALLRIADDHVLWYQRYHHLVVDAYGCVLITRRAGELYEGATEPRPKPVQALVDADLAYRDSPDRDADRAFWHAKMADRPEPVRLVPRAAGQVREVIRRTVELPNPLTSRQVIAAVATYTHRVTGASDLVLAMPVTGRRDAVSRVTPGMASTVLPLRVTVRPDSTITGLIADVDREIREVVPRSAYRGEDLARELGLRDGIPELVGPTVNYLGFGREMGFADLDPAFHMLSLGPVNDLTTSFLRRADGRLVVTFEANAAVCTPAELADHQRRFLRVLAADPDQPVALIDLVD
BGC0001149,LCFA,14.0,16.0,1.0,1.0,COND0001149-BN844_0706,Condensation_Starter,MDALYPLTAPQLDIWLDQVLHGDSPLYNIGGYACINGPVDAARLKQAIDHVVSRHDALRIQLVPGSADHPLPRQRFLESASAPLTLHDVSAEADPQASALALLQVNLQTPFSFDGGLLFRTDLIKVRDDLHYFFVNGHHLIIDGWSFAMIGRAISEAYTAALDPAETPLPAPTYQAYVDQQRNAKNSPAFQRQRQYWLDKYRSVPEPLLAPRHPGRFEQRLAPSQNHAWRLPRALYDRLGERAKACGQATVFHAMLGLLYAYFARVAQRDEIVIGMPILNRANAAHKATVGLFVGMSPVRLSLGTELSFSELVARIALTLKQDYRHQRYPLSELNRELGLQNQGRRQLFDLVVSYEQDQDTWYGAAPAQPVKLSNGYEQMPLAMHIREAAPDDDVWMHFIYNEAWFDAAQIEALQQRFMTALHGVVDDFDVPVKALDIMP
BGC0002359,MCFA,8.0,10.0,1.0,1.0,COND0002359-FM076_21195,Condensation_Starter,MGQVGSGEGLPLTAAQTGMWFAQQLDPDNPCYRAAEAVEIQGPVDVGLLEQALRRTVAETEALRVRFVTTTDADGEEQVRQVVEPCEDWPLPLVDLRGEADPEAAAHAWMWKDLDRPVDPRRSRLFSFAVLRTGDARYLLYLAIHHIAMDGYAMTLFLPRLARIYTALEAGEPVPGPGLAPLARALDDEAGYHRSARAERDRAYWADQLATWGTAPSSPHWPRPARRFVRETGHLDPEAALGLRTLARGARTGLATAAMAALALYVHRLGGLDHDADGVVLDVTVTGRGGATRDVPCMLANVLPLRVAAPARGTVGELLRRTAAQAKGLLRHQRYPYWYLRRNLKAAPGPAGGTAEWGINVMTHDPKVAFGRHPAVLHNLSNGPVTGMAVNVYDRTHDGSLRIDFQADPAAHPAEDVAAHHRRFLALLRTLATAEATHRLDGIDLAT
BGC0001574,SCFA,5.0,7.0,0.0,0.0,COND0001574-ATY72525.1,Condensation_Starter,MATPDQETGRRPLLAAQEGIWTGQQLDLDSPAFNTGEYVEIHGPVDTAVFERALRDTVAEVEALNVRFVEDEGQPWQVTVPATDWRPHTADLTGLADPRAAALDWMARDMDRPVDLTREPVFGHALFRIAEDHFLWYHRVHHIALDGFGLALVARRVAETYTALVEDAPLAPNGFGTLESVRAEENAYRASERCAKDRAYWTERFADRPAVASLTDRHALPARTFLRRVVDLGAADVEPLRALARELSVTWSDVLVAATAGYIHRVSGARDVVLSLPAMGRLGSVSLKVPSMVRNVLALRVAVEDGDGLRDLALRVSGELRAGLPHQRYRYEQVRRDLKLVGGKRRLSGPGVNIMPFEYDLRFAGHRSTVHNVSAGPVDDLSVNVYDRAEGAGLRIAMDANPDLYTEAELAAHQQELLDLLREAVARPDRPLGELRPLT
BGC0000433,LCFA,14.0,16.0,1.0,1.0,COND0000433-srfAA,Condensation_Starter,MEITFYPLTNAQKRIWYTEKFYPNTSISNLAGFGKLISEDGVQAHYVEKAIQEFVRRYESMRIRLRLDDEGEPVQYVSEYRPLSIGHTDIRQAGCSADELSKWGREEAGKPLALYDQDLFRFSVHTISENEVWFYANVHHIISDGISMTILGNAITDIYLELSGGTSEEQTEIPSFIEHVLTEQEYVQSKRFKKDRDFWNGQFETVPELVSLKRSRADAGLDAKRFSQEIPHDLYGRIHSFCEEHKVSVLSLFQSALITYLYKVTGRDDVVTGTFMGNRTNAKEKQMLGMFVSTVPVRTSVDGGQSFLEFVKGRMKDLMKILRHQKYPYNLLVNDLRASKSSLSRLFTVALEYQVMQWQKKENLSFLTDPIFSGSGTNDISIHVKERWDTGKLTIDFDYRSDIFKGEEIESVSERLITLIEDAISSPDRIIDELTLLS
BGC0001524,MCFA,8.0,9.0,0.0,0.0,COND0001524-Sulba_0748,Condensation_Starter,MLNIYALSSPQEAIYIDSLLYSETTKYTMGGFALLSGRIDVEIFKKAHAITLTLHDVFLSKIETRHGKIVQSSPHEPYGVYFKDFSTSVDSYRAGVEFILEDFSHPIPINAYPLAADMLLKVNEELYIWYTKLHHIMNDAFGHALFAETLSEIYTALFYKQELPVKERHRYVDFVEDDNAYLHSETFLKDAAFWMEKFKTLPEPISFSGSKDGLCEQEALKTERMTLTLSRLCYNDMLRICSENSFTSFHFLLAVLYTYLYRTKNRNDIVIGMPILNRNNKKFRNTSGMFMGMIPLRIKMEEGMSFMDLALGISRELRECYRHQRYPLGQIIKDCRSKEGFYGNIFDITFVYRKLSYDKKFGKTLMRMQILDTKAREESFSVEVDEFDDGDVNLFFNYNPYVIPPEEAEQMVRGFETLFLDVAMMEDKPLKELRIMP
BGC0002430,MCFA,,,0.0,0.0,COND0002430-gauA,Condensation_Starter,MNIRRAGHDPLPATAAQRGVHIAEKLDGDAGAFHCGAVLELTGHVETDLLRRAVARAVADAETLRVRFTERDDRLLQHVLAPAAAQAEAALAEVDLSGARDPAAAADAWAADRLAAAPALVGGDPLVAHALLRLSPSRHRLVLTYHHVVLDGYGQSLHTARIAEVYTALAAGRTVPGATAGSLAALVEQDRAYEESARHEDDRAYWLERLAGADVPGPSRYRGAGPRVRSRGRLTEERTRPVVEAARVAGVPWTVLVIALVAAYRRAVGDRDEVLFGLPLTTRVGRAALTTPGMLANELPLRLAVGRWDTLADVVGRVRGALGPALRHQRYRGEELRRELGWAGAGFGALMVNVMAFDRTLRFGSVEAVTDQLSTGPVHGLTLNVHGAPDGSGGLAVDLHAHADEHSEAELAAIRDDLIGHLLRASADPGRPVGAMLPRT
BGC0000341,LCFA,13.0,14.0,0.0,0.0,COND0000341-endA,Condensation_Starter,MRRKDLERLTSGQLGVWYAQQLEPLSPVYNIAEYVEIRGDVDVGLLVSALRSALDEAQTYRLRFRQEDAGPGQYVDDSLELPVHVADLGSAGDPRAAAVEWMTADLDRPADPLTGPLAAHAVFRLGPGHVLWYQRAHHLVLDGTSLSVFAARVADLYTASASGRPPAGGAPGPLSVLLDADRSYLRSEEYARDRRFWREYLADLPGQGAARGDRTRSLPGRPLLHTHPNDASAATELREAARRLRTSPAVLSLTAAALYRHRTTGTRDVVLGVPVTGRTTGRELGIPGMTSNVVPLRLSLDRGVTVAELLRRTSRTLRDCLRHQRYPYGDILADQGLVGRGALRDLSVNLMFLNRPLRFGDAVATRTGLSSGPIDDVAIGVYDRGDDGFRTVVQTNPGLHDPGAGAEISRAFRTVLGRLAAAPADAFADRIDALD
BGC0001657,MCFA,7.0,9.0,1.0,1.0,COND0001657-lesA,Condensation_Starter,MSSAQSFALSAPQLEMWFAQEFSPDNPYYDTRCYIDLRGPLDIDRLRRALQTAVGEADTLHLRLQRGAEGPVQRLQAAPELPLAVLDLSAEADPCAAAQAWMSAAASRVIDLQGAALGEAAVLSLGPQRHWLYQRYHHAVMDGYSLPLLVARAAELYDACGRGETPPPARFGSVLEVIEEDARYRASERFGKDAGYWRQVLADAGERVGLDGRAPAQSVGFHRASIAVDAALAQALAEGERRSGAKWPQLLTAAVAAYCHRVCGRERMLFDFPVANRAKSNRNTPAMLANVLPLSLRFAADASLAGIAAAAGQEIGKALRHQSYRGKDILQALGDGGQQWIFGPRINIIPFDFGFEFDGHPAVLHSLSNGPVNDVAITLQGRPGENACELHFDVNRELYSQADADRHLRRLLAFVRRAVAAPERPIREIALIE
BGC0001715,LCFA,10.0,12.0,1.0,1.0,COND0001715-octA,Condensation_Starter,MSENKNKLYALTQAQRRIWNMEMMYPNTTVGAIGGTLFIRGHVQTDVLMQSVYKLIREHDAFRIRIAPSEAEPMQWFEEESNIIPECDYLEMGSVEEAKEWQERFNRIPISIFDEKLYHFCVFNINNEEHWFNLKINHIIADGVASHLIVNTVMQNYMDLLNGTVPDQKAKSSYLDYIYAEQEYERSERYQKDKAYWLDKFKSFSEITAIKPNTPYAISTEARRASVPLTHKRYEQLKQFSEQNNVSIFTLFLASLYILLHKVTGNQDITVGTIYANRTSKQEKETIGMFVSTVATRMLLDPDQSAATFLHHVSKEQKSNLRHQKYPYNQLIQDLRKENKQHDIPELFRVDIEYLPLTWSHYDDLSVLQNSRFCGHEVGDFAIHVVDMIDDGRIELNFDYRIQLFEEHEILRIAEQMIAIIEQIIQNPQQTVRELSMLS
BGC0001346,LCFA,12.0,14.0,1.0,1.0,COND0001346-banA,Condensation_Starter,DAADGLSATSETFPLTAAQRDIWLDQVRQGDSPVYNIGGYVEMTGALDPALMQAALEGLVARHDAMRTSLLPGAGEQGLPLQRFLPSMPVPMPFHDFSAHPEPQAAARRLTQERIEQPFKLDGGPLFRFCLIRLDERCHWFSLQAHHLIVDGWGFGEMLKSLGDIYNALALGQVPPDSAPSYIDFIHDDARYYQSDRYGRDRAYWLDKYRHLPEPLLLPRYQERFAGATAPTRIFSQRFPARLHERMKQVAHEYGASALHFLLAAMHVYLSRTGQRDEWVVGLPLLNRSGARFKSTLGLFTQVSAVRMGFGRELAFSALVKAVRDELKQDFRHQRFPLSEMNRALGLLREDRSQLFEVTVSYERDAHEYRYGEARGRVVKVSNHEEGTPLSVHLLSSRSDDEDSLYLVYNEAYFDADEIEALSARLLWVLEQGLENSALATGDFSLSLPAETALLQ
BGC0002100,MCFA,8.0,9.0,0.0,0.0,COND0002100-DBP21_21655,Condensation_Starter,MTQVQTDGLPLTAGQKDIWFDEKLSGGGATYNTAIYWDIRGPLDQDLFRAALERLVEESECLRARFTEVDGEPRQFIEPLARLPLTVTDVSGAEDPAAAAREAIAADLGVPLSLTATPHVPLFRLSVFTLAEDRTFFCLLNHHLVSDGFSYVIYWQRLSAIYEAMLAGSTLDEGRFSPLRTLVDAEAAYADSPRAERDRAYWEKQFADRPELVTLAGRDAEPAQAFLREETVLPQHVVDGLRRVAWESRVTWQTVLVAALGAYTGRMAATEDVLLSLPVTARAGGTMQGIPGMVVNYLPLRIEVRPGTTRAELLAATYTAFSKGLKHQRHRVSRIRRAMGLTSDDRRPFGPFINMMPQVEQLAIGPCEATIYSPSTGLVDDLEFTVADKGEAGVGVDLSGNEARYTQAEVRGHLDRFTDYLGRFVDCAEGPLGSLELLL
BGC0000354,LCFA,14.0,16.0,0.0,0.0,COND0000354-pstB,Condensation_Starter,MTDVSVDRRPVSAAQLGIWVAQQVLPDSPLYNCGCYYEIGAADPVLLDRAVRHAVAETEALRSRFETIDDELWQLVGPAEPEPLEVVDLSAEADPQEAAQSWMRAAMAGVRPLGRGPLSRQAVLLLGADRRLWFHGYHHAVLDGFGQSVYASRVAEVYAALAAGQAPPPRVFTTLDEVHADAAVDPSTRRYAADRDYWLNTFADRPEPAGLAGRSAGAVPTQLRRIRALTPETATRFAAAAGAVGSTWPAAVIAAVAAYYHRLTGREDIVFALPLAGRRGRTSLTTPGALVNVLPIRLTVSSRDTFAELAGQAARRLADVLRHQRFRGEQLFQELGLTGERAFWGPTVNVMGFGGDLALGELTAVPHPLATGPVQDLKINFYGTPATGVRLEFDADPALYDAAAVEAHQTRLVRLLTALGDDPATRIGAVDLLD
BGC0001448,LCFA,11.0,12.0,0.0,0.0,COND0001448-mlcK,Condensation_Starter,MSGDVRRAVTAAQAGIWFAQQLKPGNPLYNSGAYFEIDGPLDVAAMRAAVRRAVTETEALRVRFEESPEGLHQVLQDFDAPLTDIDLSDAPDPHTAALDWIRQDLATPADLTRVPAFEHALLRLGPQRFYFHLRYHHILMDGYAHALYCRRIAEIYTALASGRPPKPCEFGTLQQLLDDDTEYRASRRRERDEKYWLETFVEVPELASLAGRSVPAAPSTLRREVELPRRTSELLAKAAAELGVPWSVVAIATVATYTSRLTGLSDVVLGLPLTARMSKVALRTPGMVANDLPLRVTVRPSVSFRDLVRQLSQQVSRAVKHQRYRGEDLNSALGVSGGELTGTLVNVFSFEQDVRFGDLPTTPHQLSTGAVKDLIVNFYATSGSIRIEFDGNPELYGEEDLAAHQDRLVRLLEDLLAGVDTAVAAADLIE
BGC0002666,SCFA,5.0,6.0,0.0,0.0,COND0002666-lgnD,Condensation_Starter,MHARPLYPLSAHQRDIWFSDALMPESPQYSIVLREKFSGDLDLEALKAAVEYVLAHNDAFRIRIDSADGEPHQWLEPGEPELAVLDFRAESDPEAACLAWADERRTVRLPVPGERLYDAVLLRASDTKVYFQLTAHHLISDGWSLSETRKQVRDRYTETVRGEAAAGPAVPSFVDCIDADTRYRASESFAQDRQFLASALSGAEPRLFARKKPTAPLGHRTSFVIEGKVIDRILANGNSPFSVIAAAFGTCLARAHQADEVTLGVAMLNRHSAEERQALGVFANVLPLRVAADGSRSMSEVAEQVRMSVRGLQEHQRLPLADVLRDWRSSGRSGALFDVTISYLHFPEPPSVPGLSVDTHMALELLDGNALAIVVHAGEGADEVRVDLVYAADVFDDDFPMAEVVQAVQALIRQGVDLPDAPVGTLPALA
BGC0002119,MCFA,8.0,9.0,0.0,0.0,COND0002119-J6386_25750,Condensation_Starter,GPRTASASRAVAGWAGEVSDGQRALWRWQKDRPANRAFYVPFAVRWPEVPDATSLERALRVVAAEQPALRTRFVVRDDDVRVVVAAEPEVRVVRENWRGDEAALIRGLHELSNMPLGGDTEVLWRAHLIEHVTGAVLHVTFHHLIFDGHSAQLFFSRLEEVYDKLMRGEEPVVEPSSGLEAYGAAEAMYLESDTAKLDRDYWLQRFPKGFQPVFPANGDIKDSGGEMERLVIPDALVKAIAGVAAKAQVSPQGVVLTALLEVLSTELGRDRASLAVATDLRVSEGELSSIGYAVNLIPVAADRDTTGRFDQRCARVFGNLLDGLSHRRFPFRKLSLALAELTGDPARCTLDVGFYFQTWQVENHGRLVDGLIPEVHQVGEFPLVFEVVQNTGDWVLNVKFRPAVIAPTQARSLAAALVRGLRERTGADGSFSYPEGNVHDLITAQVQRSAAAPAVYFAGSTVTYAELEKKANQMARRLIVLGVDPEDLVAVALLRGVDLLV
BGC0001686,MCFA,8.0,9.0,0.0,0.0,COND0001686-BN712_00198,Condensation_Starter,MEKNLYNLTNPQKSIWLMDQVNPGTNLNNIGGPVLINDSVNVPLLEKALNLYIEKNEATRLRIKLVDSSPMQYVADYSYFTIPVTKLKNEKELEDWNQKIIDTPFNVFDSNLYSLSIFVLPDGRGGFNATLHHLITDAWSMSLLITEVMSNYSNLIHNNSVDYVFPNYTDFIDAENNYINSEKFPKDRLFWDEYFENCPELCSISSNNINSNMIAKRKSYILNSDLFAKINDFCKLLNCSVYTFFMSIYSIYLSKLTNISEPIIGTPVLNRTNFKEKHTSGMFISTVPFKAKVDSNITFSEFVKSVAITQLAIFRHQKYPYSHLLEDLKKKYNFSENLYDIALSYQNARDNKENCDIDYSSGWLFSGKCTDTLQVHFYDMDNTGDLNIFYDYQLDKLSDEEINTLHERIMNIVNQVLLNNEIEIKNIEIVT
BGC0001608,LCFA,10.0,11.0,0.0,0.0,COND0001608-AAW51_2719,Condensation_Starter,PPRAAAADAPTLHELASVQQVVWLDQVLDPGVPSYNLGAMWQIEGDLDPVLFESVLNELAAAHDALRLVLQLEAGVARQRVLPELEVKLPVIDLSMHDDARDRAWQHAQTSFATPFQLYGEPLWQTQLLRVGPSSFYWLHRMHHVIGDGATVSLTYLAAWDLYKRRLAGDTTPLEPGPSYLEFLDDDSAYLRSPRYQRDEQFWKQRYAQLPAPLLPVREGVEQRQALPSGQTSLYIERPRLRRFKALAARFGCTLPHAMLALLAAYFARAHQAPEVVIGVPVHNRGTARQKRTWGMFSSIIPVAIDVDPAQSFAALMQGVAAELKRCYRHQRFPIADINRALRLGQHGRKQLFDVTLALEEYPMDIYLGDRKLRVTKMYSGFEQTPLAVCLCDYHEDEPVAVRFNYNTGAFEHEAAEDLPRRIGVLLDAVLDAGDDRPLDDLRWFD
BGC0000369,LCFA,16.0,19.0,1.0,1.0,COND0000369-hasV,Condensation_Starter,MNQILPLSINQREIYIDQRMWAEGFHLNIGATVIVYGTFKREVFNYAMNKIIDCYPGLRTRIYEVEGKPLQTIANHENANIPLIDFSIRENSKEQAEEYINQEFKKPFSFGENASLVDFQLIRVREDYHIIFAKYHHAITDGWGTAIFFREVIKTYNQIIHDGKDNQIERDWVIAEYIDDEAAYLESKNFQRDRNYWQQRLSDISPNIFTSIKQQELHGQRQSIYISREQYNRVSQLCQNIQSNVFHFILSLISIYLTKRYSKKDLVVGLSLLNRNKKSFKDAIGLFVSTIPFRVDVNGNETIHELLNKIRSLLRQDYRHQRFPVGEMKRISGFQSNNKEHLFEVYLSYERHDYNEYFADTQTSCIPLYSQQQKVPLIIYVREYEENSDIKIDFDYNLSYLDAETVEQITTNFQNLFTEAANNLESTICDLAISLPE
BGC0001230,MCFA,7.0,9.0,1.0,1.0,COND0001230-sln9,Condensation_Starter,MSKSLPLSAAQAGVWFAQQLDVDSPAYTAGDCVDLHGPLDTALFGQAVDRAVASAQAARTRVVVTADGPRQEVAVRAGEPVTRVVDLRGEADPAASAEALLRAEVARPFDLASGEPLLRSTLVRTADDRHLWCHLYHHIALDGFAVWLMARQVAAEYTALVSGSAEAEREELAVEPLLAEDAEYQASDARTASREFWAGYFSDGFTPTVLAARPAGGVRAFHRSGVTLRAERAALLHAAASRLGASWAQVVAAAAGAYVQRCAGRAEVLLTLPVHGRTSGVSRRTPGMLTNMVPLRLRATPGTSVGDLVAATAREMRTVLRHHRYRAEELRRDLGLTSTDRRFFGPVVNIQELDGGLTMGPCTAETRNLSNGPVEDLAVNVFSRAGVVEIEVDGNADAYTQDEIAGHARRFGRFLEAFAGLGADRPVGGIGLLS
BGC0002432,MCFA,9.0,10.0,0.0,0.0,COND0002432-BRLA_c025650,Condensation_Starter,MNKDLIQLFSLTQPQQRIWYSELLFPNTGVSSISSITKLRGNINLSALQQALNTVIGLHDSLRIQLTSQNGFPQQYVEEHSDKEFECLDFSGVDGEAQALKWLDEHNRTPFELFHSELYTFTICKISDQEYWYNLKIHHIVCDGISANMFMNQVNKCYSQIANGEPLEIAANHAYFDFIQTEQDYEKSERYQKDKTYWVDKFSTLPEVIGFKSYNPFTQSTAGIRKNIILEDSLYHSLYDFCKQTNSSMLTVFMTAMYIYMHKKTAQNDVSIGTFYANRTTKKEKEMVGMFVSTVPTRVFVDPDMDLLALLQAVSKEQISILRHQRFPYNQMMQDVRETHQHKDLQRLFGVSVQYRAMDYPQYENVKVEVVENFCGDVINDFEMNVIELDNEKINLQLNYRAQLFTDEEMEQLVQQFSTIIETIIHHPTSKIADISLLG
BGC0001509,LCFA,10.0,12.0,1.0,1.0,COND0001509-A8O26_RS13975,Condensation_Starter,NVADDLSVPVETFALTAAQRDIWLDQLSRGDSPLYNIGGYVELTGPLDPLVLHSALECLVAANDALRIVLLADVGRDGLPLQGFAQALPVAMPLHDFSAHRDPRSAAQALVEEQMAQPCVLSGQPLFRFCLIRLDHQRHWLAGQAHHLIIDGWGFGLLFKAVGEIYSALCRGERPTLAAPSYVGFIEDDAHYHQSARYELDQRYWLDKYRSIPEPLLTPRNHEPLDPAKAPSRIHVEAFPALLHERMKDTARQLGGSAFHVLLAALHVYFSRTAQRDEWVVGLPILNRSGARFKSTLGLFTQVSAMRMGFGRALSFAELIKAIGAGLKQDFRHQRYPLSEMNRALGLLREDRSQLFELSVSYEQDDHDYRYGEASGHSVKVSNQHEATPLAFHLRSNRYDDKAWWHLVYSPAYFTADEIASFTECLLLILEQGLECPERIVADFNLNSPAELARLNE
