accession,category,misclassified,size_carbons,size_cno,cond_accession,type,aa_seq
BGC0000296,AR,,8,11,COND0000296-acmB,Condensation_Starter,MFVRPDAELPLTAAQREIWIAEQRLGKRNRVFRVGEYLEIHGRVDLGLFDRAVRLVVGEAQALHVRFTEAHGEVRQALRPPTDWAPTLVDLSAEPDPERAARAWLAAAVARPMDLAREHLFDHALLRLGDDRCYWYQGYHHIVMDAFGTVLITRRTAEVYTALAEGRPVSPSPFGSLDGFLAADQKYRDSEGFTGDRAYWTERFADRPEPTGIVARPSTTPDHYLRRTAALTPGELDGLREAARGARAPWSHLVIAAVAVYLHRMTGATDVVLGLPVTARLDQLQRRTPGTASNVLPLRLTVRPELTLRQLLTQVSARIVELGRHQRYRAEDLQRDLDLPGGLGTWYAPVVNIMSFDATPTFAGLPTTAHSLSSGLVGDLTFAAWDRRDGAGLTVDLNAHPELCPERELTAHHGRLVATLRAIASDGIDRPVGRIDLLT
BGC0000305,LCFA,,10,12,COND0000305-arfA,Condensation_Starter,PAVATPSASLQTYPLTAAQLDIWLDQLSRGDSPLYNIGGYLDLSGPLDPARMQAALEALVARHDALRTILLPGAGADGLPLQQFARSVAVPMPIDDVSAHSDPESAARALVQARIDQPFVLDGGCLLRFLLIRLNDQRHWLSVQAHHLIVDGWGFGEMFKSLDEIYNALAHGQPTPVAAPSYIDFIEANARYQASPRYAQDRAYWLDKYRQLPEPLLLPRHQQSLAGQTAQTQVYAQPLPALLHERMQQVARAFGASAFHVLLAALHVYFSRTAQRDEWVVGLPILNRSGARFKSTLGLFAQVSAVRMGFGRHCTFAELVRAIRDELRTDFRHQRFPVSEMNRALGLLREERSQLFEVTVSYEQGTHDYRYGEASGRIIKASNVEEATPLAVHLLSNLANDDARLYLIYSEAYFSADEVKALAERWLLILEQGLEAVNLAVADFDLST
BGC0000306,LCFA,T,16,17,COND0000306-SSIG_07966,Condensation_Starter,MSASPDRQLALTSAQTGMWLAQRFAADRLDYSIAQYVEIRGPLDTGLFVRAARRAFDEADAVRVRFVETQDGPVQLLAPDRACAVPVLDFTDRSRPEEAARRWMADELDRPLSLEEGRVLSLALLKVSEETHYWYLRGHHAVLDGYSGSVLVRRAADVHRALVAGDPVPECPYGTIEDLLSHDRDYRESPAFAADRAYWAETLTGHRSPASFGHSGRGRTPGRIRVSAPLEPELIDALRGVAASCGVSLPALFVAVELLHVARLTGERDIVLGLPVTARTKAVRATPGMVSNVVPLRLTVAPDESLSGLLGRIWKAMRRCLAHQRYRFEDIRRDLRLSDAGEPLTGPHVNLQIFDYELDFAGSPASVHNLTNGPVEDLALVVYSGTADAPWRVDLDANAELYAAEDLAVHQEAVLRLMAGLAGAGTDTPVGTLDVLA
BGC0000309,AR,,7,10,COND0000309-BSU_31960,Condensation_Starter,MPDTKDLQYSLTGAQTGIWFAQQLDPDNPIYNTAEYIEINGPVNIALFEEALRHVIKEAESLHVRFGENMDGPWQMINPSPDVQLHVIDVSSEPDPEKTALNWMKADLAKPVDLGYAPLFNEALFIAGPDRFFWYQRIHHIAIDGFGFSLIAQRVASTYTALIKGQTAKSRSFGSLQAILEEDTDYRGSEQYEKDRQFWLDRFADAPEVVSLADRAPRTSNSFLRHTAYLPPSDVNALKEAARYFSGSWHEVMIAVSAVYVHRMTGSEDVVLGLPMMGRIGSASLNVPAMVMNLLPLRLTVSSSMSFSELIQQISREIRSIRRHHKYRHEELRRDLKLIGENHRLFGPQINLMPFDYGLDFAGVRGTTHNLSAGPVDDLSINVYDRTDGSGLRIDVDANPEVYSESDIKLHQQRILQLLQTASAGEDMLIGQMELLL
BGC0000323,LCFA,,12,14,COND0000323-AHZ34232.1,Condensation_Starter,MSAADVFPLTAAQRDVWLDQISRGDSPLYNIGGYLNLTGPLDPVTYQRALEHMVASHEGMRTVLLPGASADGLPLQTYAESMPVPMPLHDLSDQPDPVSVAHALTLEYMQRPCMLDGSPLFRFCLVRLGEDHHWMICVVHHLIIDGWGFGQMIKSLGEHYTALTEGSRLDFKGPDYRDFIQEDARYHESPRYERDKAYWLEKYSNLPEPLLVSRYHNRRATDPAPSHTWVQNFPEALHTRMKQFAESNGSTAFHVLLAALHVYFTRTAQREDWVVGLPLLNRIGARFKATMGHFAQVSAVCMTFDGQLNFGSLVKEVRDTLKRDFRHQRFPLSELNRNLGVAREERGQLFEVSVSYEQEDHEYRYGEAQAQTVKVSNGYETTPLAIHLRTNSFNDNAWLHLVYHRAWFEAGEAEAIASRLLQVLEQALENPELRVEDFDLLT
BGC0000339,AR,T,9,12,COND0000339-ecm6,Condensation_Starter,MGCTGVTSAQEAMWLAQEFSPEVPNNVATLWDIDGDLDTALLADALRAAVAEADALKVNFRRDDDVLRPVVRDLSEWEPFRLDVGDAADPADAARAVVADLVRRPFDLAEDALLRTGSIRLGPGRHLLVLVFHHILTDAFGVLTLLSGRIAEIYRALRAGSGVPAGAPNPPQDAADKDAAYRTSKRFADAERFWPDYLAGDLPAARLPAGVRPPAGAAGGEPGYWDGLTEPQGMFTRTTTVPAAELADWERASRATGTSVPDLIASAATAFLGHMCGLAEPLLTITVNHRVGALRRSLGLLSNRVPLGSRVDPEADFVELAEALGRERRSVLRHARHDISLIKRATGHPADARSPFGAVVNVLPAVGALDLAGATASFAGGTFGVIDEVMICVYTDGRAGSDLYVRFDAPRTEYDQQDIAGLADRFTTFLRRALADPRAPVGTVTALH
BGC0000341,LCFA,T,13,14,COND0000341-endA,Condensation_Starter,MRRKDLERLTSGQLGVWYAQQLEPLSPVYNIAEYVEIRGDVDVGLLVSALRSALDEAQTYRLRFRQEDAGPGQYVDDSLELPVHVADLGSAGDPRAAAVEWMTADLDRPADPLTGPLAAHAVFRLGPGHVLWYQRAHHLVLDGTSLSVFAARVADLYTASASGRPPAGGAPGPLSVLLDADRSYLRSEEYARDRRFWREYLADLPGQGAARGDRTRSLPGRPLLHTHPNDASAATELREAARRLRTSPAVLSLTAAALYRHRTTGTRDVVLGVPVTGRTTGRELGIPGMTSNVVPLRLSLDRGVTVAELLRRTSRTLRDCLRHQRYPYGDILADQGLVGRGALRDLSVNLMFLNRPLRFGDAVATRTGLSSGPIDDVAIGVYDRGDDGFRTVVQTNPGLHDPGAGAEISRAFRTVLGRLAAAPADAFADRIDALD
BGC0000346,SCFA,,2,3,COND0000346-epxD,Condensation_Starter,MATTLPHEQARPLTAAQRGIWYAHSSDPTNPAYYIALYVDVPGPVDRAVFERALRQAVAEAEGLRVCFPQRDDEPSQVVTTPDWSLPVIDFTAEVEPWSAARAWLHARLDQPFDLAAGPLFDFALLVLSADRVLWYARYHHLVIDGVGINLFTRRVCAIYTALVSDTPVPPNPFGSFGDYLDEEARFSSSEEFVAARRSWEKRFADAPLPVRLADGAGDLARDVLRRTTELTPDQVDRLRTAAARAGTRWFGLVVAAVAAYLGRMRGADEVILSLAVTGRASELATTVPTMASNVVPVRLPVRPEMSWAELAAEVAAEIGHARAHQRYRGEDVRKDVGSWDGGRYFGPVVNFMPWDGEFTLGDRTASAHSISTMPVDDLSVVCYRTAGGGLRIDTDAHPDRYREGELETHHRRLLRLLETLADTGPQHRLGEVDLVD
BGC0000349,SCFA,,,,COND0000349-SACE_3035,Condensation_Starter,MARPGLALTAAQDGIWLSQQIDPETSAYNIAWYHEIRGELEVDRMTEAVGRAVREAECLHVRFRDAGGGPEQIAHPASGWRLPVHDLRAEADPLGTAEEWMRADLSRPADLGGGPLFTHALLRVGDRHFLWYQRYHHLVMDAYGFSVLSRRVGELYRGEGAAREWPVAALVESDARYRASDSWAADREHWLARMADRPDPARLVTAAGTPSRTSVELPEDRVAALCGSGHRLSRLAIAAVAAYTHRLTGETDVVLGLPVTARTAEHRDVPGMVSNVLPLRLRVRPDMTTAELVAAVDREVREVRAHERFRGEELARELGVPGGIAELVGPTVNSMSFEDGLELPGLDVRAHNLSLGPVNDLSVAVHDGPRGVRVDFDAAELGEHPARFLRVLEAITDDRPLHTIDPVP
BGC0000350,FA,,,,COND0000350-ETU_000009,Condensation_Starter,KKNVLKNQVSKYFSVDPGKSSIYYNYLVQKENSIYEIFRIIKISKSINIKLLEKSIHILLNMYPTLKSRFIVKNTGIVYQEYPVELSFSSIFRKINCKDIDLKETCNIFLKERFNMEKGPLFNIIHINNIKLDYNILIFKIHHIIADFWSIIIIYQNIENIYNNLLKNNSIKNIKIYETFQDVQNKKYKKYIQSNQFIEDNLFWKRYLSKYNLLENTNNIKRKNIQSFQFNLNFNFYNNLLIFSKKKKITPYTILLIIYQITYYRIYKRDYFITGTPVALRDDYLLRNYIGYCVNILPIVSDFSKQNDIYSFTEKVKNDIKNILQHKYFYFSKIIELLKLPRNTDYIPLFNSLFIYQTDHIGSFHFLNTIAANIKDSEFQFLGYPASIWYTNNFNLMHHFIFNISVNKESYSINIEYDENIHNKILIKKFSEQFKLTFQAIIFNKPKAIIEEKQYLFYQNINSTNKKFFKSQYFLD
BGC0000359,AR,,7,10,COND0000359-Tfu_1867,Condensation_Starter,MSDTSTTRLPLTDAQAGVWYAQQIVPDSPVFNVGQYTDIPADLDVDRFIRAVESVVRDSETLRSRPVARGDTAVQEIRADGAGVVEVHDLTAEADPRHAAAAWMRRDMAHPVRFDTDEPLVRYALLRVGERRWYWYQRYHHILVDAYAVTLLARRVADVYTALGRGQEPPPSRFGSLADIVADETAYAASEQCAADRAYWTGLLGDGYPTALLSSRPQAPYAGVLRARADVAADVLTGLTELGERTGATWADTVIASSAAYLSRMTGHRDVVLGIPVMGRLGRAALRTPAMVVNVLPLRVHVRPGDTVEQVVAATAAALRDLRAHQRYRAEWLRRDLALVGTDRPLFGPEINIKLFDYDLSFDGVSATTVTLSEGPVDDLALSVYRAPHGGLTLEANANDRRYDPADVQARLAEIVRLLDAAAAAPAHTPVARLDYTG
BGC0000362,LCFA,,32,34,COND0000362-pstA,Condensation_Starter,MARDDRAFPLTRGQLDIWLSQEAGFAGTQWQLGLLVKIDGKVHRDALEQAITQAVAEAEPGRVSFFEVDGQVVQKPIDYPHVELAFHDLTDHADPVAEAREMSSAIQRTPMPLNGQMFKFVLFQTGHDEFYLFGCCHHIAIDGLGMALVCRRVATIYSAMVAGKPIPDAYFGTVQDLIDLESGYEASPDYAEDKAYWSEHLPPESGPVDRLPDAEGERDHYSPSASVQLDPSVANRIKELSKKLAIRRFSVTTAACALLVRGWSGSGSEVALDFPVSRRVRPESKTLPAMLAGVVPLVLSTAPESTVADFCKHVDKRIRELLAHQRFPVHTLEGDGLRQAPNRVGINFIPSRLTLDLAGSPATASYTNHGPVGHFGLFFLGAGDQLFLSTAGPGQPFASFGVADLAGRLQQILAAMTEDPDRPLSSIELLT
BGC0000363,LCFA,,,,COND0000363-mps1,Condensation_Starter,MLESEDGALPLSRGQLDIWLSQESGLVGAEWQLGLLVRIEGKVERVLLEQAVRQAINEAEPARAAFLEVNGQIVQRAIDHSELVLDFHDVRDSEDPVEHARQIASSIQRTLMPLTDQLLKFALIRTADDQYYMFGLCHHINLDGLGMAIVSRRIASIYSALVAGDPVPDAYFGTLQDLVDLEAEYEASTDYTEDREYWSRNLPPDSGLDPRPPHAHEGHEGYTPTASVQIDDTVVGEIKDLTKALRVRRYSVITAACALLVRGWSTSGSEVALDFPVSRRVRPESKTLPGMLAGVVPLVLSAPPESTVAEFCQHVDVRIRELLKHQRFPAHVLDGGEFGLRGPRQAGNRVAINFIPMRLTLDLAGVPATATYTNHGPMGHFGLFFIGASDQLLLSTSGDGLPFSKFGVPNLTERLQRLLSEMAADPDRRLSSLNSLV
BGC0000364,LCFA,,,,COND0000364-mps1,Condensation_Starter,MLESEDRALPLSRGQLDIWLSQETGLVGAEWQLGLLVRIEGQVERVLLERAIRQAVTEAEPARAAFFEVDGQIVQRPIDHSDLELAFEDLRDSDDPAGLARKKATDIQRTLMPLTGQLLKFALYRTADDEFHLFGLCHHINLDGLGMAVVSRRVASIYTALATGEPIPPAYFGTLQDLVDWETDYVASAEYAEDREYWSNNLPPDSGLDYRMPHASEESDGYKPSDSVQMDDVTVSEIKELTKVLRIRRYSVITAACALLVRGWSTSGSEVALDFPVSRRVHPDSRTLPGMMAGVVPLVLNAPPQSTVAEFCRHVDTRIRELLQHQRFPVHTLEDEEFGLRGPRHAGNRVAVNFIPARLTLDLAGAPATASYTNHGPMGHFGLFFIGASDQLVLSSSGDGEPFARFGVPNLAVRLQRLLSEMAADPDRRLSSLDSLV
BGC0000368,AR,,,,COND0000368-griE,Condensation_Starter,SAAHSGGAPSPGLPLLTAQSGIYYAHQLAPLGTEFNTADCVEIDGPLDADLFVAALGRAVGEAETLALRVTETGGVPVQRIAPAAEPVVARLEMTEADAEAWMREDLARPVDLAAEGSLMTQALIRVGEGRHRWYQRVHHIAVDAYALSLIGQRVAELYRALVAEEPLPESRFAPLSELTEQEGSYLAGEEYAADRAFWSARMAGSAVAAPRRSPAAALAGEAADGGGPHRTTDLPAETLERLSSAARAAKATWAELVVAATAGHLHRLTGAEDVVLGLPLSNRRGPSALRTPAMTVNVLPLRIAVRPGDTGAELLRRVVLEIREVRRHQRYPQADLRRDLALESAETPLTGPLVNVKPFDGALDFAGTTGTVRNLAAGPVEGLAVGAAPGPDGGLRLTLDADPAVYGPEDLAAHEATWLHYLDGLAELLLTDPARPIGTLDLLT
BGC0000369,LCFA,,16,19,COND0000369-hasV,Condensation_Starter,MNQILPLSINQREIYIDQRMWAEGFHLNIGATVIVYGTFKREVFNYAMNKIIDCYPGLRTRIYEVEGKPLQTIANHENANIPLIDFSIRENSKEQAEEYINQEFKKPFSFGENASLVDFQLIRVREDYHIIFAKYHHAITDGWGTAIFFREVIKTYNQIIHDGKDNQIERDWVIAEYIDDEAAYLESKNFQRDRNYWQQRLSDISPNIFTSIKQQELHGQRQSIYISREQYNRVSQLCQNIQSNVFHFILSLISIYLTKRYSKKDLVVGLSLLNRNKKSFKDAIGLFVSTIPFRVDVNGNETIHELLNKIRSLLRQDYRHQRFPVGEMKRISGFQSNNKEHLFEVYLSYERHDYNEYFADTQTSCIPLYSQQQKVPLIIYVREYEENSDIKIDFDYNLSYLDAETVEQITTNFQNLFTEAANNLESTICDLAISLPE
BGC0000371,AR,,7,10,COND0000371-RER_27010,Condensation_Starter,GSNSGAANEATFALTGAQLGIWNAQRLDPESRSYLVGEVLEISGDEPIDTELLTAAITATIGEAETMRLRMIETADGPRQYISDEPVGVIPITDVRDERDPVAVAHALVDAERSRASEYCRLMVERPLYTYSLIRLSDREIWCIQLYHHLIVDGYSAAMISRRVAAHYTAAKKGTDVAPTRFGSMSALVAEDEAYRAGNQFVEDRDYWRDVLTPLPALDGRGQRVTGPAERTIQVREVITADALNRLKEVADATGTTWAEALIACYGAFLHRLLGETDVVIAMPLMARVGRTALKTPAMAVNVLPLRLTIRSHDRLGDLSKQVAATMKSLRAHQRYRGENLARDLGVAGTGALLHGIGINLKAFDFALDFAGAVGVLRNVAGGPPEDLGLTVTPIADGEVLLGFEVDARTNTRDSVQRRLAGFVSIVNAMVGEGDPAVGQVQMMP
BGC0000374,AR,,6,9,COND0000374-AEH41793.1,Condensation_Starter,MSQQPERASRPLSAAQSGMWFAQQLAPESAAYSGAQCVEIHGPVDLTRFETAVRRTVAEADTLHARVTDGAEGPRQTLDREIADRCGVTFVDLTGAADPEAAARAWMHAELNQPHAPAADDAPGRDPRDPLMCEALLRLAPDRHFWYQRIHHVLVDGYGFALLTRRVAEIYTALGRTDGEDQPSPFGTLAELLAADRHYRASEGFARDRAYWTERLADCPRPAQLSGADAPVSSGFLRATTLLPPEYVDRFTELVSGAGLSWSDAIVAAAAVYTQALTGADDLTLGIPVAARVTADERDTPGMVSNVLPLRVSLGPGTTVGQLIGQVARSMRGLLRHQRYRVEDIRRDLDLVRGRQALYGPVVNIMRFEYDLRFDGHRATVHNVSNGPVENLAFSVYARSDGSGVRIDVDTNPALYTQQETTAHRDRFAALLQRLLAAGPGQPVSRLDVVT
BGC0000383,LCFA,,12,13,COND0000383-PluTT01m_09655,Condensation_Starter,MKQHQGSYYPLTAAQQEIWLAEQLNVSTGIYNTGCYIDISGAIDIETLNTALSQLIDEAECLRVVVVQHPQGPQQQIVTNLQWKCPLIDLSHHEDALIEAETWMNAELVRPMALTLGPLFGLALLKISDEHYFLFIRVHHLASDAFGTTLLIQRLAELYTQKLTGAAELENPFGPLSDLLAFDEEYRRSENFQHDRQWWSQYMVGRSEPQSLAVGAKPGQFADLGSFSCTPCEIPAKVKDILRTLSEESGSSMAQIIIAIVASWISRMTDKQDITLGMPVTARSGRALRSIPGMISNVLPLRLTIDPAHSIGDISKLVSQEIRQLLKHQQYRSEDIYRDLQRNGSAPRLFAQNINVMLFNSNVSFAGNFGRTKNLSSGPVEDLTVTIYDHGEGDSLQFTLDTNDNLYTPHDINLQKSLFQHFITELLADISRPIGELTLPD
BGC0000392,AR,,7,10,COND0000392-Amir_2719,Condensation_Starter,ARVQSAQESTELLELTGAQLGVFNAQRLEPDSPHYVVGDVVEVRGGGPVDAGLLARAVRATTGEAESLRLRVFDTPDGPRQVVSAEPVPLPPVVDLSGEADPVAAAHALVEAERARAAEHCRGMVDRALCSRVVIRLSDREVWYTQLGHHLVFDGYTAAMLARRTAAHYTALVRGTAVAKCPFGRFADLVAADLAYRASPQAAADRAYWVERFTPLPEVGSLAEPGVSGAPTRTVTARTVLPASAVARLKEVAEGCAKDSGGATWGDALIACYAAYLHRVLGQGEAVFALPLMCRTGSAALRTPAMAVNVLPLRVPVRGGDRLGELTGRVAALMRQVRAHQRYRGEDLPRDLAAPGAGALLHGRGVNLKAFDLKLDFAGAAGTMRNVAGGPPEDMGLSVLPTGDGGLLLGFEVDGRTHDQAAVDRRLAGFTALVAGLCAADAPPVARVDLIG
BGC0000399,LCFA,,14,16,COND0000399-PFL_2145,Condensation_Starter,MNAGPVQARGLPLTAGQRDIWLDQLSRGDSPLYNIGGYAVLKGPFRPELMQRTVELLVDKHDVLRTVLSLEGSVDGLPLQHFDRQWPVELVFHDLSAAADPLAAAQAQIRRQMQQAFKLDGERLCRFSLFRVGPEHHLMEVEAHHLILDGWGFAQLSQSLGGLYSALASGEEPQATAPSFVDFIEDDARYHQSSRYARDRDYWLDKYQSLPEPVLRPRYRPAADAATPGATLVQAFPAALHERMKALGKSTGASAFHVLLAALHVYFTRTLQRDEWVLGMPVLNRPNAAFKVTLGSFTQVSAVRMDFGRELSFEALVGAVRDVLKQDFRHQRFPLSELNRALGLLREDRAQLFELSLSYELEDLDYRYGEAAASSVKVSNRHEPTPLAIHLRSNSFDDSAWMHYVYDSAYFQPEEIEALAARLLHVLEQGLDNVQLPVARFSLLP
BGC0000400,LCFA,,15,16,COND0000400-pbtA,Condensation_Starter,MEMMHPNTTVSTVAGTLVIRGEVDAAVLKESICQVITQHDAFRIRIMTQDNQPIQRLEPESAITPEVDYMEWDDHLEAKDWLNRFNRIPISIFDDKLYNFTVFNVNNQEYWIHLKINHIIADGVTSHLIGNKIMQTYMELTSGTFSANDKKNSYLDYTYAEQEYEKSDRYQKDKAYWLEKFQTMPETTGIKPYPPYSISTEAKRAYVALTGERYEQLKVFSEQNNISLFTLFLATVYMFLYKTTGNLDIAVGTAYANRTSRKEKEMLGMFVSTVATRLSLDPNQDLISILHNVSKEQKTNLRHQKYPYNQLILDLRKEHKHSDIQDLYGVSVDYMPINWSSYGQLSIQQRSSFCGHEVDDLAVHVEDMLDDQQLVINVDYRIQLFEEREITRIIEQMLTIVDGILHNPQQTLHELTMLN
BGC0000407,LCFA,,16,18,COND0000407-ppsA,Condensation_Starter,MSEHTYSLTHAQRRVWFTELLEPNTSICNLTACVKFKGNIELDTLEGALNHSISRNDAIRFQLLEGEELEPRLHLTEYKYYPLRIIDFSNVEMIEIEQWIQDQASIPFKLINSPLYQFYLLRIDSHEVWLFAKFHHIIMDGISLNVMGNQIIDLYQKMKKKDPLPDQPEPSYLSYIEKESQYLQSPRFAKDRLFWTQTFEHPLEYHSLADQTSLQKQSTSASRDTIILSPDLEQTIRIFCEEHKINIISLFMASFYICISRITSKKDLAIGTYYGNRGSKAEKEMLGMFVSSLPIRITVDPDTDFLSFVRTIGREQLSVMRHQRFPYNLLVNELRNEQKDLHNLIGISMQYQPLQWHNADDFDYETALYFSGYTANELSVQIQERIDNGTIQLNFDYQNTLFSLEDIKRIQSHLLTILENALHHPHSFIKELD
BGC0000415,AR,T,9,12,COND0000415-qui7,Condensation_Starter,IPHLQGGLWMGYTGVTAVQEAMWLQQELAPDRPNNVVTLWDVDGDLDIPLITEALRTAVSEAGALTLNFRRDEGGLRAVARDPELPEPFHFDVSDAGDPGDAARAVVAELVSRPFDLGADALFRIGSIRLGATRHLVVLVFHHIVTDAFGVVTLLSRRIAEIYRALRSGSAVPELPANARGDARQKDAAYRASKRFAEAEQFWRDYVADEPTAARLPAGVRPAGDGRAAGHWDSLTEPLGMTTRTARIPAAELAAWRRTADALGTSLPDLLAAAATAFLQHMCAVPEPLHEFTVNHRVGALRRSLGLLSNRVPIRVEVPPAATLVELAEALGQERRRVLRHAGHDVSLIKRATGHAGSVRSPFGALVNVIPFVEALDLAGSMARFAGGTFGVIDEVMVSTYTDGGADSDLFVRLDAPRAHYGDQDVAGLTDRFVTFVRAALADPCARLGDISVLS
BGC0000417,AR,,7,10,COND0000417-RHA1_ro02319,Condensation_Starter,PSTLQTGEDTADVCLTAAQRELWSGHQLDPTRSAFTTAEYVEVAAPVDIDALAAAVRTVIEEAEILSVRFEAEPGADSADVVQVHDRRHAPELERLQLDRAAALEWMREDVRRPLDFDSAPLVRTALITTESGVLWYLRAPHALLDAYGYSLLTRRVAALYAARLAGTEPRPAKFPPLRTHVQAAREFDAAAPDSAPQSASHPVGFSDTVRRPVPDPRRYTIPIDPDVARSLREAATAQATTWAEAVYAAAATYLGAHTGAEEVTLRVPVLARNGIELASPVTATNIVPLRIPLDARSTFADVIGRVAAAWSETRPFQRVREAGRRATGGAVVNVKPFAGRIAFGPTFGAVHQLATGPVEDVVISVSGAGDELTLEWAGNPDVYTDDEIRHHAHRFAHYLRTISVAAEPVSVVDVCA
BGC0000425,MCFA,,8,10,COND0000425-sesA,Condensation_Starter,MKPQTFPLTAAQKAIWLDQISQGDSPLYNIGNYLEIQGPIVPEVMQRAVQLMVDKHDALRLTLVDETDADGVPLQAFVPAIKVDVPFLDFSTQADPVSTAMAFVEEHMARSFPMTEAPLCRFFLIKLADTHYWSINQAHHIILDGWAFGEMLQSLGALYSDLLEARQPDMEATSYVDFIHDDLRYRESARYAKDREYWQAKYQSLPEPLFTARHHNQFAKGKAPGRHYARPFPVALHERMGELAKDFQASTYHVLLAAMYVYFTRVTQRDEWVVGLPLLNRTGKFKGTVGMFTQVSAVRFSLGRELTFGEVICAVRDGLKQDYRHQRFPLSGLNLRNESGQLFDVTLSYEQDDHLYQFAQGLGDSVKVTNSHEQMPLAFHLRASNLKDKAWAHYVYNEAYFNAEEIECLAERFTYVLEQALENAALAVNDFSLTT
BGC0000429,AR,,12,13,COND0000429-sky29,Condensation_Starter,MPESGEVRLPLTPAQSGIWYAQRIDSSHTVYNIAEYLDIHGPVDPYLFESALRRVVGETDALRVRFVENGEHPEQLVLPAVDFTVPVHDLTGEPDPLGSARALMDEDNTLPIDLFGERLFAFALFRVAEDRWLWYHRVHHILLDGAGVAMLAPRVSEVYSALTAGSPVPDSPFRPLRELVAAEQDYAGSEAYAADRAYWTERLAGAQDAVSLSGGRQHLPRKVIRRSEVLDAAEAEAIRDIAREAGVGWPTVVVAALALYVQRLTGTDEVVIGLPAAARPGRTLRAVPGSVSNLLPLRLRVRPEQSVGDLFAAVSAEMREAVRHQRYRHEDIRRDLRLGREQHLVGPHVNLVLFDYGLRFAGHSATAHNLPTGPITDFALVLDTRSTGGGLRFDFDANAALYDESSIAAHQGRFLDLLSRLSACDPRTPVGRLDTTT
BGC0000431,LCFA,,,,COND0000431-SSGG_00678,Condensation_Starter,MEINGELDVDLFERALRSAVREAEAVHTRFVGEGEAVRQHVRVSDDWPFHRIDLSGEPDPRARAEEWMRTDMRRPVDMRGDALFTQAMLRLGPDHVYWYQRCHHILGDGFSGPLVNNRIAQIYAALRAGDAYDEGALAPFSNLLDADRAYRGSEEQAKDRAYWGEIFADLPTPVSLSGRIPAGTPHHLIRGTAEMPSEAAADLRTTARSLRTSISGMAIAAAAVYLNRATGAEDVVVALPVFGRFGSAQRQTPGMATNLLPIRLTVRSSMTVQELVRQVSVQVRGALRHQKYRYEDMLRDLRLIGRGNLASMVVNVVPYAYDFSFGDCEVRAHALSSGHFNDVAFCVYDRSADGRIQIATDASPELYSPHANQRHTDRLHTVLTWLATAAPEDRVGRVEILD
BGC0000433,LCFA,,14,16,COND0000433-srfAA,Condensation_Starter,MEITFYPLTNAQKRIWYTEKFYPNTSISNLAGFGKLISEDGVQAHYVEKAIQEFVRRYESMRIRLRLDDEGEPVQYVSEYRPLSIGHTDIRQAGCSADELSKWGREEAGKPLALYDQDLFRFSVHTISENEVWFYANVHHIISDGISMTILGNAITDIYLELSGGTSEEQTEIPSFIEHVLTEQEYVQSKRFKKDRDFWNGQFETVPELVSLKRSRADAGLDAKRFSQEIPHDLYGRIHSFCEEHKVSVLSLFQSALITYLYKVTGRDDVVTGTFMGNRTNAKEKQMLGMFVSTVPVRTSVDGGQSFLEFVKGRMKDLMKILRHQKYPYNLLVNDLRASKSSLSRLFTVALEYQVMQWQKKENLSFLTDPIFSGSGTNDISIHVKERWDTGKLTIDFDYRSDIFKGEEIESVSERLITLIEDAISSPDRIIDELTLLS
BGC0000434,AR,,10,13,COND0000434-swb16,Condensation_Starter,MASATGVTAAQEAMWLAQKFAPAQPNNVVTLWNVDGGLDVPLFTSALHMVMAETDPLWVNFRRGADGLRVIARDPGTWAPFHLDVQDAPDPDDAARAAVASLTSEPFDLARDALLRVGSIRLGPDRHLVVLIFHHILTDAFGVLMLLSRRIAEVYRALYEKSDVPGCVARPAGDAAAADAAYRTSRRFADAERFWRDYLAGEPTAARLPTGVRPPEGAPPSERGPWDFLTGPLGMTTRTATVPAAERASWEGAAQRLKTSVPDLLSAAAAAYLQLMCGPSAPLHTITVNHRTGAARQALGLYSNRIPIRAAAAPEASLVELAVALGRERRGVLRHARHELALIKRATGHAAEARSPFGTIVNVFPFVEALDLAGSVARFAGGTFGLVDEIMVSLYTDGTADSDLYVRFDAPAAHYGERDLAGLADSFVPFLRAALADPARPVADISPLG
BGC0000437,LCFA,,,,COND0000437-Psyr_2608,Condensation_Starter,NSLIDNLCTQGQELLPLASVQQGIWLDQLAYPHLPYYNIGMTLEIKGDIDIALFEKAIQRVIDSHDALRLSFSHERGMGGQRVLSKAPFKLEVTDFPEVDGDTEQAIAHLRESFRHPFESMTGQLWESRLVRCGPQLHYWFNRLHHLVADGIGAVLIAHAVGDTYSGLLEGKETLAEGPSYLSFLEEDRAYMASCRYERDRLFWEQSYAQLPPVLLQRRADFKAGLTNVPAPSDQVQAMLPRALYNALTQFASECNLSVAHVLVGVISTYFCRTVGVDEIVVGMPVHNRTNARQKATIGMFSSVSPIRVGFDPHETLIDLMNNIGTQLRRTYRHQRFPIAELNRSLRLAQNGRHQLFDVSLSFESFDGDVTFGSEDPARVLMLDNGYEQTPMAIFVRDYHPSEDIHLDFNFNTAYFTFEEAQRVQQRIFAMLEAVLNQHDTPLAHFPLMS
BGC0000437,LCFA,,,,COND0000437-Psyr_2614,Condensation_Starter,GHDLTTGCRRLLRAARPPLCEKKCMALALTAAQRNIWLDQMTQGDSPLYNIGGHLEIDGALDYELFQRAVDLLIAKHDALRMVLLDQRDEEGVPLQTFATSMPMPVTPIDLQRQDDPFQAAEHWMQRQLERAFRLDGEPLFRIHLLKLEAQRFYCMIYAHHIALDGWGIDGLCASLSELYNALHDQHTPDLTAPSYVDFIKDDSQYRGSRRFALDQTYWLDKYRDIPEPLLVPRPRPAQIQNEAPSRSGHLSYGLARDLEQQIDDLALSLNASSFHVLLAVLYVYFTRAYQRDELVIGLPILNRPNASYKKTLGLFTQLSSVRLKFSVDLSFAELVQGICRAVKQDYRSQRFPVSDLNRLLELRRAERTQLFDLTFSYERNNHLLRFGQATAHAVKSSNNHEQTPLAIHLRTNAYEAESRLHYIYNEAYFQHDEIAPLAERLRHVLEQGLANPHLPVHGFSLTG
BGC0000438,LCFA,,,,COND0000438-sypA,Condensation_Starter,MALALTAAQRNIWLDQMTQGDSPLYNIGGHLEIDGALDYELFQRAVDLLIAKHDALRMVLLDQRDEEGVPLQAFATSMPMPVTPIDLQGQDDPFQAAECWMQRQLERAFRLDGEPLFRIHLLKLEAQRFYCMIYAHHIALDGWGIDGLCASLSELYNALHDQHTPDLTAPSYVDFIKDDSQYRGSRRFALDQTYWLDKYRDIPEPLLVPRPRPAQIQNEAPSRSGHLSYGLARDLEQQIDDLALSLNASSFHVLLAVLYVYFTRAYQRDELVIGLPILNRPNASYKKTLGLFTQLSSVRLKFSVDLPFAELVQGICRAVKQDYRSQRFPVSELNRLLELRRAERTQLFDLTFSYERNNHLLRFGQATAHAVKSSNNHEQTPLAIHLRTNAYEAESRLHYIYNEAYFQHDEIAPLAERLRHVLEQGLANPHLPVHGFSLTG
BGC0000439,MCFA,,8,9,COND0000439-AHH53506.1,Condensation_Starter,MVDRHSWQAATAAQESVWFGQQLRPDDAALYNCAAYLDVAGVLDVAVLDAALRRVVAETEAVRTRFSFTDGGLARSVVSTSDTTLTAVDLRDEAAPVDAALEWMRQRLSEPIDLSRAPTADHAVIRVGSERTLLYFGYHHIALDAYGAVLYLRRLAAVYGHLIDGTDPDASAFATTETLLDEQRRYESSPRCARDAEYWSGVASALPAPTSLSGCGGDPTSDSLSRTVSLPGTDDSRWGAAASALVGGWPAVVVAGVAAYLRRFADGDDIVLGLPVTARTTPAAVHTPAMLANEVPLHLTVRPGMSFAELAAHAGERIAAATRHQRYRGEWIRRRFGRAGGALTSTVVNVMGFATELDFAGSRAGLYELSSGPVPDLSVNVYGTPDGEDGLRCTVVANAHHYTEVDVETHLRRFLRLLSEATAEPDLPVARLHGHA
BGC0000443,LCFA,,16,19,COND0000443-AED90002.1,Condensation_Starter,MDSSTEKLPTQDCATHELASVQQGIWLDQIAHPDLPYYNIGMSLEIKGEIDIPLFEKAIELVANNHDALRLSFSHEGGIGRQRVLPEVKVKLDVVEFSEAEADAGLAMEYLRNAFRQPFPELTGQLWEARMVRCGPNRHYWLNRYHHLVTDGIGVALIGHAVGAAYNGLLAGNDEVAQGHSYLSFLEDDRAYLQSSRYERDREFWQETYAQLPPSLLQRRADFKTGQANELAPSAQVQAMLPRALYNDLTQFASERSLSVAHVLISVVATYFCRTVGVDEMVIGMPVHNRTNARTKETAGMFSSVSPIRLPVDLDASLLDLMHAAGGQLRRCYRHQRFPIAELNRILRLAQAGRRQLFDVSLSFESLDGDDQFGGTSSTVITMDNGYEQTPMAIFVRDYHPFEDVHLDFNFNTAYYSVEEARLLQQRIVSMLEAVLEQHDTPVGDYPLMS
BGC0000445,AR,,10,13,COND0000445-tioR,Condensation_Starter,MGYGGVSSAQEAMWLEQNLAPEVPNSTTTIWDVRGELHLPDLEDALRTALGETSALLVNFRRESDELRIVPRKLDAWEPFRIDASDAADPAAAAREFLTEQIRRPFDLGADALFRIGTVRLGDGHHLLCLIMHHILTDAFGVFTLLSQRVAEIYRALRADSPVPDRPDTPAEIAGEREATYRSSERFTDAARFWRDYVTAGGTAARLPTGMRAGATRTASVGFWDGLTAPLGVASYTASVAASEVARWRAAADSTETSVPDLLTSAATAFLHRLCNTPRPMLSFTVNYRRGDIKQACGLYSNALPLVIEVPAAGDFVDLAKSVRLERLRVLRYAEYNVSLIKRAAGHAGDVRSPFGPVVNVIPFLRELDLAGAVGRFAGGTFGLPDEVRISTYVDGGPDSDLYIRFDAPGRLYTHEDIAGLAERFVTFVRAALTDPRARVRDISAIG
BGC0000447,MCFA,,8,10,COND0000447-taaA,Condensation_Starter,MNLPVQSSQTFPLTAAQKAIWLDQISQGESPLYNIGSYLELNGPLNAERMQRAAEVLVAKHDALRLTLLDATDADGVPLQFIAPTVSVAVPLFDLSEQADPVNAALALMDEHMARAFSLTQAPLFRFFLIKLGEAHYYFASQAHHIILDGWAFGEMLQSLGDIYSDLTEARQPDMEASSYVDFIHDDVRYRESARYEKDREYWQHKYQTLPEPLFAARHQDQYAKGKAPGRHYIRPFPVVLHDRMGELAKVCQASTFHVLLAAMYVYFTRVTQRDEWVVGLPLLNRSAKFKTTLGMFTQVSAVRFSLGRELTFSALVGAVRDALKQDYRHQRFPLSGMNLRAESGPLFDLTLSYEQDDHLYQFAEQRGHLVKVTNNHEQMPLAFHLRASNHKDKAWAHYVYNEAYFNADEIEALAERFTYVLEQALENADLAVAEFSLTT
BGC0000449,MCFA,,,,COND0000449-triD,Condensation_Starter,MTQHDIQLFALSQPQQRIWYTELLYPNRNTSTLITTVKIKGTVRIDALQQAMNQVIAQNDSFRIKITAEDGIPYQYVEPFVAQSIETLQVTPEEAELLVNRLNSQPFLLLDSQLYQLVILQLGAEETWYNFTMHHIISDGVSMNQAINEITTHYMDIVHGTGQATSTKANPYLDFIQVEQSYEQSDRYQKDKTYWTEKFADLPETTGLKPYNPLTLSTVARRESYKLEPELYRGVTVFCEEHKISIFTFFLAALYIYLHKVTGEQDLTVGTLYANRTSKKEKDTIGMFVSTVATRLLVEPESELLTFLQGVGKEQSSILRHQRYPYNKIIQDLREQQSSLDIQRLFGVSIQYRTLSFSRFDEAVQQVDTDFCGDTVNDFDIHMVEMLDDDQLILHLDYRTDLFSEQEIARIIRQFLSVAEHMVKGPQKRIQELSLIS
BGC0000450,AR,T,9,12,COND0000450-MIPLSYAQRRMWFINRFEGPSSTYNIPLLLRFHGSLDTAALRAAFQDVLV,Condensation_Starter,IPHLRGGLWMGYTGVTAVQEAMWLQQELAPDRPNNVVTLWDVDGDLDIPLITEALRTAVSEAGALTLNFRRDEGGLRAVARDPERPEPFHFDVGDAADPGDAARAVVAELVSRPFDLGADALFRIGSIRLGATRHLVVLVFHHIVTDAFGVVTLLSRRIAEIYRALRSGSAVPELPANARGDARQKDAVYRASKRFAEAEEFWRDYLADEPAAARLPAGVRPAGDGGAAGPWDGLTGPLGMTTRTARIPAAELAAWRRTADTVGTSLPDLLAAAATAFLQHMCAVPEPLHEFTVNHRVGAQRLSLGLLSNRLPVRVEVPPAATLVELAEALAQERRRVLRHAGHDVSLIKRATGHAGSVRSPFGALVNVIPFVEALDLAGSVARFAGGTFGVIDEVMISTYTDGGADSDLFVRFDAPQAHYGDQDVAGLADRFVTFVRAALADPRARLGDVSVLS
BGC0000454,AR,,7,10,COND0000454-vabF,Condensation_Starter,KEMHNSSVQEDQWPLIGTQQGIWFAEQMMPNPEQFNVAHYVVIQGQIDIELFSNAVAIGLQGVDSLHCHYLESDGSVRQQFYPADEEGQWLESSTFHKPPCQKSRLGKWMKHDLRSGWTFSKKERFRHCLIDVGSSNAPQWFWYQRYHHIDVDGFSVNAISQYICQLYKHWRIGAAKPQEFSAFSDVIQEYQQFLDSAARQQAYDFWQTQAAHLPNVISLTTGSAANTSSSTITHTVPLIGGEWLTRYNPQLLPAELAMAMVFAYLHLHSGQEQVCVGVPFMRRMGNAATCAAGAVVNVLPVALSLHPQMSIIDVAREMNKTIRQVRRHQMYDAEQIQRDLGLVGQPLYGPILNFKPFEAALSLSGVETETHILSAGPIDEIEFSPVLDGQTLSVNITANSTKYSQESLELHAARFVAMVEQIANHPTQPLDLVELIP
BGC0000460,AR,,,,COND0000460-VV2_0844,Condensation_Starter,DRQMSKPVFFPLSLAQQEYWADYIAFPERPFSNVAHGIEISGECDIECLYQAILETTQEAEALRLCFGCDEQGYPRQVVLDCSAIVLDCINLIDEAEAEQLAWQKIRDDIAKPIDLTGEVMTYQAIFRLSEVKTLWYIRSHHIALDGYSLHLIEQRCASLYSAFIQSQTLPVVFKGFNTYVRNEQAYLCSERAEKDQRFWLDYINQHSFISFNDDDFNNDTFAIAKEVDPELRAALLNVSQQQQWAWVDLLVVLVGLYCVEKQVLTEQQSASDGLWIWLPYLNRMGNRCANTPCLMVNTLPLWINADIEENFVDRVKRLMAELRLLYRHGKHPLSNSLNVKASQSPYINVLIDEDIVFGGCQSERKVVANGTNDGLNMTFRVRKDAANITFTVEGEQRWFGQEQITHLSEQLMVFMHQSLNTLAEQNSGQ
BGC0000461,MCFA,T,9,11,COND0000461-AEP18656.1,Condensation_Starter,MNKETQRGLRPLSTAQSEMWFAQELDADNWLYHSCGYLDIGGPLDLARFEQALRRFVAETDALHLRFLDGPDGPLQCIGEAPALPFETVDLSAHAQPFQAALSAMRADMRRVFDLRSSRLFNYIVFKLGEERHLWYKRYHHIVLDGAGSSLDIVRVARIYTALCRGEEVPASDLGGISALLDDDRDYRESDRCRRDQAFWRDYARTLSETTALSGRPLARTSTFRRCALPIPPSLAAALMAAQTRDSKWPQLMTAAVAAYLYRISGGKVDTFDFPVAARAKQLRHVPGTTANVLPVRLGLQADESLAGLAARCGREILRVLKHQHFRGKDIQHMRAAPASAFGPRINIMPFDYECALDGHPATLHSLSNGLVHDFSVTLQGEPGQASCVLNVDGNDESYSDEDIARHAARLLRFVERALAQPSRPLAEIELLD
BGC0000464,SCFA,,,,COND0000464-XDD1_2281,Condensation_Starter,PLPPADPSASGKFSLSSTQQVVWLDQYLRPDSTCYNLGSVVLIEGKLDEALLIHAFKTVVYRHDALRLRLISTQELPLQELTDTSNVFVTIRDFSDYADAEEQAKQYIHAAFSCPFDLNGELWRFELLRVSDNRWYWQFCCHHLIGDAITLGLIAEEIANTYRCLTRGEEIPQAAPSYLDFIDEDHAYLHSQRYQQDQQFWLERYKNLPPALIQPSSTEKKADNEHPEPLVWQWDRAFFQRIEDAVAAQGLSVLHFMYAVLACYFSRTTYFSRADFSSEDNSEEIVMGIPVHNRKNVKQKRTIGMFSSVIPVGITVAPDDTFLDVMNKTAAELRRCYKRQRLPIAEINRLIQTQQKSGRTQLFDIMLSFEWIEVNADIPNATLKYSKIQRGAPFPLVIAVHQYAFANSEDAHKPVTFEFDFSPDYLSRTEVIALQARLRVLIEAALASPEMPIRNLPMLP
BGC0000464,SCFA,,,,COND0000464-XDD1_2286,Condensation_Starter,KSCNNINNRSIKFSLSSTQQAAWLAQYLHPNSTCYHFGSVVLIEGELDEALLVRAFEAVVYRHEALRLQPVESQELPQQALTDAGNVSVTIRDFSDHADPEEQAKQHIQAAFVRPFDLQGERWRFELLRVNDTRWYWQFCCHPLIGDEVTLRLIAEDVANIYRGLIRGGEITEADLISPETPICHLPILPLAERQQVLVDFNATQADFPQDALIHSLFEAQAAQRPDATAAVFEGQTLSYGELNRRANQLAHHLIALGIQPDDRVAICVERSLGLIVGLLAILKAGGAYVPLDPAYPAERLAYMLEDATPVLLLTQTTQRDKLPGTLPTVLLDHFLDDRDRLSAAQLTAQPSDNPDAQILGLTARHLAYVIYT
BGC0000958,AR,,,,COND0000958-STREPS4_RS11225,Condensation_Starter,MSGNEDDRRPLSGAQEGLWFAHRLAPGTAAYNTGEYVEIHGPVDTALFETALRRTVREADTFALRFLDTPDGPRAVRDGDPDEMPVHRVDVSGEADPAAAAEEWIRRDLATPVDVAAGPLFSHTVLTLAPDRFIWFLRAHHILLDGYSYKLVARRLADTYTALAAGEEPPPAGFESADRLAAEEAAYLGSDRHSRDRAYWTERLAGLPEPVRLTDRTAPPRAPFLRRTAVLSPAETRALDEAAKGMGIARTDLLVAAVAAFLHRMTGADDLVLGLATMSRLGSAALRTPGTASDILPLRVAASADTPVGDFVRAVADDLRGLRAHQRHRGESIRRDLGVLGRGRRVHGPVVNIVPFSEDLTFGGHPSTSHHLSGGAVDDLQISVRPGAEADTVWLAFDAHPDLYEEDGLALFLERFLKVLRELRTCPEELPLGETPVLL
BGC0000972,LCFA,,14,15,COND0000972-clbN,Condensation_Starter,MMSGNPLSWPQEQCHIIDQLYPYSAVNIIGGVVTIEGIVDLPRLHAAIQSAIRQFDALRMWFVMGEESEVVSQVQPYHWRDIRHLTFSPDYDKENLRPAAIETFVDEWFRQPFTLLAHDLFEFVTFTCGEQYSGYLFKAHHGIADGWSMALLSNHVKRAYEQQDVPDDASPAYSAFLAQQQSYQASTRFAVDRGWWRDYIDEYRDCFPDSSPIVTTEGISCSTWLEPAMINRLYRLCNRYGCTLNTLFIALFALYRARVWGEEKGVIGVPLANRHTREARRCFGMFTNQLPLAYRLVRTERFCERVAFFQRELKRGFKHSKYPITLFNQDLAEQGGGKLRAFDYCVNYYNFTYERHIAGAAQRVESYYSGEQSYKLQIVLQTVNNHKESLRLSLEALRSAFTPHQLTAMKNGLLDLVTALDRQPDARLGDLEVYP
BGC0000997,LCFA,,14,15,COND0000997-glbF,Condensation_Starter,MQANHNTPSYPLSPAQQEIWIAEQLNPGTGVYNTAGYADIRGPVDVARFGAALRQTMAEADCLRAVFHDHGEGPRQTPNDTMAWPFPLIDVSGEPDPQAAAEAWMQADLAQPPDFAHGPLFRMALFRAAPDRFFWYLCGHHLVADAFGLTLLMHRLAEIYSALMLQQAPPPAWFGKLEDMIAADRDYHTSDALEHDRTYWISRLAGCPEAVSLSTGTAAAAAAPPGKFHRQWAELPAATGDALRAIARDNGAGVPPLLIALVAAYLYRMTGQEDLVLGLPVTGRPGRELRRIPGMLANVLPLRFEMTPNLGFGALFQQTAREVRQALRHQRYRGETMLRDLQQAGAVARLYAHNVNVMAFDSEVWFAGHAGRTCNLSNGPVDDLSLTIYDDGEGKGLRIAFDAPAALYTEDELSGHRERFIRLANTLVADLGAPIAAVDLMA
BGC0001033,FA,,,,COND0001033-ERIC2_c18170,Condensation_Starter,MNESKIYPLTHAQKRIWYVEHIYPGTSIHNIGGLIKIYGPANFDMLEEAINLFIQQNEAIRIRLVERNGDVQQTVSEYQRRIFPRIDFTKADSYVDVDTWLHAEFSRPFSLNGEFLYDFALVKLDIGESAYLTKVHHIISDGWSFQLMTTQINQIYTQLMNGEEVNQNLRHSYLDYTRQEQQYLSSSRFLKNKQYWLEKFEGIQDVNLHASYANTEGRRKTFILNQSMSEKIRDFTNKHRISLNTFFVAAMLLYLHKVTQQDRITLGTPVLNRSGAKEKNMFGMFTSTMPLFAEIQHEMSFSAFALYVNRELMQCYFHQRYPYNLLVQDLQLQKRGIDQLFQVCVNYYNTRFDRKFGPGWRMQQIEIHNGHQLYPLQLIVTDWLSNGGMELYFDYKTSDYNETQIEDMFHRLCHIADQILMQPDEQVTSLQMLF
BGC0001036,LCFA,T,15,19,COND0001036-AGZ15476.1,Condensation_Starter,MRSFGASSAHKGLWLAQKMNPDTLNHALSMWDVDGELDAAVLESAFRHVLGEAEVLRVNFVDDGGGLRLVPREPEDWQPFFLDFGTAADPEQAAREALADLLKQPFDLERDLLIRLGVVKLAAARSLVVIAYHHLVSDGYGAGGLFSRRLAEVYTALVRGSDVPELAHPWDAESFATEAAEYGAAEKFTEDTEFWRDYLTDAPAPAQVPRVAMSDATRSALSEPLSGVDRWGQLADAIGMVSRTLTVPRADADTWTETAKSMGVWMSSMLTAAAAVYFRHRCDRPEFLLSLAVANRVGAASRTPGLAVNVVPVRVKVPLGATFTEVADAVVDETYEIFGRTTCHYSDIQRASGTVLSGRGSFGTVMNVVEFAEQLHFADSPASYLGGTTGTFDELSIGVYTDGSADSDLYVRLDAPAGLYSGAELRFIGAELIAYIQAVTADPQLPVGALDVVG
BGC0001050,LCFA,,10,11,COND0001050-ttbA,Condensation_Starter,AAVMDAAAPAADAPSQPSAPMPLSGAQAAIWAELAAGGVATTFYNIADQISLNGPLDPAAFRAALYHVHRAADVSRLRFAADDGVPVQWFDATPGRFDFALIDLSDAEDPETLVTEEFHALRLRPFDLMHGPLNRHRLIRLAPDRHCWIRCYHHLITDGLGGVMTAAATAAAYDAYKQGAPLPDPAFLPYGDHLTREAAHAAGAAGAADLAYWRARLAGDIHPHSFGHTMRPGGQPVTANPVTANPAAAGARRTAILGAEAPPQSVIRPLGAARMAALDALAGRLGINARSSVMLALFLALLGRSVGTDTPSCTTLLSNRLTRADRRTLGQFAYTVPFWTPIDPAESLEDLARRVDSIARRDLRHMRLAPVRWREAGFTPAAAIARGATFNAMDFPATLGFDGLSVAVRNAVFGPLDDVLACLRTYGTAGGADMQWSFPPARIDASAVEALADSYDRMLDAALADPSQPLRQIQALA
BGC0001095,LCFA,,16,18,COND0001095-RBAM_018460,Condensation_Starter,MKNTVYSLTHAQRRVWFTELLEPGTSICNLAACVKFRGDIDFDVLRHALDFSISQNDSLRFQLTEGDGSEPQLYLAGHRPISLETVDFTHTDQAERDAWIDTQTRVPFKLFHSPLYHFTLLVMSDEEVWLYSKFHHIIMDGISLNLLGNQLIDIYQKIMRSEDLAEHHRPSYLSYMEKEQQYLQSSRFQKDRSFWTETYRTVPEHLSLAERTSHLRQSTAASRDTITLSHSLEQSIRRFCKENNISIISLFMASLYICISRLTAKKDIAIGTYYGNRGSRLEKDMLGMFVSTLPIRMTADPDAEFLSFVRSVGKEQLSVMRHQKYPYNLFVNELRQIHHDLQNIIGISMQYQPLAWRQAEGFDYETAMFFSGHTANELSILIKERTDTGLIELNFDYQSALFTETSIKRIQTHLLTIVENAVRNPDRLIRHIDMAD
BGC0001113,SCFA,,,,COND0001113-fr9DEF,Condensation_Starter,DAWLKRHFMADAQAPLSRNQRGIWSRQMLYPMDPLYNVAVACTVGAGFDRGLFRRVCQRFLNHHQLLNARIVAEGDALIQRIDSMRELAWYESATGESLDACRAHAKRDAAVPFVLHDGPLYRIHIYEASSCETVVLLVVHHIICDGSSVSRWLSTIWQDYRALKQQRTLPQALGGASFLDFVQREAAHLDSAAGQKSLAYWRTQCADGLPPLDAALNLPPAADDASVFATSRLSFSIDGDRAMRMRTLRKTGSFSPSTLLMGAFTLALSAWRGTRRFTLGLPTLGRPPGAEFASTIGNFTNLVPVVCDLNPAQTFSQWLDGCQRYVYRALDHGYPFAGLLQALPRHADAPLSIQTVFTYQKFGDEIDIGTLPDRVGDSVELAFGADIFQRDEYPVTCEVVEAGDGWTVNLKYKTAVIEHDDAEALRHAFVAVLDDALTDPDRTIGALT
BGC0001114,SCFA,,,,COND0001114-tstDEF,Condensation_Starter,GNDVETWLKRHLMVDAEAPLSRNQRGIWSRQMLYPADPLYNVAVACTVGASFDRALFRRACQRFVNCHQLLNVRIVADGRELVQRVDSARELAWREFDLGETLEACRERARRDADVPFSLDDGPIYRIHLHVAASGETVVLLAVHHIVCDGASVSRWLSTIWQDYRAMKRQCAPSAVPDGASFVDFVKHEADYLDSAAGRKSLAYWRMQCPNGLPPLDAALDPAPAAADASVFATERLSFAIDGALAGRVHAFRKTGSSSPSTLLMGAFALALSAWRGKRCFTLGLPTLGRPGSGFASSIGNFANLVPVICDLDPAQPFSQWLDGCQRYVYRALDHWYPFAELLRALPRHAGAPPSIQAVFAYQKFGDAIDIGALPERLADTIELAFVDDVFQRDEYPVTCEVVEAGDAWTVNLKYKSAVIGGDAARALQRTFVAVLDEALADPDRPVGALTARG
BGC0001116,AR,,6,9,COND0001116-visE,Condensation_Starter,GEEMSGAKVASMALTDAQLGVWFAQARDPHSTAFNTGEYVELTGPLDAGRFTAAVRAAVEATESLRLRFHTRADGEVRQRVVPADESAWELRHVDVSAEPDPEAAADDLIRRQLAAPMAVDGEGPLFDQVLFTLGPGRHRWFQQVHHLLLDGYGLRLVARRVADAYNGAGTPAEADDLAALVDAESAYRASRGHARDRAYWLTSWADRPEAPTLGTGPVARGDAPAAAEGGAVPLRRTVFLPAAVQEGLDALARTAQTGWQVAALAAVALYTRRLTGAGEAVLGLPVTNRRSSRARRTPAMLTNVPPLRVPARPDTDLTGLVTEVRDRVAEVLRHQGYPYAELRRELGLLAQDRPLHSIVANIMPFDHGLDFEGIEAQVHPVSTGPVEDLKFSVYERPGGAGLRIDVEADALRHREEEVAAHLARFTALLHSFATADPALPGGRLDVLA
BGC0001127,LCFA,,14,16,COND0001127-jagA,Condensation_Starter,MSVSQPVTRAQRELILASLLHPEAALGNTGGTVTMHGALHIDGFTACMAQLVARHDVFGLGFVIDGQQIGHRPVERSAALVRLVDYSAHDDAAELASAFIARQFATPIDLGADASLIQNYLIRVHPQHHIWLCFGPHALLDGWGFSLMFQDMALLMRRHAAGAQDEAPPAPPSFLDYTAEDLAWSASSGCQRSTDYWRQRFPVAPDSLFAPIKPFQLAAGSLARAVPPARYAQWSAAAEGAGLTLASWIAAALLATLARRTGVARPVLGMPLLGRRTAQHKQTIGLFANVVPLALTVDPQQPLAALAARVAEQQRADYRHARITPNEIARPWGQREGSAEFIQVTLSFERHDYTSTYPGCTHDIAAFSPLEQRRPLQIYLREYRQDQDVDIELYFNQSFLTEEQAAALLDDWLAHLDSAGRGADDGRAACLPAAPHALPSGAAPDLWSGFVAQVLRDGAATALVD
BGC0001149,LCFA,,14,16,COND0001149-BN844_0706,Condensation_Starter,MDALYPLTAPQLDIWLDQVLHGDSPLYNIGGYACINGPVDAARLKQAIDHVVSRHDALRIQLVPGSADHPLPRQRFLESASAPLTLHDVSAEADPQASALALLQVNLQTPFSFDGGLLFRTDLIKVRDDLHYFFVNGHHLIIDGWSFAMIGRAISEAYTAALDPAETPLPAPTYQAYVDQQRNAKNSPAFQRQRQYWLDKYRSVPEPLLAPRHPGRFEQRLAPSQNHAWRLPRALYDRLGERAKACGQATVFHAMLGLLYAYFARVAQRDEIVIGMPILNRANAAHKATVGLFVGMSPVRLSLGTELSFSELVARIALTLKQDYRHQRYPLSELNRELGLQNQGRRQLFDLVVSYEQDQDTWYGAAPAQPVKLSNGYEQMPLAMHIREAAPDDDVWMHFIYNEAWFDAAQIEALQQRFMTALHGVVDDFDVPVKALDIMP
BGC0001152,LCFA,,16,21,COND0001152-fusA,Condensation_Starter,MNDMQLYDLTNAQKRIWYTELLYPDTSVSQLSGTAKMKGHINIAAFMQSINLIIKQYDAFRIRITSVDGVPQQYVVPYEERQLECLDLSHYESVSEVEALLEQHKRKPLPLLDSELFQFLIVKISEEEYWINIKMHHIISDGISMVVYGNQLTAFYMELIQGNEPKLGDDCSYIQYIADENAYELSDRYQKDKAYWLDKFSDLPELTGWKSYNPLSLSTHAVREHFTVPEVLYHELQAFCQQNRISLFQFFMGAMYIYIHKMTNQPDVVIGTSFANRGNKKEKQKIGMFVSTAAARTYVKKDIDVLSFLQDVARDQMSVLRHQKYPYNQLIQDLREMHGNKDIQRLFGVSMEYRLINWVDLDDVRILTDYDFCGDEVNDFVFHIVEILDEGELVLDVDYRTELFERSEVKDMVSQLLTIAEQIIHSPQLSIAEVSLLG
BGC0001153,MCFA,,9,10,COND0001153-pmxE,Condensation_Starter,MRENTNEQYGLTQAQRRIWFMEIMNPGTSITMLSATYQITGEINTQLLEQAVAEIVKTYDVFRIRISGDLQNPTQWFEEPENVQARISRLEIGTTEQFYAWVKEVSEKPASVFDEHLYQFTIIHFANGQVWLNLTVNHIIADGLSVNALLHAVMEKYLELRKGISSSYQAPSYLDYISAEREYEQSQRYQKGKEYWLTKYNTLPETTGIKSYPPFSIGSESNKLAITLDGSRYERILAFSEQYQVSLYTLFLSAMYALLYKLTDSTDVPVGTVFANRTSKKEKETIGMFVSTVATRIRLNPDGHVLSLIQTVSKENTADLRYQKYPYNQLIQDLREQHGRNDLSGLFRTSLEYLPLKIVEYEEIKVRLEAHFARHEMDDLLLRFDHMLNEGHVILHASYRTGLFETAEIDRIMEQYVTVLDQFLQTPELPIREISLLS
BGC0001192,MCFA,,8,10,COND0001192-AJM89738.1,Condensation_Starter,MEIMNPGTSITMLSATYQITGQIDTQLLEQAAAEIVKTYDAFRIRISGDLQNPTQWFEEPENVQARISRLEIGTTEQFYAWVKEVSEKPASVFDEHLYQFTIIHFANGQVWLNLTVNHIIADGLSVTALLHAVMEKYMELRKGISSSYQAPSYLDYISAEREYEQSQRYQKGKEYWLTKYSTLPETTGFKSYPPFSIGSESNKRATTLDGSRYERILAFSEQYQVSLYTLFLSAMYALLYKLTDSTDVPVGTVFANRTSKKEKETIGMFVSTVATRIHLNPDGDVLSLIQAVSKENTADLRYQKYPYNQLIQDLREQHGRNDLSGLFRTSLEYLPLKIVEYEEIKVRLEAHFAKHEMDDLLLRFDHMLNEGHVILHASYRTGLFETAEIDRIMEQYVTVLDQFLQTPELPVREISLLS
BGC0001203,MCFA,,10,12,COND0001203-AKA59447.1,Condensation_Starter,MSHTSPQPVWPLSDAQRRVWFANQADPANPAYIIAAWVDFHGAADPVVLDRAVRHTLAEADGLRVRFVEAGDRLGQVADAPEDWRITQHDLSAAPDPAAAATTWLRDRARQPFDVRTAPLFEFAWLTLGPDDHRWFVKFHHLLLDGIGINLFIRRVGEVYTALAAGEEPEAAWFGSFTDHLAQDGAFTASEEFAAQRRFWSERFADQPAPTYLTGGADIALEVVRRTAIVPAERTDELADSVRRAGARWHTAVIAAVAAYLATMRGADEVMLSFAVTGRTTPLARRIPAMASNVLPLRVPVRPDQTWLELVAEVRGRLRELARNQRYRGEDVRRDLVAPAPGRFFGPIVNIIPHDETFTYGERTATLHNLSTMPVDDLSVVCYPTSDGGFRIDLDGHPDHYDEAAVATHQRRLLRLLDAIARDPNSPVGAADLLD
BGC0001211,SCFA,,2,3,COND0001211-AMYAL_RS0130210,Condensation_Starter,MVEALPMDRGFPLTPAQQGIWLAQQLDPADPVYTIGWVAELRGDIDVTRLGDAVRRAVAEAECLHVTVGLEGDTPVQRPVTPGEVAVLDFTGEPDPDHAADEWAKAELAVVADLGRGPLTGHALLILAEDRVRWVQRYHHLVMDAHGQAVLTRRAAALYSGTAGEISWPLSGLTEAVDHGEGDREYWAGELAGRPNPVRLLGRASSGPIRLRRHSWELPAAKTGRLRKFAFDTGTRLSRVAIAAVAAYAHRVTGAEDLVLGLPVTARTTRALREQPGMVSNVLPLRLTVRPETTPARLVAQVAEKVSVLLEHSRYRGEELARDLGASGGVHELVGLSVNFMAVDGELAFGDASATVHNLELGPISDVAIAVYDAGEGRGLRFDFDADAAVSSDGELAEHRRRFAAVLDALVAGPDLPLAAIDLLT
BGC0001216,AR,,8,12,COND0001216-spnC,Condensation_Starter,MSGNEDDRRPLSGAQEGLWYAHRLAPGTAAYNTGEYVEIHGPLDTAVFETALRRTVREADTFALRFLDTPDGPRAVRDGDPDEMPVHRVDVSGAADPAAAAEEWIRRDLATPVDVAAGPLFSHALLTLAPDRFIWFLRAHHILLDGYSYKLVARRLADTYTALAAGEEPPPAGFESSDRLAAEEAAYLGSDRHQRDRAYWTERLAGLPEPARLTDRTAPPRAPFLRRTAVLSPAETRALDEAAKGMGVARTDLLVAAVAAFLHRMTGADDLVLGLATMSRLGSAALRTPGTASDILPLRIAASADTPVGLFVRAVADDLRGLRTHQRYRGESIRRDLGVLGRGRRVHGPVVNIVPFSEDLTFGGHPSTSHHLSGGAVDDLQISVRPGAEADTVWLAFDAHPDLYEEDGLALFLERFLKVLRELRTAPEELPLGETPVLL
BGC0001230,MCFA,T,7,9,COND0001230-sln9,Condensation_Starter,MSKSLPLSAAQAGVWFAQQLDVDSPAYTAGDCVDLHGPLDTALFGQAVDRAVASAQAARTRVVVTADGPRQEVAVRAGEPVTRVVDLRGEADPAASAEALLRAEVARPFDLASGEPLLRSTLVRTADDRHLWCHLYHHIALDGFAVWLMARQVAAEYTALVSGSAEAEREELAVEPLLAEDAEYQASDARTASREFWAGYFSDGFTPTVLAARPAGGVRAFHRSGVTLRAERAALLHAAASRLGASWAQVVAAAAGAYVQRCAGRAEVLLTLPVHGRTSGVSRRTPGMLTNMVPLRLRATPGTSVGDLVAATAREMRTVLRHHRYRAEELRRDLGLTSTDRRFFGPVVNIQELDGGLTMGPCTAETRNLSNGPVEDLAVNVFSRAGVVEIEVDGNADAYTQDEIAGHARRFGRFLEAFAGLGADRPVGGIGLLS
BGC0001297,AR,,14,15,COND0001297-cal17,Condensation_Starter,MSDSSATVLPLTAGQAGIWYAQSLSGPNATFNAALYLDIEGAVDERLFVAAMRQVVTEAEALRARITDDGTGPVQVLEPVGDWAEQPVQVVDFTAAETPWQDAEAWMWADAGTPLDMSGEPLYRFALLKVADDRSLFYYRYHHVVMDAAGASLVAARVADVYTRLVAGEDTADGAFPPLRELIEDEAAYRRSAAFEADREYWTARFADTPAVPSLGDRPTAMPHHQLRGGARVPAAVAAEVRDAARTVGVGWPAAVLAALAAYTSRITGSSDVVVALSVAARTTAAGRAVPGMVSNVIGVRLDVRPEMTAAELIRHAHLRMREASRHKRYRYEDLRRDLKLLGSDGRLLGPRLNLHVASAAVEFAGVPATLHPLTAGQDDDFSLIVMAEPDGGFRFDMTANPDVYRSGAAERHHRLVMRLLGELAARPHRPVGAFDTVD
BGC0001345,AR,,7,10,COND0001345-mxcG,Condensation_Starter,MRDSQETRRPLSAAQHGIWLGQQFDLKSPVYNAGECIEICGPVDPALFEAAVRQAVREAEALHVRFVASEEGPQQLLGLQTDWVLHTADLSESPDPWAAVQAWMKADLAQTVDLSRGPLFTEALFKAAPDRFFWYQRIHHIAMDGFGFSLLARRVAEVYTALAAGRPITGGFGSFQAVLDEDVAYRNGPQHELDRTFWTERFADRPTPVSLASPAPMSPSFVRQTRFLPAQSMERLQAVSRPAGLNWPDLVLAATAVYLHRLTDATEVVLGLPVMTRLGSAALRVPCMAMNIVPLRVPVSPEASLLDLARGIAAEVRAMRPHLRYRYEQLRRDLKLVGGQRRLFGPVVNIMPFDYALRFAGMPTIAHNISAGPVEDLSIGLYARADGKGLRVDFDANPACYEAKALESHPSAFLELLEALTAAPDQAVGRDSGSLSSSSSKAPSLASVLD
BGC0001346,LCFA,,12,13,COND0001346-banA,Condensation_Starter,DAADGLSATSETFPLTAAQRDIWLDQVRQGDSPVYNIGGYVEMTGALDPALMQAALEGLVARHDAMRTSLLPGAGEQGLPLQRFLPSMPVPMPFHDFSAHPEPQAAARRLTQERIEQPFKLDGGPLFRFCLIRLDERCHWFSLQAHHLIVDGWGFGEMLKSLGDIYNALALGQVPPDSAPSYIDFIHDDARYYQSDRYGRDRAYWLDKYRHLPEPLLLPRYQERFAGATAPTRIFSQRFPARLHERMKQVAHEYGASALHFLLAAMHVYLSRTGQRDEWVVGLPLLNRSGARFKSTLGLFTQVSAVRMGFGRELAFSALVKAVRDELKQDFRHQRFPLSEMNRALGLLREDRSQLFEVTVSYERDAHEYRYGEARGRVVKVSNHEEGTPLSVHLLSSRSDDEDSLYLVYNEAYFDADEIEALSARLLWVLEQGLENSALATGDFSLSLPAETALLQ
BGC0001363,LCFA,T,18,21,COND0001363-RSp0641,Condensation_Starter,ETAAVDDDAAERYPLVPAQKGIWFECQISHEAALSYNTTTVLGLRGALDHAALARALQQVVDRHAALRSVVEADGEHQRVLPAVEVGLPLVDFSREADRDAAIGQWFVDNNHRPMDPGHGPLVRACLLRKGEAEHLLAITFHHVIIDGYSQEIVLQELAACYRAACRGGAPGLPAASPFREQVERHQAYLRSDRYQQDRAYWRGQFGSLPPSLELSGRHARPSAPSHRARRHHLTIDGERYARLQQLSRKLGGTLFMTMLAGVAVLLQRLSGQAQMVIGVPMVVGRAEGSEASLVGCTLNLVPVRCDGSGDPSFAEFLGRIKRSVLEAHAHADYPFGHLLRDLDLRASQRRPLAPVLFNLNRSLALPQFDALQAWLEQSPISFSPDDLTIDVMQLPDRLQVMFQYQEVLFEHEAIERMAAQFVQLLDGIVADPACSIGRLALLS
BGC0001370,SCFA,,6,9,COND0001370-cda2PSI,Condensation_Starter,MSEKSSVRHGLTSAQHEVWLAQQLDPRGTHYKTGSCLEIDGPLDHALLSTALRHTVSETETLCSRFLTDEDGHPYRAYCPPAPEGSDAVEGPDHVPYTPVLLHHIDLSDHADPEGEAQRWMERDRATPVSLDRPGLSSHALFTLGGGRHVYYLGVHHIVIDGTSMALFYERLAEVYRALRDGHEVPAHSFGDTDRMVAGEEAYRGSARHERDRAYWTGLFADRPEPVSLTGRVGARALAPTVRSLTLGPERTGVLGRAAEATGAHWARVVIAGVGAFVHRMTGARDIVVSVPVTGRYGANARTTPGMVSNRLPLRLAVDPGDSFARVVENVSGAMSGLMAHSRYRGEDLDRELGGSGVSGPSVNVMPYIRPVDFGGPVGLMRSISSGPTTDLTIVLSGTPETGLRVDFEGNPQVYGVQDLDSLQERFVRFLAYLAADPAARVDDVALLT
BGC0001416,LCFA,,,,COND0001416-AL066_08465,Condensation_Starter,ALSNDLENDNQPHELASVQQGIWLDQMAHPELPYYNIGMVLEIKGRIDVQLLEKAIELIANRHDALRLSFSHEGGVARQSVLPSIEVKLDVVDFSEEDTAAGLAMAYVREAFRKPFDKLTGKLWEARLVRCGPERFYWLNRYHHLVTDGASVSLIGHAVSDAYNGLLAGDDNPPEGHSYISFLAEDRSYIESTRFERDRAFWHEKFAQLPPALLQQRVAVAGSGIAPSAQAQAMMPRALFDGLAQFASGHGMSLAHVLMTVLATYFCRTEGVDEIVIGMPVHNRTTARQKATVGMFSSLSPILLEVDPQASLLDLMQVVATQLRKCYRHQRFPIAELNRSLKLAQQGRRQLFDISLSFESLDGDIHFGGMPSEVFTLDNGYERTPLAIFVRDYHPNEDVYLDFNFNTAFFTLDEVQQLQQRILSMLETVIEHHALPVGHFPIMP
BGC0001416,LCFA,,,,COND0001416-AL066_08505,Condensation_Starter,MNQRLDLSESYPLTAAQRDIWLDQMTQGDSPLYTIGGYIQIKGRIDPERFQRAIELLIQKHDALRTVLLPNVGEAGAPMQALAAAMVEKIELQDFSGHADPEAAVQAWMQQQIEIAFPLDGRRLFRFHLAKLSETSFYFVAHVHHLIQDGWGISLMFDSVGELYSALENNQQPDLSAPSYVEFIHDDARYRDSPRFARDQAYWLEKYRDVPEPLFVARYRDQYPDRGAPSRVVTQRYAHSLNDRIDALAQSLQVSRFHVLLAALYVYFVRTPERDELVIGLPILNRSNANFRNTLGLFTQVSAVRLQFSDELSFAELAQEIARTLKQDYRHQRYPLSDMNRSLGLRRDDRAQLFDLSFSYEQVDHQFMYGQAPASVVKSSSNHEQTPLTIHIRTSPHDETAWMHFTYNEAYFKQTDVEAMVKRFMYVLEQGLADGALPVHGFLLPT
BGC0001437,AR,T,7,10,COND0001437-obaI,Condensation_Starter,MSASFTTALTSAQQSIWMGHQFDPQSPAYNVASYIEMSGDIDPQRLQHALQRAVDDIEALRARFHEDETQGGALTQTILAQVAVELNVFAVDAEQARSWMESDLARPTDLTSGPIFSSALLQVAPNVNYWYFKTHHIVMDGVALSMLFKRVADLYGQAPDLCSPSPFGSVRQVLENEQAWRASPAFAQDREFWQQHCQDMAEVASLNSDVAQPSYQAIQHRRVLDESIMASLRERAEAMDSQWVNVLLAAFGAFVGRSTGYRQVTVGVPMMNRFATGAINVPCTLANVLPLRLDIKPGQSVEQLVASVQAQLDRMRPHQRYRAEDIRRDCNLLGDNRRLTGPQINIDFFSAKLSFDGVPGEVNVLSAGPADDLSLLIQTPADDKTLNIIAMANPALYSRAALERHVQRFIDFVERFAAASDTPLGQLDAYD
BGC0001448,LCFA,T,11,12,COND0001448-mlcK,Condensation_Starter,MSGDVRRAVTAAQAGIWFAQQLKPGNPLYNSGAYFEIDGPLDVAAMRAAVRRAVTETEALRVRFEESPEGLHQVLQDFDAPLTDIDLSDAPDPHTAALDWIRQDLATPADLTRVPAFEHALLRLGPQRFYFHLRYHHILMDGYAHALYCRRIAEIYTALASGRPPKPCEFGTLQQLLDDDTEYRASRRRERDEKYWLETFVEVPELASLAGRSVPAAPSTLRREVELPRRTSELLAKAAAELGVPWSVVAIATVATYTSRLTGLSDVVLGLPLTARMSKVALRTPGMVANDLPLRVTVRPSVSFRDLVRQLSQQVSRAVKHQRYRGEDLNSALGVSGGELTGTLVNVFSFEQDVRFGDLPTTPHQLSTGAVKDLIVNFYATSGSIRIEFDGNPELYGEEDLAAHQDRLVRLLEDLLAGVDTAVAAADLIE
BGC0001455,AR,,,,COND0001455-antaC,Condensation_Starter,GCAMSLQEDDRRPLSGAQEGLWYAGRLAPDSAAYNTAEAVEVHGPLDTGLFEAALRRTVGEADTFALRFVDTDDGPRCRRAPDAADWSLHRVDVSGAEDPEDAAWACVRADLATPVDTEKGPLFSHTLLTLAPDRFIWLLRAHHILLDGYSYKLLGRRLAQTYNALAEGREPDPSGFEPVSRLRAEEEAYRGSERYVRDRTHWAGRLAGLPEPARLTSRTAAPTAPFLRRTAVLEPAEAAALDTAAARLGVSRTDLLTAATAVYLHRMTGAEDLVLGLATMSRLGSAALRTPGTASDVLPLRVAAAPGTPVAELVRAVADELKALRRHQQYRGEFLRRDLGLLGTGRRLYGPVLNIVPFDESPVFGGRPTTWHHLSGGAVDDLQISVRPGARAGGMWLAFDANPALYEEDELALHRDRFLTVLRRLAEAGPATPLRDLDVLL
BGC0001502,AR,,7,10,COND0001502-AHA_2476,Condensation_Starter,MNRFPLTIPQQGLWSGHLLNDDKAMFNTAECIAFDGKVEAAVLAAALAKAVGECEALKGYFEDDKEAVCFVSHELPLAYEEVSLERDDETLARAWAWADLRRPFELTQEAPCRFALLRGPGRDYLYSCVHHIALDGFGTTLLFQRIAELYAEGLAGEMNSPSPFGSLAEVLAEEASREQSGKNAAARVFWQEQLQGWPEVKSFGETRAPIAADFIRESRPLPAALWQSLTGFADEHKLGWPDLLLAGLSAQLSLSSGQDKTLLGLMMMNRIGSASLTVPCMQMNITPLALELEEGLSLAGAAGAVAKAKRGVRKHQHYRYELLRRDLGLVGGDKRLFGPLVNIMPFDHARRFGPLSAHILNISAGPVEDLTIEVQVGVDGQPRLDLDANPGCYCQADLAAIADILFALLGRWLAEPAQTLGTLKADWLA
BGC0001509,LCFA,,10,12,COND0001509-A8O26_RS13975,Condensation_Starter,NVADDLSVPVETFALTAAQRDIWLDQLSRGDSPLYNIGGYVELTGPLDPLVLHSALECLVAANDALRIVLLADVGRDGLPLQGFAQALPVAMPLHDFSAHRDPRSAAQALVEEQMAQPCVLSGQPLFRFCLIRLDHQRHWLAGQAHHLIIDGWGFGLLFKAVGEIYSALCRGERPTLAAPSYVGFIEDDAHYHQSARYELDQRYWLDKYRSIPEPLLTPRNHEPLDPAKAPSRIHVEAFPALLHERMKDTARQLGGSAFHVLLAALHVYFSRTAQRDEWVVGLPILNRSGARFKSTLGLFTQVSAMRMGFGRALSFAELIKAIGAGLKQDFRHQRYPLSEMNRALGLLREDRSQLFELSVSYEQDDHDYRYGEASGHSVKVSNQHEATPLAFHLRSNRYDDKAWWHLVYSPAYFTADEIASFTECLLLILEQGLECPERIVADFNLNSPAELARLNE
BGC0001519,LCFA,T,13,17,COND0001519-STRAU_0349,Condensation_Starter,MTPDTLNHAMTMWEVNGALDTAAMESAFRHVMDEAEVLRVNFVDDDNGLRLAVQDLGDWRPFFLDLSAEPDPDQAAREALADIVKQPFDLEHDLLFRLGAVTLAPDRCLVVLAYHHLISDGFGAGGLLSRRLAEVYTALVSESEIPPQPHPWDAASFANEATRYLASDTFTEDTEFWRDYLKDAPAPAQVPRIALTDTQRSALDEPMSSADRWSEVAGSIGMVSRTLTVPRAEADTWTQAAQSMGVWMSSMLTAAAAVFFRHRCDHPEFLLSLAVGNRVGAAATTPGLAVNVVPVRIKVPLTATFAEIADAVVDETYEIFGHTACHYSDIQRASGTVLSGRGSYGAVMNVVEFVEQLHFADHPARYFPATTGVFDELSIGLCTDGSPDSDLFLRLDAPATLYSRAELRVIGAELIDYIRAVVAAQEQPLGALDVIG
BGC0001524,MCFA,,,,COND0001524-Sulba_0748,Condensation_Starter,MLNIYALSSPQEAIYIDSLLYSETTKYTMGGFALLSGRIDVEIFKKAHAITLTLHDVFLSKIETRHGKIVQSSPHEPYGVYFKDFSTSVDSYRAGVEFILEDFSHPIPINAYPLAADMLLKVNEELYIWYTKLHHIMNDAFGHALFAETLSEIYTALFYKQELPVKERHRYVDFVEDDNAYLHSETFLKDAAFWMEKFKTLPEPISFSGSKDGLCEQEALKTERMTLTLSRLCYNDMLRICSENSFTSFHFLLAVLYTYLYRTKNRNDIVIGMPILNRNNKKFRNTSGMFMGMIPLRIKMEEGMSFMDLALGISRELRECYRHQRYPLGQIIKDCRSKEGFYGNIFDITFVYRKLSYDKKFGKTLMRMQILDTKAREESFSVEVDEFDDGDVNLFFNYNPYVIPPEEAEQMVRGFETLFLDVAMMEDKPLKELRIMP
BGC0001536,MCFA,,,,COND0001536-ATY37608.1,Condensation_Starter,MNKDLIQLFPLTQPQQRIWYSELLYPNTGVSTISLTIKMKGNINLSALQQALNMIICRHDVFRIKITAQNGYPQQYLEEYSDKTFECFDFSGVDREAQALKWLDQHSRTPFELLHSDLYQFVICKISDQEYWYNVKIHHIVCDGISARMFINQANEYYSQIASGQLPEIAENHSYFDFIQTEQDYEESDRYQKDKTYWVDKFSTLPEVIGFKSYNPFTLSTAGKRKNIILEDSLYHNLYEFCKQTKNSMLTVFMTALYIYMHKKTTQNDVSIGTFYANRTTKKEKEMLGMFVSTVPTRVYVDPDMDLSSLLQVVSKEQVSILRHQRFPYNRMMEDLRQTHQHKDLQRLFGASVQYRAMNYSQYENVGIEVDENFCGDVINDFEMNVIELDDHKILFQLNYRAELFTEEEMEQLVQQFFIIIETIIHHPTSKIADISLLR
BGC0001567,AR,,,,COND0001567-SLINC_0744,Condensation_Starter,MTLSAAQRSMWFGQRLDPAGPAYNVGEYTEIHGPVDPALLRAAIRAVVDATETLRVRFVADDDTVRRIVEAAPHWDLPVVDLTGEDDPRTAAETWRAADFTTPFALDRAPLFRYALLKFADDHWIWYQRYHHIAVDGYSCSLVAARVADAYTALAAGTAPAPPPAPLAALVAEDAAYQAGERHASDRTYWTEALADRPESVSLSTRPSRVAGRFERRTGHLPQAAGDLVHACAAGAGTRWSRVVLAATAAYLHRLTGAREIVLGLAVTGRESETERATPGMASNVLPLRLTVRPDTTVHDLVRQTASATRDLLAHQRYRGEDLRRELDWPQDGRRFFGPVVNIMAFGPELRFAGHPTTRHNLSTGPVEDLAVNVYDRADTDGIRIDLDASPAHYTDAELTAHHRRLIHFVERFAAEPAACVGTLELTL
BGC0001574,SCFA,T,,,COND0001574-ATY72525.1,Condensation_Starter,MATPDQETGRRPLLAAQEGIWTGQQLDLDSPAFNTGEYVEIHGPVDTAVFERALRDTVAEVEALNVRFVEDEGQPWQVTVPATDWRPHTADLTGLADPRAAALDWMARDMDRPVDLTREPVFGHALFRIAEDHFLWYHRVHHIALDGFGLALVARRVAETYTALVEDAPLAPNGFGTLESVRAEENAYRASERCAKDRAYWTERFADRPAVASLTDRHALPARTFLRRVVDLGAADVEPLRALARELSVTWSDVLVAATAGYIHRVSGARDVVLSLPAMGRLGSVSLKVPSMVRNVLALRVAVEDGDGLRDLALRVSGELRAGLPHQRYRYEQVRRDLKLVGGKRRLSGPGVNIMPFEYDLRFAGHRSTVHNVSAGPVDDLSVNVYDRAEGAGLRIAMDANPDLYTEAELAAHQQELLDLLREAVARPDRPLGELRPLT
BGC0001599,MCFA,T,8,9,COND0001599-I35_4189,Condensation_Starter,MTDSTLQLPLSAPQRDFWEAALAYPVPSTHIYAAEYFDIRGALDTGAFERALRQVIREAQTLHTTRIVLDGDTPVRVLDAALADDWTLEHVALAGTKDAHAIALAGMRAHCTGAIELARGPFFRHTLYRIAPDHYYWYHGYAHILVDGYSGSLIATRAAELYNAFASGAKAPPARFASLAELQLDEDAYRASEQFAHDRRYWLERFADQPRTVTLAGPARFPERDDGPDLRETRLATATESARLEAVARDLFTSTVPRLVTALTAAYLYLNTGAHDIVLSVAAMARTSARERRTPAQCANMLPLRLHVEPGHTLDDLCRQANREMIALRQHQRYRMGDLHRELTSLDNGQGVFGPEINIMAFDYDLRFGDCVTTSHNLSVGTTDDLMVNLTDRRNGEPLRFDFDASPQYYSRDALNAHVGQFLTFMRVALDEPFATLGALESRL
BGC0001608,LCFA,,,,COND0001608-AAW51_2719,Condensation_Starter,PPRAAAADAPTLHELASVQQVVWLDQVLDPGVPSYNLGAMWQIEGDLDPVLFESVLNELAAAHDALRLVLQLEAGVARQRVLPELEVKLPVIDLSMHDDARDRAWQHAQTSFATPFQLYGEPLWQTQLLRVGPSSFYWLHRMHHVIGDGATVSLTYLAAWDLYKRRLAGDTTPLEPGPSYLEFLDDDSAYLRSPRYQRDEQFWKQRYAQLPAPLLPVREGVEQRQALPSGQTSLYIERPRLRRFKALAARFGCTLPHAMLALLAAYFARAHQAPEVVIGVPVHNRGTARQKRTWGMFSSIIPVAIDVDPAQSFAALMQGVAAELKRCYRHQRFPIADINRALRLGQHGRKQLFDVTLALEEYPMDIYLGDRKLRVTKMYSGFEQTPLAVCLCDYHEDEPVAVRFNYNTGAFEHEAAEDLPRRIGVLLDAVLDAGDDRPLDDLRWFD
BGC0001623,LCFA,T,,,COND0001623-iga5,Condensation_Starter,ESKAMTTNRGAVLPLTAAQAEIWFDEQFATGPLGYNMADYIDLRGPLDADLLGRALGRLGHEAEGLRVQFVEEDGAPGQIIRPLAQLPLKRLDFADEPEPSVAAEAWMRADHADPLKVTDFPLFRGALIHLGPEHHLLYLCMHHILADGFSRALLYPKLATLYTRLAAGEDEHALDADAMPPFHRLLDAERDYLDSAHVERDRKHWTTRLTAGAHGPAPELVSLSARQPAPGRSALRHTARLSAEATDAVRALARDGKVTMPVVMVAAAAAYTRRATGVDRPLLTLPVTGRVGAASREIPGMLANYLPLAVPVRPDTTRTQLLRQAWIEVSGALKHQRYRGDRVRRDIGLRTDDRRPFGPFINVLNQDPALAFTSACDGTIVNLSTGIVNDLIITVLNTTDGTMEIHLDGNPELYTSAELATHLARFETFLTDLAALPADHPVGRIGLGA
BGC0001628,AR,,,,COND0001628-orf4,Condensation_Starter,MDAVAAQRAMWFGEQLDVAKAAYNVGEYTEIHGPVDAEQLRAAVAAVVTATEALRGRFHAAGGEVRQLVDASPQWSMPVVDLSVAPDPYQAAREWMAADFAVPFDVAAGPLFRYALLRLAEDHAIWYQCYHHIAIDGFSCSLVAARVAETYTTGTAPPPAPIADLVDEEAAYHTSAQRDADRAYWEAATAGMPEPVSLSSAQPTVSGGFLRRTANLAPHTGQAVHTVAERAGTRWSRVVIAAVAAYLHRMIGAGEVVLGLAVTARNSERARAVPGMASNVLPLRLPVSQDLPIAELVDRTATAVREALAHQRWRGEELRRELDWPQRCHRFFGPVVNIMAFGPELRFDHWPTTRHNLSTGPVEDLAVNVYDRSDRHGIRIDFDGGREQYDEAGLDVLHRRFLRFVERFVSAAPDTPIGRLDLDL
BGC0001629,LCFA,,10,12,COND0001629-jesA,Condensation_Starter,MALALTAAQRNIWLDQMTQGDSPLYNIGGYLEIEGHLDPEVFQQAVNLLIDKHDALRMVLLDQRDEQGVPLQAFADTLPVWVAPLDLQGQADPRGAAVSWMQRQLERAFKLDGGPLFRLHLLKLEAQRFYLVVHAHHIVLDGWGIDELFASLCQIYNALHDQRTPDLSAPSYVDFIDDDRDYRQSPRFVRDQAYWLEKYRDIPERLLLPRYRQAQAEGSSRSGHFARGFARDLENRIDELAGQLQASRFHVLLAVLYVYFTRTQQRDELVIGLPILNRTNASFKKTLGLFAQVSPVRLQFSADLPFAELVQGIGRAVKQDYRNQRFPVSDLNRLLELRRTERTQLFDLTFSYEQHDSLLRFGPASARAVKCSNNHEQTPLAIHLRTNAYDTESRLHYIYNEAYFQAGEIEPMAERLQHVLDQGLANAQLPVRAFSLLN
BGC0001657,MCFA,,7,9,COND0001657-lesA,Condensation_Starter,MSSAQSFALSAPQLEMWFAQEFSPDNPYYDTRCYIDLRGPLDIDRLRRALQTAVGEADTLHLRLQRGAEGPVQRLQAAPELPLAVLDLSAEADPCAAAQAWMSAAASRVIDLQGAALGEAAVLSLGPQRHWLYQRYHHAVMDGYSLPLLVARAAELYDACGRGETPPPARFGSVLEVIEEDARYRASERFGKDAGYWRQVLADAGERVGLDGRAPAQSVGFHRASIAVDAALAQALAEGERRSGAKWPQLLTAAVAAYCHRVCGRERMLFDFPVANRAKSNRNTPAMLANVLPLSLRFAADASLAGIAAAAGQEIGKALRHQSYRGKDILQALGDGGQQWIFGPRINIIPFDFGFEFDGHPAVLHSLSNGPVNDVAITLQGRPGENACELHFDVNRELYSQADADRHLRRLLAFVRRAVAAPERPIREIALIE
BGC0001686,MCFA,,8,9,COND0001686-BN712_00198,Condensation_Starter,MEKNLYNLTNPQKSIWLMDQVNPGTNLNNIGGPVLINDSVNVPLLEKALNLYIEKNEATRLRIKLVDSSPMQYVADYSYFTIPVTKLKNEKELEDWNQKIIDTPFNVFDSNLYSLSIFVLPDGRGGFNATLHHLITDAWSMSLLITEVMSNYSNLIHNNSVDYVFPNYTDFIDAENNYINSEKFPKDRLFWDEYFENCPELCSISSNNINSNMIAKRKSYILNSDLFAKINDFCKLLNCSVYTFFMSIYSIYLSKLTNISEPIIGTPVLNRTNFKEKHTSGMFISTVPFKAKVDSNITFSEFVKSVAITQLAIFRHQKYPYSHLLEDLKKKYNFSENLYDIALSYQNARDNKENCDIDYSSGWLFSGKCTDTLQVHFYDMDNTGDLNIFYDYQLDKLSDEEINTLHERIMNIVNQVLLNNEIEIKNIEIVT
BGC0001695,AR,,8,12,COND0001695-natB,Condensation_Starter,MSVPEDAVRPLSGAQEGIWFAQRLDPANAAYNTGESTEIHGPVDTGLFETALRRAIAEAETFGLRFTETEDGPRALLPPAGDGGAGGDGHDWPLHRVDVSAEPDPRAAADAWMRADLATPVDLTEGPLFTEALFTLAPDRFLWYQRAHHILLDGYGYTLVARRVAEIYSALEAGRDPGRGFPSLTRLLSEETAYRASERFAADRAFWTERFADAPGAVSLAEGTAPPSPASLRRATILGAAEAERLSAAAARLGAGRAELFVAAAAAYVHRVTGAPDVVLGLPTMNRFGSAALRTPGVVSNVLPLRVTVRPGTSLARLVGDVAAELRAVRAHQRYRAEDLRHDLKLLGGDRRLHGPVVNLVPFDNEPPFGAHRSTFRHLSGGPVEDLSVTLRPGPGGSGLHIAFAANPALYTEDGLAGHQDRFLSLLRQFADAADAAPAVDVAGLSLLG
BGC0001715,LCFA,,10,12,COND0001715-octA,Condensation_Starter,MSENKNKLYALTQAQRRIWNMEMMYPNTTVGAIGGTLFIRGHVQTDVLMQSVYKLIREHDAFRIRIAPSEAEPMQWFEEESNIIPECDYLEMGSVEEAKEWQERFNRIPISIFDEKLYHFCVFNINNEEHWFNLKINHIIADGVASHLIVNTVMQNYMDLLNGTVPDQKAKSSYLDYIYAEQEYERSERYQKDKAYWLDKFKSFSEITAIKPNTPYAISTEARRASVPLTHKRYEQLKQFSEQNNVSIFTLFLASLYILLHKVTGNQDITVGTIYANRTSKQEKETIGMFVSTVATRMLLDPDQSAATFLHHVSKEQKSNLRHQKYPYNQLIQDLRKENKQHDIPELFRVDIEYLPLTWSHYDDLSVLQNSRFCGHEVGDFAIHVVDMIDDGRIELNFDYRIQLFEEHEILRIAEQMIAIIEQIIQNPQQTVRELSMLS
BGC0001752,AR,,7,10,COND0001752-ctg1_orf1264,Condensation_Starter,MSEVTSDAGRILELTRAQEGVLAAQRIDPDNPSYNVGQYVELRGAVDTAALEEALRRTLAEADGLHVRLAERDGRTVALPVPFDAAAWHLPRLDTTGAASPVDAAVELVRDQLACPPRLEPTDGSGAAPALTGSLLVTVAPDHHLWFQYFHHLVVDGYSVALFTRRVAAVYTALVRGEEVPASPFEPVARLADADAAYLASGKPDDDRAYWTARHAGRPRVTGLTEQTAQASRTSLRHRTSLGAERSAAVLDCAAAVRGTWAEAATAAVAAYLHRMTGTTDAVLGMHFMARSAPGTMRVPGMAVNVLPVRLAVEGADTLPDLIRRAAGELKDARRHQHYRGEDIRRDLGLVGSDERLHGPMLNLKPFDLDLDFAGIPGHTVNLASGPVEDLSVSVSKSPDDVLHLEFDANPALYDAATLAAHAERCTDLMGRLAADPALALDRARLLA
BGC0001767,SCFA,,,,COND0001767-ctg1_orf20,Condensation_Starter,VNAESDRTRAAGIPVTSGQSGIWLAQQIEPDSSAYTVSFTVHLRGDVDLDCLADAIRQVSEEADCLHVRIGDEDGRPRQWPRRFPVEVRTVDLRGADDAEHIAWEWMEADRRGAPGLDQDGPLFAHTLIRLEDDRLLWCQRYHHMVIDGVGVALISRRVGDIYTAAEPAGEVDWSLSRLLDSERAYRASKQYHADRDFWLDRFADRPEPVRLVERSASLISRRFRHTTELSQQDTARLRSTAADAGVRLSALLVAAVAAYTHRVTGARDLVLGLPVTTRRDPTAADVPGMVSNTLPLRLSVHPGMSPVELMGQVKVRIGETITHSRYRAEELAKDLGLAEGVAQLVGPTVNILPGTDWLRLRDHTSDLHPQWAGPVSDLAVIVGEWQRDAVRIIFDADAHMCDEETLADHQRRFGVVLDAFAEESGSPLGRIDLTA
BGC0001806,SCFA,,5,8,COND0001806-APU91750.1,Condensation_Starter,MKPQTFPLTASQKAIWLDQISQGDSPLYNIGNYLEIQGPIVPEVMQRAVQLMVDKHDALRLALVDETDADGVPLQAFVPAIKVDVPFLDFSTQADPVGTAMAFVEEHMARSFPMTKAPLCRFFLIKLADTHYWSIYQAHHIILDGWAFGEMLQSLGALYSDLLEGRQPDMEATSYVDFIHDDLRYRESARYAKDHDYWQAKYQSLPEPLFAARHHNQFAKGKAPGRHYARPFPVALHERMGELAQDFQASTYHVLLAAMYVYFTRVTQRDEWVVGLPLLNRTGKFKGTVGMFTQVSAVRFSLGRELTFGEVICAVRDGLKQDYRHQRFPLSGLNLRNEGGQLFDVTLSYEQDDHLYQFAQGLGDSVKVSNSHEQMPLAFHLRASNLKDKAWAHYVYNEAYFNAEEIQCLAERFTYVLEQALENAALAVNDFSLTT
BGC0001825,AR,T,8,9,COND0001825-XNC2_2611,Condensation_Starter,MRISENSLRPNLYPLHPSQEDVFYEQALYENNPIHNLNWYTVIEEEVDITLLQKVWNVLHQHIDMLRLRISVNADNEAIQYLEEQSKPEAIIFHDVAMQAEPEKSAILWMKQHLEIPMDYLKETPYQIFLIRLADEKYYFFTKIHHIMIDGVGLYRLHKYVHKSYKCFKHGTSIAWLSDIPQYLTTITKAREYLSTIHYEEDKKYWLNFLKENEIHQLTPYYKNTGPGNSTLILPLQTKKDLLVFCNEHKTNLLAVFSGLITIMMIELTGQQELVFNTITHGRREKAEKYVVGMQTSTYPVYCHISSTSSVIEQIKRMELALKDSYRHSKFPHSHLTRLASQHRFSLPNISIFYERFYESAAEITENQYHHLDEVFNIYPIVFRLKDYGYNQELKITIDYRQEYFSEPDISRILERSQNLFVALINNPALLVSELPILLEQERQTLLHIWNQPDIPYPQTCTLQQQFEAQAAARPDSVALVF
BGC0001826,AR,T,8,9,COND0001826-Xekj_RS17945,Condensation_Starter,MRKAEDHFNPDLYHLHPAQENIFYEQLLYENKPVHTLNWYTLIEENVDITLLQKTLNLLYQHIDTLRLRIFINAENEVVQYIQEQSIPTLINEYDVSTLSDPENHAFLWMKQQNNIPIDYLNEIPYQFTLIRLSNEKHYFFTTFHHIFIDGVGLYRFHEYVYKLYTCLKNGTSTTWLSEIPQYLTAVKKARTYLNNLNYEDDENYWLDFLKKNEIHQLTPYYHNKGSDNQTLTLPLSVKNDLRTFCHENNTNLLAVFSTLASIVIAELTGQQEITFNTTSHGRTTKSEKYVVGMQANTYPVHCHISRASSIVKQIKQVESALKNSYLHGKFPTSHLTRLAQQDGVSLPNILILYDRFSASDTEIDQIQHFHIDTEFNINPILFRLKDHGHDQELKITIQYLQAYFSNSEVNNILKRLNNLITATIDNPAILV
BGC0001833,FA,,,,COND0001833-icoS,Condensation_Starter,RIILNAKNPQEILELTAAQLEMWFSQQREPDNPLFDSRAYVDIGGAIHYPAFEAAVRRFIEEARILHFRFLETSSGPVQFEAGGDAFEPTFIDVSHEDDPFAACWNAMQAESNRPYDVLSGRLFSQTLFKLGDQRHVWYQRYHHIVMDGASIPLATRRVAAIYTALMRQAPVPEADFGAIDLMMSGDRAYRSSPRYASDRQYWQDYVHALPATETIAGAAPRASGFFNRASAPLPAAFIDQLDQIETRIAKWPLVLTAIVAAYLYRMSNGRITVFDFPVSARSKETRALPGMFANILPMRLPITPGTTLAELTRQVSTEVFAHMKHQQFRVNEIRQMRGAFAGPVFGPRINIVPYDNRWEFDDGRATLHALANGLVNDFAVTVTGNPRDPGCTLHVDANAELYDDTSVQAHRKRLLHFIEAALADPEQPIERIDLLD
BGC0001833,FA,,,,COND0001833-icoS-2,Condensation_Starter,LIDHPGSPAGTWYALSPAQQAVWLQEQAARPGTSFFSVAAMRCAPEVDRMRLVAASRALIAQNQAFWIQVSDAGLQCEASTPTTRFQHFVEPTTMTDEAMQRAVIEWHEKLNEDPRDKSGAVAVFDSPGSVLVALRSPHVQNDGWSALRYFERIGRNYAALESDPARAFDMDRIFLDTLSLDERYLCSPTYERDAAFWQSACARIDGQPLVTLVADHAHPVDARGVVRSLRKVFPQTLQERVLNAARKLSLSPAECLTALTALYLMRITGERSTVLGVSFLNRTREALDIPGQFAKVIPLPVSIGQGDIPLSATLNGIRDAFKDVMQHGRFPFGEMVRRYGFDPRHIEISVNTLFLRHPVEVGGQPAHVQWLSGPEHGLSFLFTQFGRSAPIDIELRYNSNAFDSESVERHAGRLLDFIEHACEDDSVSARGIELVS
BGC0001842,LCFA,,10,12,COND0001842-Pfl01_2211,Condensation_Starter,DAADGLSAISEAFPLTAAQRDIWLDQLRQGNSPMYNIGGYVELTGPLDPALMQTALEGLVARHDAMRTSLLPGAGEHGLPLQRFARSMPVPMPVHDLRSHPDPYAAARQLTQENIERLFTLDGGPLFRFSLLWLDDDRHWLSLQAHHLIVDGWGFGEMLKSLDEIYNALALGQLPPDSAPSYVDFIRDDARYFQSARYARDRAYWLDKYQHRPEPLLLPRYQERFAGAAAPTRIFSQVFPARLHERMKQVAREYGASAFHVLLAAIHVYFSRSAQRDEWVVGVPLLNRSGARFKSTLGLFTQVSAVRMGFGRELSFKTLVKAIHDELKKDFRHQRFPLSEMNRALGLLREDRSQLFEVTVSYERDAHEYRYGEAQGRVVKVSNHEEGTPLSVHLRSSRGDDEDSLYMVYNEAYFDANEVAALSGRLLWVLEQGLEEPALAVGDFSLSLPAESALLQ
BGC0001843,MCFA,,9,10,COND0001843-EGM68_11575,Condensation_Starter,MTQQDVQLFSLSQPQQRIWYTELLYPHRNTSTIIATVKIRGTVRIDALQQAMNRVIAQNDSFRIKITAQDGIPYQYVEPFTVESIETLQVTPEEANEWLKRHNPQPFSLLDSQLYRFVILQLGAEETWFNFKMHHIISDGVSMNQAINEITGHYMDIVHGTGQDAPSKSNPYLDFIQVEQSYEQSDRYQKDKTYWTEKFADLPETTGLKSYNPLTLSTAARRESFILEHGLYRGVTAFCEEHKISIFTFFLAALYIYLHKVTGEQDLTVGTLYANRTSKKEKDTIGMFVSTVATRLLVEPESELLAFLQGVGKEQASILRHQRYPYNKIIQDLREQQSSMDIQRLFGASIQYRTLSFSRFDEAIQQVDNDFCGDTVNDFDIHMVEMLDDDRLVLYLDYRTELFSEQEIARIIRQFLSVAEHMVQGPHKRIQELSLIS
BGC0001844,MCFA,,8,9,COND0001844-RBRH_RS16800,Condensation_Starter,MSAGAISLTTYPLSSAQTEIWLAQQLHSGSPVYNIAQYTVIEGAIDPTVFEAALRQVIDEADSLRLQFVESEAGLRQRIGSPAWSMPVLNLTAEAESQAVAQAWMRTDYEEPVDLMQGPLFQYALLKVAPKQWIWYQRYHHIMMDGYGAVLIAQRVAQVYSALCAEREPAPCTFGSVLKLLESDAQYRASAQREKDEAYWLKHCAHWPVPATLAGRAAPALQHRLRQTAYLATQALGDAASDVGRLAQFLTAALATYLHRMTRAQDVALGLPVTARLGANRHIPGVVSNTVPLRFTFEAKMTLASLLQQATQIQRGFRYQRYPSEALRRKLELMPGQALFGATVNVMPFDYDLSFDGYPSSNHNLLNGPVEDLMLAVYWTPDNPQLRIDFDVNPACYTAEELEAHRCRFVRFMQALAADVTQPIGEIDLLD
BGC0001873,SCFA,,6,7,COND0001873-Xsze_RS17115,Condensation_Starter,MYTLQALPLTQYQKEIYYETQRNPESNQFTISIARVLKNNINFEKLFHSVNTVLENDITCRLRIIEHEGMLEQEIQNTVTNQAKIINAEGEEVNELFKKWSKRVFNLDEKSLLEIALLQNLKNNDTAIFIRAHHIVCDGWGINQLAKKIAKCYHDSLLIQDNVVTEEVLSDPCHFEKNVEKYTSAILEQEEILSQPETEQQITALAALAQHHDPAFFNRKKKTHLSRFVQHRHILTQAEMEKTLSQGINPYLAVMSAVAVLLSRIHNNTRLTMGVPLLNRRMSQLDIAGQWANTLPLAVTVNAEDTLAELASRIRTGTKELKTFEHIPLGRLLKFMGTVVRQGFDVTVSHNYSPMTGASRDTYQNEGVYAAATAHENDAIAIHVHTYGGNSDVAIDITGAEDIFDEDYSFETFTASLGHVIDQVIASPEKTVSQVTLSSAEEMAQLALFE
BGC0001876,LCFA,,10,11,COND0001876-ttcA,Condensation_Starter,TNTFAPGTERQGAPLTTPQSSIWLDWAKGDDCANYNICSVIRFDGDLDIPALHKAIVQTDQENDALRLRFGSEGGNPFQFFADTCRETDFSVIDLSFADDPVLIAHNEVEEIRRRPLDPENGRHCRHRLLQLGKGRFWWVRVYHHLVCDGYAGHLMAMRAAEIYSALKTATAVPESTFGSYLDFITADTTYPETPAFQRDLAYWQERLKDDHTITRFSSDRPSGKLVQARLEQNLDGQELARLTQTAKACGTSPTAIVMAAYFILLGQITHIKHPTVTMPLLNRLGRAERQTPGAFSYIVPFDADLGKHARFSDLARDIFARARRDVRHMRLGAPRMRAARLGARGLSGGGAFFNSLDGADPLSFAGLDTRRVNIYNGPVTDLGLIYMMQALSPDRQEAEIIWQYDTACHDVKSVTRIADRFRHFLSRALDDPEQEIATIAAPPLDELAVIR
BGC0001890,AR,,,,COND0001890-VIBHAR_01401,Condensation_Starter,MNMYDLPYTAEQLLPLTDAQAGIWFAQLRDPENPIYKTGEYLVIDGKVDEPCFVEAVKTAIDEVDSLHAKFVTTTEGPRMVIDRQNWQVERIDFSQQDAPLDAAVDWMKSELKQPVDLEQGPLFVMALLKLSEDQFVWFLSLHHIAIDGYSMSLVAGRVAHIYGQLAQGKPFDKIEFVDQQALLKEDDDYKASEKYQKDRAFYLQRYADHSDTVNLAGKPTVTSDRFLRLKGAMEVDDFQRMESLAKQCRTHWYSVLIASIAAYVHRMTRSNEVVLGVPLMGRLGSVAIQTPAMRVNILPVRVSFEQGLDIKMLVKQVNQEFSSVRRHQSYRYEELHRELNLVKDNRNLFGPLVNIMPFEYEHKFGELNSKAHNLSAGPVDDISFYCYELDGQLHIDMDANPELYSEKDIHEHQQRLFHFMSDFFAIAQAQDPALCQVSDINILL
BGC0001919,AR,,8,12,COND0001919-natB,Condensation_Starter,MSVHEAAGRPLSGAQEGVWFAQRLDPANAAYNTGEYVEIHGPVDPGIFETALRRTVAEAQTFALRPADSGDGPRATLRADGQWPLHSRDFADEPDPPAMARRWMDADMAEAVDLTEGPLFTQALFRLAPDHWVWYQRAHHILLDGYGYTLVAQRLAAVYSALATGAEPGESPFAPLDRLLAEEARYRASERRERDREFWTGRCAGAPAAVSLTEGTAAPSAGTLRRSTALSAATADRLAEAAARMGGSRPDLLVAAVAAYLYRVTGAEEVTLGLPCMNRLGSVALRTPGMVSNVLPLRLAVRPDTTLAGLVGQVAAEVREVREHQRYRGEDLRRDLKLLGGDRRLHGPVVNLVPFVNDPEYAGHRTTYHHLSGGPVEDLSVTVRPGPGGSGLDIALAANPALYTEEQLADHERRLLLILEQFAEAGPGLPVAGLSLLL
BGC0001968,LCFA,,11,12,COND0001968-cdeI,Condensation_Starter,GSKHVSDARTTRRTVSAAQWGIWVAQQLAPDAPHHNCAVAYTLTGPFDHDVLRRAVTQAVAETDTLRTRYSETKGRPQVTVLPAGEPELSFVDVAGQQDPGAAAEEWMRTDLATATDLTGRPPYTHVLFTLGNDRHILYFRYHHIALDGFGQYLYCLRLAEIYTALENGQVPGPATAAPLAQLLDEDEAYRASDAYTRDAAYWRTEFADLPSGTPLAGRTAPPAPGTVRRTAWLAQDRVDALLGPGRGAFGGWTGTLVAAAAGYLSRMLGRSDVLINLALAARRSRAELGTPAMLANELPLRLDVDAGSGFDSLLRQAQEKVRLAVRHQRYRRDTLRADLGLSGHDTALTAPRINVMGFGREPRFGTCRSVSRQLSTGAVSDLTVNVYRAPGGEDGRQPGMEVEFVGNATVYTEEYLARHHERFLAFLERAATRTAEPLSHLDVLA
BGC0001980,LCFA,,10,12,COND0001980-lokA,Condensation_Starter,MATPSASLQTYPLTAAQLDIWLDQLSRGDSPLYNIGGYLDLSGPLDPARMQAALEALVARHDALRTILLPGAGADGLPLQQFARSVAVPMPIDDVSAHSDPESAARALVQARIDQPFVLDGGCLLRFLLIRLDEQRHWLSVQAHHLIVDGWGFGEMFKSLDEIYNALAHGQPTPVAAPSYIDFIEDNARYQASPRYAQDRAYWLDKYRQLPEPLLLPRHQQSLAGQTAQTQVYAQPLPALLHERMQQVARAFGASAFHVLLAALHVYFSRTAQRDEWVVGLPILNRSGARFKSTLGLFAQVSAVRMGFGRHCTFAELVSTIREELRKDFRHQRFPVSEMNRALGLLREERSQLFEVTVSYEQGTHDYRYGEASGRIIKASNVEEATPLAVHLLSNLANDDARLYLIYSEAYFNADEVKALAERWLLILEQGLEAVNLAVADFDLST
BGC0001984,LCFA,,10,11,COND0001984-speA,Condensation_Starter,MALSEVRNEVRLPVTAAQLGVWVAQRLTPESPLYQCAVHFDSAPLDIEVLRDSVTRAVAETEALRARFGDDGEVHQVVAGTVDAPVDVVDLSAADDPEAAARAWMDQDLATVPDLEAGPLFRHALLVLSDARHFFYLRYHHIVLDGFGQTRYLGRLARIYTALLAGQEPDPARPRGLDVLVAEERAYQDSTHHADDRALVLERLAGVEERQSLTEGVAGASPRALRLSTVLPSELTGALTAVGHWPAVIAAATAVYHHRMLSVDDVVLGIPVAARRTPAALATPSMLANDLPLRLTVAPGATFTELVRTVRTELGVLLRAQRLRREELHGARELTGTDAALFGTAVNAMSFDARVRFGEALLTPRQLSNGPVADLAMATYGDPADGEVALEIAANPALYTEDGLRAHQERFLRLLGSLADAPDALVGRAALLD
BGC0002014,AR,,14,15,COND0002014-OK006_RS36465,Condensation_Starter,MSNVGGDTLPLSAAQRGIWFGCQLDPGGRRYRIAEYFDIRGPVDPVAFDAAWRQVVGETEALRVRFVDEADGPRQYVGPVEATAVELVDVSRRPDPEGAALERMRADLDRRLELTRDPLHTVLLFRLAQDRYFWYFQFHHVILDGYSGAMVVRRVAEVYSALVTGAPVVQPDPRPLRDLLDEDLAYRESDAFLLDQEYWGSRLADRAEPATLADRVSAEADGLVRSSAQLGTDEQRRLSESTGRALPTVMLTAVAAYLHRLTGARDLVLGLPVTARAGSATAGTAGMVSNLLPLRLTVTGEQTCAELARHVLSRTREALRHQRYRYEDIRRDQRLALEDEPLVGPVVNVVPFSYDHGFGGYSMTSHNLAGGLAEDLSITVYDRGEGQGLRIDFDANASLYRGEDLHTHQRGFLRVLEAMADDPAAQVGRIELLD
BGC0002037,SCFA,,4,5,COND0002037-PA3327,Condensation_Starter,MVRFARLPLSPYQRDIWVAAAQFPELDQYTIFSYDRFTGEVDTQALERALLQAARDTEAFRLRLGETDGTPYQWLDTDAEFEARHVDLRADRDPEAAVRSWLRDAFRHAYPLDGRSLVDLALLHSDQALYVYVRTHHIVSDAWGLQLFLSRVRAGYLGELGEPQAQMPTASLLAQLETDDYSGSEQYRGDRAYFAEALEGLEPALFTRRRPAGLRRTARHRLTLERTLLDAIRDRGESPFLFLSAAVALYLARIHQNDDVVLGVPVLNRADRAAKQVVGHFANTLPLRIRTAPEQTVDEFLAQLREATRTLLRHQKMPLGDLLRGASPLFDTTLSYMRWPAAQAIPNASVETVAQTHAHDPDALAIWVSEFDGHSDAQVDFEYACDVFDADFPMDAAARHIETFLRALVEGGERRLGELDPLS
BGC0002044,LCFA,,14,16,COND0002044-DPH57_09150,Condensation_Starter,MRSEVLYQLSSPQHAVWLDQSLAPSLPCCNIGVVVQVDGVLDLARFEAAIAHVAQTNDALRIVLEQGADDCRQRFSGAAGQWLQRFDFSQLDDAHGQAWAHVKQVFGTPFDVYGPRLWCMHWIDVAPGQAFWLFCFHHLVADGMSISLIGNAVVDAYNRLMRGEALATQDEDASYRDFVTRDGEYFASPRHDKDRDFWAERFARLPEPLFQASARKARSDQPCGQVVWQLDRQAYARLSKVAAAEGGSSTNFLMAVLAAYFARVFQRSDEVVIGMPVHNRTGAAQRRTIGMFSSAIPVGIAVDPEQPFTRILQDVAAELKRCYRHQRYPLAEIHRRLLAGASDRRGLFDVALSVEGFIGDLRFDGDVRTTVHPLHNGYERQPLGIYVRDYEQEKPVYIEFNFDPDVLTPEEMGNHVRRIERLTLAAIAAPSTLVRDLPAMD
BGC0002048,AR,T,5,7,COND0002048-RBRH_03867,Condensation_Starter,MDASITPVTYALSTAQTEIWLAQQLHPDSPVYNIAQYTVIEGAIKQAVFEAALRQVIDEADTLRLHFIDSDDGLRQRIGSPAWSMPVLDLTSEADPQAAAQAWMRTDYQQPVNLMQGPLFCYALLKVAPAQWIWYQRYHHIMMDGYGQYLIAQRVAHVYSARCAGTALAACDFGSIRQLLESDAQYQTSAQRKKDEAYWLKHCAHWPGPATLASRAAPALQQRLRQTTYLATQWVDDYVLDAGRLAQFLSAAWAAYLYRMTGAQDVVFGCPVTARLGADWHIPGMVSNTVPLRFRFEPNMDLLSLLRQAAKEIQSGLQYQRYPSEALQRQLGLAPGQSLFGIKVNVMPFDYELLFGGHSSTNHNLLAGPVDDLMLGVYWTLNSHQLRIDFDANPACYSAEALGVHQRRFIRFMQVLAADATQPIDSIDLLD
BGC0002050,SCFA,,4,6,COND0002050-necA,Condensation_Starter,MSADVTPLTCPLTTAQTEIWLAQQIHTNAPVYHIAQYTTIHGAIEPSLFETALRQVINEAEILRLRFIESDGGLRQYVDSPPWSLPLVDFSAEADPKAAAEAWMQAHYERPVDILCGPLFHYAVLKIASDRVLWYQFYHHIVMDGVGMHLIAQRVAHVYSAMCDKVEPEPCPFGSVRQLLESDAQYRTGNQWTRDEAYWLQYCTDWPEPTTLASRAASSLQHRIRQTSYLSSQSIGDYAADASRLAQLVTAAMAAYLHRMTGTQDVVLGLPVTARFGADRHTPGMVANVVPLRLNVQPDMNLSSLMQQIAQGIQRGLRYQRYPSEALRRKLARISSQPLFSTTVNIMPFDYNLSFGGHTSTNHNLLNGPIEDLMLGVYLLPDNPRLRVDCNANSACYTADELIAHQRRFVKLLETLAADPSRPIKSIDLLD
BGC0002092,LCFA,,12,14,COND0002092-steA,Condensation_Starter,NVADDVSVPVETFALTAAQRDIWLDQLSRGDSPLYNIGGYVELSGPLDPALLHSALESLVAANDALRIVLLADVGHDGLPLQGFAQSLPVAMPLHDLSGQPDSQAAARTLVAAQMAQAFVLSGHALFRFSLIRLDQQRHWLAAQAHHLIIDGWAFALLFKSVGDIYSALCRGEPPRVAAPSYVGFIEDDARYHQSLRYEVDQRYWLDKYRSLPEPLLIPRHRESHNAETAPSRIHVEAFPAVLHQRMKDCARQLGGSAFHVLLAALHVYFSRSGQRDEWVVGLPILNRCGARFKGTLGLFTQVSAMRMGFGRALSFAELIKAIGADLKQDFRHQRYPLSEMNRALGLLREDRAQLFELSVSYEQDDYDYRYGEASGHSVKVSNQHEATPLAIHLRSNRYTDKAWLHLVYSPAYFTADEITALTERLSLILQQGLERPALAIADFNLNSPAELALLN
BGC0002100,MCFA,T,8,9,COND0002100-DBP21_21655,Condensation_Starter,MTQVQTDGLPLTAGQKDIWFDEKLSGGGATYNTAIYWDIRGPLDQDLFRAALERLVEESECLRARFTEVDGEPRQFIEPLARLPLTVTDVSGAEDPAAAAREAIAADLGVPLSLTATPHVPLFRLSVFTLAEDRTFFCLLNHHLVSDGFSYVIYWQRLSAIYEAMLAGSTLDEGRFSPLRTLVDAEAAYADSPRAERDRAYWEKQFADRPELVTLAGRDAEPAQAFLREETVLPQHVVDGLRRVAWESRVTWQTVLVAALGAYTGRMAATEDVLLSLPVTARAGGTMQGIPGMVVNYLPLRIEVRPGTTRAELLAATYTAFSKGLKHQRHRVSRIRRAMGLTSDDRRPFGPFINMMPQVEQLAIGPCEATIYSPSTGLVDDLEFTVADKGEAGVGVDLSGNEARYTQAEVRGHLDRFTDYLGRFVDCAEGPLGSLELLL
BGC0002108,AR,,10,11,COND0002108-cip22,Condensation_Starter,MLAGDGVPLTSAQSGIWFAQQLDASNPIYNAGEYLEIHGPVDVSVFEAALRQVVAEAENLRVTFVETPDGPRQYVHPDPEWQLRVIDVSGEADPRAAAEAWMRADLARPQDPSVGPLFLFVLFRAAEDRWFWLHRYHHLLVDGFTVALVARRVAEVYTALLGGGTSDNPFGALDDLVGMDAAYRSSDAFEADRAWWAEKLAGRPEPVSLSAKEPTAARGLLRRTEYLNAGAAERLRDAAREAGVPWPCMMTAAVSVYLHRLTGAEEIVLGLPVTTRLGRAARGVPGMVSNVLPLRVPVHPADSLPRLLERVSREMRGVMRHQRYRYEDLRRDLQLLGGDERLTGPQVNIMMFDYALTFGEHRATVHNLCIGPADDLSVIVYDRTDGQGLQIDFDANPELYSERELASHLRRFVGFLAELAEAPADRAVGALDVAT
BGC0002109,AR,,12,13,COND0002109-QDJ74273.1,Condensation_Starter,MHDHRLVRLPLTTAQSGIWFAQNLMPDNPVYSAGEYLEIHGAVDAALFEAALGRTVAETDALRVRLVEEDGRLWQVVDPDPAWSVHTADLRDEPDPDRAAEEWMRADLAEPVDPMRGPLFRFALFRVGDERHLWFHRYHHVVVDGYTVARIARRVAEVYTALVAGAEPGAGTFGRLPELIEDEAAYRASERYARDADFWARRLADRPEPVALSPRPPRPARGLVRRTSMLPRDETAALHELAREAGTAWPVLPIAATAAYLQRLTGVPEVVLGLPVTTRLGRTRMAVPGMVSNVLPLRIAVRPQMTVSGLLESVAAELRSVLRHQRYRYEDMRHDLNLQDADERLVGPQVNVMMFDYDLDFGGHPATVHNLSIGPTEDLSVVVYDRADGAGLQIDFDANPDVYTAEELELHQERFLALLTALADGGGDRPLGRIALLT
BGC0002118,SCFA,,5,6,COND0002118-J6386_25975,Condensation_Starter,GPRTASASRAVAGWAGEVSDGQRALWRWQKDRPANRAFYVPFAVRWPEVPDATSLERALRVVAAEQPALRTRFVVRDDDVRVVVAAEPEVRVVRENWRGDEAALIRGLHELSNMPLGGDTEVLWRAHLIEHVTGAVLHVTFHHLIFDGHSAQLFFSRLEEVYDKLMRGEEPVVEPSSGLEAYGAAEAMYLESDTAKLDRDYWLQRFPKGFQPVFPANGDIKDSGGEMERLVIPDALVKAIAGVAAKAQVSPQGVVLTALLEVLSTELGRDRASLAVATDLRVSEGELSSIGYAVNLIPVAADRDTTGRFDQRCARVFGNLLDGLSHRRFPFRKLSLALAELTGDPARCTLDVGFYFQTWQVENHGRLVDGLIPEVHQVGEFPLVFEVVQNTGDWVLNVKFRPAVIAPTQARSLAAALVRGLRERTGADGSFSYPEGNVHDLITAQVQRSAAAPAVYFAGSTVTYAELEKKANQMARRLIVLGVDPEDLVAVALLRGVDLLV
BGC0002119,MCFA,,8,9,COND0002119-J6386_25750,Condensation_Starter,GPRTASASRAVAGWAGEVSDGQRALWRWQKDRPANRAFYVPFAVRWPEVPDATSLERALRVVAAEQPALRTRFVVRDDDVRVVVAAEPEVRVVRENWRGDEAALIRGLHELSNMPLGGDTEVLWRAHLIEHVTGAVLHVTFHHLIFDGHSAQLFFSRLEEVYDKLMRGEEPVVEPSSGLEAYGAAEAMYLESDTAKLDRDYWLQRFPKGFQPVFPANGDIKDSGGEMERLVIPDALVKAIAGVAAKAQVSPQGVVLTALLEVLSTELGRDRASLAVATDLRVSEGELSSIGYAVNLIPVAADRDTTGRFDQRCARVFGNLLDGLSHRRFPFRKLSLALAELTGDPARCTLDVGFYFQTWQVENHGRLVDGLIPEVHQVGEFPLVFEVVQNTGDWVLNVKFRPAVIAPTQARSLAAALVRGLRERTGADGSFSYPEGNVHDLITAQVQRSAAAPAVYFAGSTVTYAELEKKANQMARRLIVLGVDPEDLVAVALLRGVDLLV
BGC0002125,SCFA,T,,,COND0002125-frsA,Condensation_Starter,MKNSESPIHHFQASSAQLDVWISQEVSPNLPNNIAEYLNLAGSLDAGLFLQALSQVASESAELQYNFRHDGLQLTKFRRDDEGWEPDFIDVSTHGEPEHAALRAMRERVEKPFDLARDALFRWTLIRLADERHIFCHVYHHIAMDGAGYVMLLQRIAEVYGALREGQPAPACGFADADAIVREEERYRQSEQFAVDRAFWQARSAELATAEPPLPAADGPFLAFAQTAVIPEDACGGLRMTAERLGVSQSRLLTAAIVAYFHRWGGQQEILFRLAVSARSDATRHAPGHLAHALPLLASLPPRASLADIARQLDGEVERMRPHTRYRAEDIVRDQAGAGLGRGAQGPVINLMPFAYRFEFGACRVESAHQLTVGVLDTLEVAVHDRKNGDGLHLDLYASERGCPPEPLRRHALRLARFIVEAAAEPSQPVSDIELLD
BGC0002135,LCFA,,14,15,COND0002135-XBJ1_RS10015,Condensation_Starter,AVDNNNTLLPHVHPLSSPQQVIWLDQVIHPGSPNYNIGFFICIDGELDEALFTRAFEAVVYRHDTLRLQLINTHTLPLQEVAGTLPASIDIHDLSPHIDAEAQAKQHINAEFMRPFHLDGALWRTELLRVSHTRRYWHFCCHHLIMDGISLSILSEDVIDTYNRLMRGETLNKTAPSYLNFITDDRDYLASQRYSHDLQFWVKRYESLPPPLLPPANSNKAENHGQAKPILWQVDKALFQRIEDTVSRQGLSILHFMYAVLASYFSRTTGEDEIVIGIPVHNRKNAQQKRTMGMFASVIPIGVTISPEDTFLDVMHKASTELRRCYKHQRLPISEINRQTHIQQKTGRVQLFDITLSLEPFKANLHMAGEDTNIQLVDIHHGVPYPLSIIIEQYTTGLDDDLQSITIEFDFSTDYLSTTEVMALQSRLAVLIDAAITALDTPIVNLPILP
BGC0002147,SCFA,,,,COND0002147-AMK27_13910,Condensation_Starter,MNVRGRSTLTAYQQDIWAANSLFPDLPQFNCFIADRFTGDVDVDLLKECLRRAADRHDAFQLRIDPEDGTPSQWAEHETFDIPTIDLSGTAAPRAACEAWIKDAFDVPFEVERRRLFTIAVLKEGEDTVHAYVKVHHIVADAWGLNLFMSQVRAEYDQVRRTGRFDDRPVPSYLDFAEEERRYRGSAGHEEDRAFFQEQLKDVAPAFFHRTAPAGSRGSARHSFRIERSLIERMREHGHSVFAFVASAFSVYLSRIHGSDEIVLGVPLMNRTTDGQKRTVGHFANTLPLRVNPRQDLSMSELVAEVRSATRALKPHERFSLGDLLRAVPLGNAGRKRLFDTTIAYLRWPSPAEVQGTTYETVVQARAHDDDVLAVVVNELDDVGDVLVDMDYALDVFDADFPIESVAAHLEAILKGALDRPDRPLSEISMVG
BGC0002314,SCFA,,,,COND0002314-DMA15_34330,Condensation_Starter,MMNGKAGRTLPLLDSQEGIWLAQRVEGSRRMYGVGQYVQISGPIDARLFERALRQVVGETEILRVRFVEDGDKVSQVLAPEHLPGPFLGVPLLDSAPLLDSVDLSTEDDPETAADEWMRAELNQERGADSDRPFSYTLFRLAPDRHIWFQRYDHLLMDVFGCSLVARRLAHVYTATLRGQAPEPAGHAALGELLEEESAYRASDRYARDRQYWLDRFADRPDLPDVPGPGPAARTERQPEPHPEPEPELEREPEILRETGHLAPSAVRALCAAADRAGVSWPRLVVAAVAAFTGRMTGSAEAVLSLPVPGRASDQARRTPCTMANLLPLRLSVAPGTSLVDLAREAGSEIEGLLAHQGFRGERLRRELNWPVGDRWHFGPSVNVMPTAGESLSFGEHQGVVRDLSSRRVEDFGVLVSGWSAGEGMRVTFEANPALYSRDWLRAAHRSFLTFLESAVGDPSAPVGRVDAVD
BGC0002324,AR,,7,10,COND0002324-JQX13_35820,Condensation_Starter,MRDSQDARWPLSAAQHGIWLGQQFDLNSPVYNAGECIEIRGPVDPVLFEAAVRQAVGEAEALHSRFVSEGEGPTQVIEPRADWTLHVVDLSGTPDPWEAAQAWMREDLSRPVDLGRGPLFAEALFKAASDRFFWFQRVHHIAMDGFGFSLLARRVAELYTARVAGRPTTGGFGSLRAVLDEDAAYRAGPQYELDRDFWTKRFADRPSPVSLARPAPMSSSFVRQTRYLPPGTVERLQEAARQAGLSWPDLVLAATAAWLHRLTEAPEVVLGLPVMSRLGSAALRVPCMAMNIVPLRVPVRPDAGLFALAREVGSELRAMRPHLRYRYEQLRRDLRLVGGQRRLFGPVVNIMPFDYALRFAGIPATAHNISAGPVEDLSIGLYARSDGGGLRVDFDANPACYTADVLDAHQRDFLQLLESLVAAPEQAIGRSTGPTSVLD
BGC0002327,LCFA,,,,COND0002327-bolH,Condensation_Starter,MNILDKHLAHPLSAAQTDLWIAHKLDPANPSYNTASYVEFHEPLEAAVFERALRQAIAETESLTTRFVEIDGVPSQIIGTLENWQLPVLDMSGDGDPLASAEAWMRADFMRATDLTRDPLFAYALLRVAPDRVLWYQRYHHLVADGVAASMILRRILEVYAALLAEAPLPDGAFKPLRLLLEDEAAYRESPQYERDRRFWLARFADRPQPVTLSNREAPAAAHHFLRRSGNLGRDALERLKANGVDCSWAQLLIAATAIYLHRLSGSEDIVLGLPVPARLGVARQVPCMAANVLPLRLAIRHGDTLADVLRQTAREVLQVQLRQRYRSTELSRELGLPALGQRLYGPQVNITFFDGPRSPAPRFTSHTLSTGAPTDLTISASMSSVDYESVRIDFDGHPALYSEDELGEHQQRLFRLIEDAVARPAEPVHRLGLLD
BGC0002367,LCFA,,10,11,COND0002367-SCAB_3321,Condensation_Starter,MYTCGVYYDVPGPVDRALLARAVARTVDETEALRVRFHEVGETVRQAVDPSVQGELAYLEFGGAADPEAAARAWIDSDLATPVPVTGERLFRHTLLRLGPDRYWLHFRYHHILLDGYGQVLHCRRLLEVYTALAAGEQPSPSGFGTLREVLAEEDAYRRSARRERDGAYWQREFADLPDSTELGATVIDSGSHSDGSGSDSGSGSGSGSGSDEAAPALASGATGLAPSLPSATGRLSGTTAARVRELGGSRWSLPVIAAMVAHTHRVTGAHDVVVRVFMAARLSPRALATPAMLVNDVPLRIRVDSSTTFTALLERVAARLAEATRHQRYPHDELRRDLAATAHPGTLSGPSVNVLSFASAHLPCGPTEATARQLASGPVRDLALHAFGDPDADDGIELTVNAHPGRFTPGTAATHRDRYTRLLAAATEHPELPIGALDLLD
BGC0002373,AR,,,,COND0002373-bnvO,Condensation_Starter,MSESQSTSHSLLAAQTGIWMGQSLDPSSPAYLWGNYLELHGPIDVPLFQAVVARVVAESETLHARFVDGPDGPRQISVPPTDWTLPVVDVSDEPDPLRTVDAWVRDDLAAAPDLRDGHPFRQVLFRAAPDRFFWYQSYHHIVLDAYGSALINRRVADLYSALRAGAEVSPDNPFGSMAALLAEERSYLASPQHQADQEFWSERFADRPEQISLTRASAEPQNRFVRYRHEMTAAATRSLTEAAGAFGTRPSRLLIASTALYLSRLTGSRDVVLGLPVATRLDPEARRTPAMTANVVPLRVTVHPAMTAAELVAQVSGELRSALRHQRRRGEDIRRDLQLPGAPRRFFGPVLNVMRFETLRFGECASTMHNPAAPLLEDLSIVAYDRPDAEGLRIDVNGNPRLYTADDLHAHGSRLITTLRTLADQPDRPTGRLDVMS
BGC0002377,AR,T,14,15,COND0002377-QBA57735.1,Condensation_Starter,MSDSSATVLPLTAGQAGIWYAQSLSGANATFNAALYLDIEGAVDERLFVSAMRQVVIEAEALRARITDDGSGPVQVVEPVGDWSQQPVQVLDFTSAGEPWQEAEAWMWADAGTPLDMGAEPLYRFALLKVAGDRTLFYYRYHHVVMDAAGASLVAARVAEVYTRLVAGEDTAVGAFPPLRELIEDEAAYRRSAAFEADRDYWTARFADTPAVPSLGDRPTAMPHHQVRGGAQVPAGLAAEVRDVARAVGVGWPAAVLAALAAYTSRITGTSDVVVALSVAARASAAGRAVPGMVSNVIGVRMDVRPEMTAAELVRHAHQRMREATRHKRYRYEDLRRDLKLLGSDGRLLGPRLNLHVASSSVEFDGTPATLHPLTAGHDDDFSLIVMAEPDGGFRFDMTANPDVYRSGAAERHHRLVMRLLGELAARPHRPIGALDTVD
BGC0002379,LCFA,,,,COND0002379-PRtIB026_34660,Condensation_Starter,MSVADSFPLTCAQRDIWLDQISHGDSPLYNVGGYLEFDGTVDSGLLRRALAHLVALHDGLRTVLVREAGDDGVARQRFVAGLQVPLDEHDLRGQAEPFAAAQRLAKTLLQQPFALETGPLLRMALLHVGGGRSLLMLQAHHLILDGWGLEQLLHQLGQYYGLLEQGLALPDTAPSYRTFIEDDLAYQGSARQQRDLAYWQCRYPQLPDALLRPREQGLPPGATPSHALERSFDGDLLARMRQLADELQGSVAHVLLAALHVCCARAWQRDDWVVGLPVRNRGNARAKATLGMFVQVNALRMDFGRSLSFAELVRGIGDALRRDLRHQRLPLSDLNRALGLSREARGNCSRSPCPTRKRATTCALAASAPTA
BGC0002384,MCFA,,,,COND0002384-QWM97319.1,Condensation_Starter,MNTALSFALSAPQLEMWFAQELSPDNPYYDTRCYVDLRGPLDIERLRRALRATVSETDTLQLRFERGADGPSQRFAQAPELALAVVDLSAEADPVAAAQDWMRAATASAIDLDGETLGASAVLILGPQRHFWYQRYHHAIMDGYSVSLLTARAAELYDAYGRGETPPPARFGSVLEVIGEDRAYRGSERFGKDAEYWRRALDGAGERIGLDGRAPAASMGFHRASLPVDAQLTQALLEGERRSGTKWPQLLTAAAAAYCHRVAGRERMLFDFPVANRAKSNRDTPAMLANVLPLPLDFPAGASLTDVAAAAGREIGKTLRHQSYRGKDILQSLGDGGQQWIFGPRINIIPFDFGFSFDGHPAVLHSLANGPVNDVAITLQGRLGDRGCELHFDVNSELYSAADAQNHLRRLVAFALRAVAAPERPIREIALLE
BGC0002413,AR,,,,COND0002413-DJ58_4257,Condensation_Starter,STPIFADAAAIELPLIAAQPGIWFADQLSHQKNVFTVAHYIELVGPLDRILFSAAVRQGLAEADTLHARFYDSHDGPMQRIPLQLDAADMPELAWLDLSSRTDGRLVALTLMQDDTEADLPADSEDLLFRHWVIRVPDQQGKPVWFWYQRYHHLLLDGFSFTAVTRRIADIYTALLQQKPIGESPFSPFSDVVSEYLAYANSEMQQRDKQFWQQHTADLPAAISLSSINSPVRVEQTDHRVLRQRIDIDPALFGRLTQQGAEQRFVAADMTMALLLIYFARMSGEMRLSVGCPFMRRMGSAALSATGPVVNVLPLQVTLQREMQILDVARAVASELKTVRKYQRYEAEQLRRDLGMVGSQRALYGPVLNFKMFDFALNFGEIPGITHTLASGPVDDLEIDIYLDNGQLALEILANAERYDNASLLEHGARIQFLLQQLATQPEITVGHLILTPEKELQSIDCWA
BGC0002414,AR,,7,10,COND0002414-JJO56_07700,Condensation_Starter,MELPLVAAQPGIWMADQIASQPNTFTVAHALELNGPVIPAHLSAAIRQGLAEADTVQARFGLNDLGEPVQWLPSAPGVAEIREPEWRDFCDPAQGEQAAWALMRADLAAPLPADGGQPLYRQVIMQVSAQPERWFWYQRFHHLMVDGFSFDALTRRIVTIYNALRAGDAPQASPFTPFAEVVAEYQAWDNSPASRQAAAFWRDHAGELPTPVSLAADVCTPAPAGTRTLQQQVTLPAAPFAALAEQRFGGKAQPAEIAMAALTVYLYRMSGESRLSVGFPFMRRMGSAALCACGPVVNVLPLQLTLQPDMTLIDATQALLAEIKAVRRHQRYEAEQLRRDLGLVGGSEGLYGPVINFKVYNAGLTLGNTPVTTHVLAMGPVDDMEFTLGVQDGELQLELVANPARYDEQVLQGHAQRLQHLLEQLVRQPSQAIGALNLLS
BGC0002424,LCFA,,,,COND0002424-sacE,Condensation_Starter,MALPLTGAQTGVWLAQQLEPDNPVYNVAWYLELRGPVDHDRLAAAVRQTIGETGALHVRFTGDGQVPTPPTTDLTLLSFDSLADARAWMDDDMARLTDIATGPLFHHALLRIADDHVLWYQRYHHLVVDAYGCVLITRRAGELYEGATEPRPKPVQALVDADLAYRDSPDRDADRAFWHAKMADRPEPVRLVPRAAGQVREVIRRTVELPNPLTSRQVIAAVATYTHRVTGASDLVLAMPVTGRRDAVSRVTPGMASTVLPLRVTVRPDSTITGLIADVDREIREVVPRSAYRGEDLARELGLRDGIPELVGPTVNYLGFGREMGFADLDPAFHMLSLGPVNDLTTSFLRRADGRLVVTFEANAAVCTPAELADHQRRFLRVLAADPDQPVALIDLVD
BGC0002430,MCFA,,,,COND0002430-gauA,Condensation_Starter,MNIRRAGHDPLPATAAQRGVHIAEKLDGDAGAFHCGAVLELTGHVETDLLRRAVARAVADAETLRVRFTERDDRLLQHVLAPAAAQAEAALAEVDLSGARDPAAAADAWAADRLAAAPALVGGDPLVAHALLRLSPSRHRLVLTYHHVVLDGYGQSLHTARIAEVYTALAAGRTVPGATAGSLAALVEQDRAYEESARHEDDRAYWLERLAGADVPGPSRYRGAGPRVRSRGRLTEERTRPVVEAARVAGVPWTVLVIALVAAYRRAVGDRDEVLFGLPLTTRVGRAALTTPGMLANELPLRLAVGRWDTLADVVGRVRGALGPALRHQRYRGEELRRELGWAGAGFGALMVNVMAFDRTLRFGSVEAVTDQLSTGPVHGLTLNVHGAPDGSGGLAVDLHAHADEHSEAELAAIRDDLIGHLLRASADPGRPVGAMLPRT
BGC0002432,MCFA,,9,10,COND0002432-BRLA_c025650,Condensation_Starter,MNKDLIQLFSLTQPQQRIWYSELLFPNTGVSSISSITKLRGNINLSALQQALNTVIGLHDSLRIQLTSQNGFPQQYVEEHSDKEFECLDFSGVDGEAQALKWLDEHNRTPFELFHSELYTFTICKISDQEYWYNLKIHHIVCDGISANMFMNQVNKCYSQIANGEPLEIAANHAYFDFIQTEQDYEKSERYQKDKTYWVDKFSTLPEVIGFKSYNPFTQSTAGIRKNIILEDSLYHSLYDFCKQTNSSMLTVFMTAMYIYMHKKTAQNDVSIGTFYANRTTKKEKEMVGMFVSTVPTRVFVDPDMDLLALLQAVSKEQISILRHQRFPYNQMMQDVRETHQHKDLQRLFGVSVQYRAMDYPQYENVKVEVVENFCGDVINDFEMNVIELDNEKINLQLNYRAQLFTDEEMEQLVQQFSTIIETIIHHPTSKIADISLLG
BGC0002466,SCFA,,,,COND0002466-CGZ69_03795,Condensation_Starter,DAESDRTYIAGTPVTGGQSGIWLAQQIEPDGSAFNVSFVLELCGVADLGRLASAVRQATEEAESLHVRVVADNGVPRQVPTRRPVDVPVIVVAGETDPRGAAEALMEADRDRPADLLDAPLFAQKLFVLADDRVLWYQRYHHIVADGTAIAQITRRAGDLYGGTEPTTAPDWSLARLVDADIAYRQSPQHEEDRAYWHARMADRPEPVRLVQRSSAPMSRRLRRTTELAPALVARLRSTAVQAGAKPSRLLVAAVAAYLHRVTGHQDIVLGLPVTARRDPQTRRTPGMVSNVLPLRVQVRPGMTGRRLLAAVEQAVQETVTHGRYRAEDLARDLGLTDGVQELVGPTVNILPGTDGIRFGDLDADLLPRWLGPVSDLAITMAYTCGGQGLRIDFDADADVCDQPTLEEHQRRFLLLLRTLAEDLNSPVAHLELTT
BGC0002467,SCFA,,,,COND0002467-YWY_RS21605,Condensation_Starter,MPLTGAQTGIWLAQQLEPDNPMYNIAFRLDLRGRVDVGRLRQVAEQAVTETDCLHYRVTGTVGEPRLVPARLPVQVDLVDVRDADDPAAVADELMRQDRTQPVDLARPPLFRHVLLRLADDWVVWYQRYHHILIDAYGVGLLTMRAGALYTDPEAAGPAPAWEAVRLYEDDARYRSSEDFVADQRFWHQYLSGAGEPARLVPRGERAVRDGIRASVVLDERRSASVRSAAERAGVRPSRVMIAAVAAYLHRRTGAVDVTIGLPVTARLTEVQRAVPGMASNVVPLRLTVRPEMTGAELIEATDAAVRAVRPHVRYRGEELGKELGSADGVADLVGPTVNVLPFVEPVFGDLRLAWDPLWLGPLNDVTITVTDRHEAGLRIDLDADAAVTGEADMAEHRTRLLATLDALTAAPDQQLARLKLVT
BGC0002473,AR,,7,10,COND0002473-B090_RS0102665,Condensation_Starter,MQTMDSLAPLTRAQHSMWKGHHHHGSYPFHTAEWLVIDGPLNRELFHQAIEFTLKEAKALHWRALEKDGRVYRIDDVDVRPPQFADLSHLDDQAILDWADCAVEPPFDLSAGHLYDYVFAHLDDNKYGLFFRAHHVALDGYAYGLMINRFLDYYQSLKNASALKNKAFDHFEKFLADEQRYLASPKAEQDLQFWRENFSHELAPKKRLKRKLKQPFYQGPRYEEVIDWETQQKMNALAAELKLPSAMVVMAVMMSYLVKQSGDSKQCFGVPMMSRLGTASMRIPCLVMNILPLRLAGTGQENLKETVQLLAQRFAEVRPHQNSYFEQMRFVLDGFDPFDNILFGPIVNWIPYPLPEYFEGCHLTKTTISAGPIEDFDIAITNKFVDGVERLYLAVDGHKELYNVEALGEYWHDFMRMLRLWLQQPEQLANQLSIEK
BGC0002491,AR,,7,10,COND0002491-TW75_20440,Condensation_Starter,MSNWPLTAAQLGIWLGQAKQPTSTRYNTAEYVELNVPINAEDWLLTASRVLQSTTAINVRFIEHQGVPTTQLLSEAERVAKLGDYIDLSESDDAAFAAQQLLIKWQAQSYDLANGDLYRHVLIRLATNHYYWALGAHHIAMDGFSFALVSNRVIQAYEGAQVTADETQYQAVITEDSQYRQSKWYQQDRLYWHQQLQGLDNAAALTTQVLNTEADKEKVTTQLSATLLNQLEARANSVDANWSELLLTVVSAIVYQRTGVAKTIMGMPVANRMASKAANTPCMHMNIVPVPVDFVLVESFEGLIRQVSEQLRQARRHFRYRYEDLKAEAVTLQLPTRLFGAVVNILPFERHETCQGEAVTSHTVSAGPVEDIAFIFIKQMDGRIRFEIEGNQSGYSKAELLSIQSETLQFLHAVAVDLQMPLRVTNRDFAISETPAPVEQSDVLS
BGC0002492,AR,,7,10,COND0002492-MXAN_3643,Condensation_Starter,ESLAMGETHEAGWPLSAAQHGIWVGQQFDLTSAIYNAGECIEIRGPLVVEHFESALRQAIDEAEALHARFVPGASGPVQFVQPRASWQLHVADVSHTPDPWAAAQIWMHEDLTRTVDLGQGPLFAEALFKAAPDRYFWFQRAHHIALDGFGFSLVARRVADLYTARVTGKPATNGFGSLRAVIDEDAAYQGGVQHAADHAFWVERFTHGPTPVTLAEPAPMTPRFVRQTRHLSPADLERMQAAAKQAGLTWPDLVLAATAAWLHQHTGAPEIVLGLPVMARLGSAAIRVPCMAMNIVPLRVPVRPDAGLFAMARDVAAELRAMRPHLRYRYEQLRRDLKRVGGQRRLFGPVVNIMPFDYALRFAGMPAFAHNLSAGPVEDLSIGMYARSDGSGLRVDFDANPACYSPDVLDAHQLGFLQLLESLVASPEQPVRAAPAPA
BGC0002493,AR,,7,10,COND0002493-Pden_2387,Condensation_Starter,MTHHQAEGLWLPLTLAQMDFWEEFRFHPGEAVSTVAHAIELRGVADPEALAGAITATIAETDIMALRFGLGADGRPVQRVDPTQRPRLRHLDLSDRADAREHALALMQADVDTALDLLDQPIAAQWLIRLAEGHYLWFNRGHHIALDGYAMGLIERRCAQLYAALAKGADPGQPLRPLADYLNEETDYRASPRHAADGRHWAEVLAARPRPRVLCKGSEDYPAEALCAAHDLSALRPALMRQAQAVGMGWPDLLTVLCSAWAALHLRDGSAERLADDHGRIAMPVWLPYMSRMGSVAVSVPALVVNILPLDVTLHPAEPLGEALARLGGRLRKLRRHGRYRIEQIAEDYGMEPRSRFFFSPLINVLPFDEARFAGCETARHVLSNGPGDGFNITIRGDGEAQGLELLVEADPTLTPPEDFARLSDGLPRFLSAALVPENLPLPLAGLPG
BGC0002494,AR,,7,10,COND0002494-vibH,Condensation_Starter,MLLAQKPFWQRHLAYPHINLDTVAHSLRLTGPLDTTLLLRALHLTVSEIDLFRARFSAQGELYWHPFSPPIDYQDLSIHLEAEPLAWRQIEQDLQRSSTLIDAPITSHQVYRLSHSEHLIYTRAHHIVLDGYGMMLFEQRLSQHYQSLLSGQTPTAAFKPYQSYLEEEAAYLTSHRYWQDKQFWQGYLREAPDLTLTSATYDPQLSHAVSLSYTLNSQLNHLLLKLANANQIGWPDALVALCALYLESAEPDAPWLWLPFMNRWGSVAANVPGLMVNSLPLLRLFAQQTSLGNYLKQSGQAIRSLYLHGRYRIEQIEQDQGLNAEQSYFMSPFINILPFESPHFADCQTELKVLASGSAEGINFTFRGSPQHELCLDITADLASYPQSHWQSHCERFPRFFEQLLARFQQVEQDVARLLA
BGC0002495,AR,,7,10,COND0002495-phbG,Condensation_Starter,MPLTQAQQYYWHEFSLHSEKVVSTVAHYLDIQGNVDQEALCKAITMVISETDVLSVRFKRLEEERLPLQQPNQAATPQLKFIDLQTQPDPFNTALQLMRADVESPLNLLTQLLSAQWLFKLSESHYLWYNRAHHILLDGFGIALIEHRCAHFYSYYLGKASADASFHSLSSYLTEEQEYGNSEQYKKDRLYWQNYLSSARFPTVDIARADYSTKHHYTSCALSGDIVTGLTHLSADTGIAWPDLLVVLSSIYLLHYFATQTQNGEYSMPLWLPYMNRRTRFRTNTPALMTNILPLLINTNPDETLETFLKKTINALHTQRTHARYRIEQIFLDHQLPQDTRYLFSPLINVLPFDSPNFFDCQVKRHILTSGLYDCFSSNIIYRGKVDAGELIVDLDADSAMFGKEEVENHQKNLTDFLQKVLTGNSLFLPVKALYS
BGC0002518,LCFA,,10,12,COND0002518-GE543_00950,Condensation_Starter,MLASSAATFPLTAAQRDVWLDQISRGDSPLYNIGGYLQLSGAVDPATLHKALEQLVCAHEVLRTVLMPGAAEDGMPLQSYAARLPVSLPLHDVSGHPEPEQAARALINDNMRRPYGLDGSPLLDFCLIRLADDQHWLAGQAHHLILDGWGFGLLFKSLGELYSALMAGKDLELVAPGYSDFIADDARYQASQRYSLDRAYWLEKYRDLPEPLLVSRYHNRRANDPAPSHACVQPLPGNLHARMKQFAERHNASAFHVLLAVLHVYFTRTAQRDEWIVGLPLLNRSGARFKATLGHFAQVSAVRMAFDEGLDFGALVVEVRSALKRDFRHQRFPLSELNRSLELSREGRAQLFEVSMSYELEDHGYCYTDAQAQTVKVSNGYEATPLAVHLRSNSCNDEASLHLVHHRAWIDDDEASAIAGRLLHILEQGLENPSLKIQNFHLSEPAEQLQLQA
BGC0002521,SCFA,,,,COND0002521-psoA,Condensation_Starter,MPAAETFALTAAQRDIWLDQIGHGDSPLYNIGAYVELDGAVDVARLRRAVAHLVALHEGLRTVLLAPEGQDGVPRQYFAETLAVELHEHDLRAAAHPLTAARMLLDSCMRKPFLLGTGGLWAAQLIRLGEQRYLLALQAHHLILDGWGVDLWFKRVADYYGLLGEGEPLPDSAPGYREFIIDDSQYQASARHGRDRDYWLGKYQQLPDALLAPRERGQLTAGEPSAALDLPFDEQLLAGMNALGSELQASAFHVLLAAVHVCCTRTWQCDQWVVGVPVRNRASARFKSTLGLFTQVSALRMDFGRSQPFAALVRSIRDALKQDFRHQRFALSELNRALGALRQERPQLFELMVSYEEDGNALRFGEACGHTVMTCNGHEPTPLSLHLRTNPHSGKAHLHLVHNLAWFSKEEVAALAERLLHVLHQGLQQPGLRIADFGLLT
BGC0002522,LCFA,,10,12,COND0002522-pdmA,Condensation_Starter,MTAPQSFPLTAAQRDIWLDQLSRGDSPLYNIGGYVELSGPFSAQLMQQALELLVRKHDALRTVLLLDAGPAGLPMQTFAETMAVPMPLDDLSTRPEPWAAAQALMQQRMEQPYRFDGGPLFRFFLVRLDERHHLLGTQAHHLILDGWGFGQMLQSLGGIYSALQRGRRPELSAPSYIDFIRDDARYHDSPRYIRDRAYWQDKYRSLPEPLLMPRHRERFARDAASGGTPGNNLVQPFPAALHERMKQLAKTWQASAFHVLLAALYVYFSRTAQRTEWVVGLPILNRSNARFKNTLGLFAQVSAVRFDFSQDLPFGELVRAVRDGLKQDFRHQRFPLSEMNRDLGLLREERGQLFDLSLSYEQDDHDYRYGEALAHSVKVSNRHEPLPLAIHLRSNSYNDKAWMHYIYNEAYFEGREIEALAERLNHVLEQGLAAVHLPIAEFSLLG
BGC0002528,AR,,,,COND0002528-AvCA_21160,Condensation_Starter,MNATPSRLPATTAQFSIWVAQQAVPDSPAYLTAETIELLGAVDRAALSDTVVEVLNNCHSLHMRFVHEEGRLWQLPQPPACPPLALHDFRREPDPAAAAQAWIDRELSRTLDPSRDVLYRSALLQLGDQHHLWYLQAHHVTLDGYAYGLVCQTIAERYSARVRQSELPPLPDWSMARVVQAEQDYRAKGLFERDKQFWLQQLRDVPAPATIAEAAEFPEQVIRSETRLQRDQVAMLQEAARACGQDWGNWVLAAIGLWLGRQSGQQALTFALPAMNRLGTPALGVPCMAMNIVPLSLRIDPAGSMASHAQQIAGEMRRIRPHLYYRYGWMRMDLGLMEAQKHLFNQAVNLMPFDRKAAFAGLDSRIRPITAGPVKDLNVTLAVLDAEWRLCVEANPHAYSSDRLEQLHGDLLDWLQRLARHAPEAPLQALWQ
BGC0002528,AR,,,,COND0002528-AvCA_21190,Condensation_Starter,ETGVAGEPTLARLPLSAAQLGIWLGQRLDPLSPAYWTAEAVELRGALDEAAFERALEQAVEASEALHMRFEAEGDDIWQRPDRTAWTLRRIDLSATESSAGQAWDRAWQWIRNDLRSLPDLANGPLFGMALLRLAADHHLWLLRVHHIALDGYGYALLIRRVAELYEAERQGTAMTRLPSAAGLAEVVDEARAYQRQAQRNRDFWVARLLDAPPPVTLAPGAALARDVRRRRALLPARALADWQRAAGACGVDWAAWLLAAIGGWLARRTAAPEVCLGLPVMTRLGSRALNVPCMAMNIVPLRLPVDIDRGMQALAADVAAEMRASRPHQRYRYEWLRQDLAQARRQVGRGQGLFGPVVNLMPFERPDTFGDLQARQHPVSAGPVEDLSISVVPGAEGVRLDLEANPDAYGDELLATLHEELIAALDSLQRAPATTPLRQLLREPPLARLAGEPLPPVVDVLT
BGC0002548,LCFA,,12,14,COND0002548-banA,Condensation_Starter,DAAHGLSATCETFPLTTAQRDIWLDQLRQGDSPLYNIGGYVDLTGPLDPALMQRALEGLVARHDAMRTILLPGAGEHGLPLQRFAPALPAPMQVHDVSAQPDPQSAARQLIQARIEQPFILDGGPLFRLTLVRLDSQHHWLSILAHHLITDGWGFGEMLKSLDEIYNALADGQPSPDSAPSYVDFIHDDARYYQSARYAHDRDYWLDKYRSLPEPLLLPRYQERFVREAAPTRIFSTAFSAQLHERMKHVARESGASAFHVLLAALHVYFSRTAQRDEWVVGVPLLNRSGARFKSTLGLFTQVSAVRMGFGRDLTFRELIVAIRDELKKDFRHQRFPLSEMNRALGLLREDRSQLFEVTVSYEHDAHEYRYGQAQARVIKVSNHDEGTPLAVHLLSNRSRHEDSLYLVYNEAYFDADEVRALTERLLLVLEQGLENADLPAGDFCLSTPAESILLQQ
BGC0002564,LCFA,,14,16,COND0002564-FNZ07_17560,Condensation_Starter,MNQTVLLGDVHPLTAVQREIWFDQAVHGNAPIYKIGGYAQIDGPIDAARFERAVNLLVQAHDTLRLVLVPGRDEDGVPQQAIAKAVTVRVPLHDFSSAADPHAAARAWAAQRLATPFPLNGEPLFCFELAKLGDACFCLVLNFHHLIVDGWAIELLTGSLAEIYSALEANEVPTLDTPSYVEFIEHDLALRTSPQFERHRAYWLDKYRSVPDPLFEPRYRERFNGLTAPAGYHTLALPRAFYERIIALARNCESTPFHVMLGVLYVYFSRTAQRDDFAVGVPVLNRPTARMKLTAGMFTGVSPVRLQFDGALRFDELLRSIAQVLKQDYRHQRFPVSELNRSLGLRQSQRAQVFDLSVSYERDDHDLRFGSSGANGYRCSNGHEQLPLALNIRENRFDEQAWIHFTYNRAYFERGEIEALGARFEHLLHQVLDDPRVALASLALPT
BGC0002581,SCFA,T,,,COND0002581-QKF54435.2,Condensation_Starter,MPDPMHGQWPLTAAQLGVWFAASLGPGGSVYNVGERVDIHGPVDPDILEKAHRIVLEEAEALRLSVTEGPDGPVQVLGTSQVSVRRLDFTTQKDPKAAAEAWMASDVQIAFDLARGPLYAPALLTVGPNFHILCSRYHHVSMDAWSSALITRRTAQVYSDMMADRPDSGIPLPSFRNLLESEGRYRESEEYEADRRYWIKRLRDVPDPVSLSDRPYRSPRKILRKRAVLSARLSDQLRSASAQLGVSWSVLAVAATAAYAGGVTGENVIPVGLPVSGRLSEVERNTPGMTVNVVPLHITVRPELPLRKLAKQVWAQTTRASRHSRYRMEELHRELTWTPEERLPYALVANVMAFDGDIRFGDHPAEVSSLSQRYTDDFSIVFHEGVRDGGIAVYFDANDLMYNQAELDAHVARFLLFLERLTSIGPDQPIRSISLLT
BGC0002638,SCFA,,3,6,COND0002638-DMH02_027320,Condensation_Starter,MNGQENSTLPLSECQEGIWLAQRIESSRGLYHIGQHIEILGPVDTRVFELALRRAVEETDILRVRFVEDSAGRVSQWIGPPPEWNMPVVDLSGEKNPWQAAGTWMRGELGRVNDPTEGGLFAHALFTLAADRHVWYQRYNHLLMDGFACSLMGRRVADLYTAMLRGAPLRAPGYAPLGELLAQESAYRASEQCARDRRYWHDRFADRPDPAAVPGHRPAAAPGGVVRATGHLPPPVVAALHAAAAGAKVSWPRFLVAAVAAFTSRMTGADEAVLSIPVAGRTSAQARRTPCTMANMLPFRLPAGPSANPAELAREAEREATGLLGHQRFRGERLRQELDWPSGGRWHFGPSVNILPLGANLRFGECRGIVRDLSSRRVEEVGVVVSGWSDDRGMAVALEANAAHYDEDWARAGHRSLLSFMERVVADPSVPVGRIGVLD
BGC0002653,MCFA,,9,10,COND0002653-BS614_29910,Condensation_Starter,MRENTNKQYGLTQAQRRIWFMEIMNPGTSITMLSATYQITGEIDTKLLEQAAAEIVKTYDAFRIRISGDMQNPTQWFEELENVQARISHLEIGTTEQFYAWVKEVTEKPASVFDEHLYQFTMIHFANGQVWLNLTLNHIIADGLSVTALLHAVMEKYLELRNGIFSSYQAPSYLDYISTEYEYEQSQRYQKGKEYWLTKYKTLPETSGIKSVPPFSIGSESNKRSITLDGSRYDRILAFSEQYQVSLYTLFLSAMYVLLYKLTDSTDVPVGTVFANRTSKKEKETIGMFVSTVATRISLNPVESVLSLIQTVSKENTADLRHQKYPYNQLIQDLREQHGRNDLSELFRTSLEYLPLKIVEYEEIKVRLEAHFARHEMDDLLLRFDHMLNEGHVILHASYRTGLFETTEIDRIMEQYVTVLDQFLETPELRVREISLLS
BGC0002654,LCFA,,14,16,COND0002654-UHJ79953.1,Condensation_Starter,MQPVTSRRFPLTLAQQDIYFDQLKRGDSPLYNVGGYVQFGVIDVSRLQAAHTAVVASNAAFGLRVERTTHNVQQHVVAARTLSLPLLDVSADPDPDRAADMVLAEAFARPFDLEGEELFRAFLIKTGLQRYRYAGLTHHVIMDGWGFSNWAAQLSRRYAGEAAAVTSEEDLEQLARSDAEYVDSIEHERDRAYWLAQEVHQVDRLLVPHYRASFKDPGDLRSRRISVSLAKSEVAALAALAQSRLTSTPSVLLGAAAISFAATYAKRELLVGLAVHNRRNRRQKEMLGAFAGIRPMRIATPEDETFTGVVATVTRRQKELLRHARFPWSHLAGELPRDAATTRPFDIRFNYLIVDREPYFGQHESLLHYLSHHREPTPMTVTAWAQPRQQGLTLQLEYNLAYFTDEEAELALLRLRHVLAQVIANPTLSLSRIDVLP
BGC0002660,SCFA,,4,5,COND0002660-SAMN04488128_1011792,Condensation_Starter,MPLHVTPLHPAQRDILMDLLINAENSTYNVGGVTRLTGPLHKETFIAAAETLPVVFDVFRMRFDLGEQAPQAYLDDTFNRQEVICMDFTGASPAAVEKWIRERLEIPFVLQKENALCEQYLLSISPEEHYYFSKYHHLINDGYGLAATYQYVARKYQSLLQGTTLEWSPVSYVAAAGEALAYQQSPAYQEDAAYWREKIDKKPAQLLERRYANTNTHPRQCRTFVLEFTAAEKAALVDLQQTTQANLLRLTLAALTIYFARTTEHAAFAFGTPVHRRRDTSLQQIAGMFSGITPFQAIYQQNDTVAALLENMAITRKNDNRHQQYQVADLSRSLKLNGTTEQLVDILVNHANLNFNFDFGENIQAVTTELTSEITRYPLELLWRDYGEGQPLELKTDYYPSYFTETDIRLFVKRLLHIIQQFKTGWQQTLEEISILP
BGC0002661,SCFA,,4,5,COND0002661-tsk10,Condensation_Starter,MSETPSAAPRHPLTGPQLGAYYGHELDRLKSTYNQASYLEITGPLRAGLLETALRRAVAETDALRMRFAADATGPVQYPYEPEPFPFPVLDLTDRDDPRAEAEAWMRAELARPVDLATGPTHAQALFRIGPDRHLWYQRYHHLVLDGYGVWLLTRRTAELYDALLSGADSAGTPLRPLTDLLDEYTAYLGSDTCARDRAHWHRRLAERPAPVRLGGRSAPAGPEYILHRTGADASVTRGLHALAERLGQRWTRPAVAAVAAHVHTETGRRDLLLTLPVTGRTAPAAREVPGMLATMQPLLLDHDPDASLADFTAQVAERVDEALAHQRYPYERLRRELRTPADAPKLYGPIVNVLAFSAEPTFGGLSAVRQWIAIGPVDDLEFMIQESATGELQLNLWANAAVYSPGTVARHGEHVVALLTRLADAAPDTPLAHLTQPR
BGC0002666,SCFA,,5,6,COND0002666-lgnD,Condensation_Starter,MHARPLYPLSAHQRDIWFSDALMPESPQYSIVLREKFSGDLDLEALKAAVEYVLAHNDAFRIRIDSADGEPHQWLEPGEPELAVLDFRAESDPEAACLAWADERRTVRLPVPGERLYDAVLLRASDTKVYFQLTAHHLISDGWSLSETRKQVRDRYTETVRGEAAAGPAVPSFVDCIDADTRYRASESFAQDRQFLASALSGAEPRLFARKKPTAPLGHRTSFVIEGKVIDRILANGNSPFSVIAAAFGTCLARAHQADEVTLGVAMLNRHSAEERQALGVFANVLPLRVAADGSRSMSEVAEQVRMSVRGLQEHQRLPLADVLRDWRSSGRSGALFDVTISYLHFPEPPSVPGLSVDTHMALELLDGNALAIVVHAGEGADEVRVDLVYAADVFDDDFPMAEVVQAVQALIRQGVDLPDAPVGTLPALA
BGC0002676,AR,,12,13,COND0002676-KZO11_19525,Condensation_Starter,MPESGEVRLPLTPAQSGIWYAQRIDSSHTVYNIAEYLDIHGPVDPYLFESALRRVVGETDALRVRFVENGEHPEQLVLPAVDFTVPVHDLTGEPDPLGSARALMDEDNTLPIDLFGERLFAFALFRVAEDRWLWYHRVHHILLDGAGVAMLAPRVSEVYSALTAGSPVPDSPFRPLRELVAAEQDYAGSEAYAADRAYWTERLAGAQDAVSLSGGRQHLPRKVIRRSEVLDAAEAEAIRDIAREAGVGWPTVVVAALALYVQRLTGTDEVVIGLPAAARPGRTLRAVPGSVSNLLPLRLRVRPEQSVGDLFAAVSAEMREAVRHQRYRHEDIRRDLRLGREQHLVGPHVNLVLFDYGLRFAGHSATAHNLPTGPITDFALVLDTRSTGGGLRFDFDANAALYDESSIAAHQGRFLDLLSRLSACDPQTPVGRLDTTT
BGC0002680,AR,,,,COND0002680-CV_2233,Condensation_Starter,SIETNPSAVERELPLSGSQLGIWLADQIAEQKNTYTVAHCVALDGAIDAERLRQSIRLGLAEADTVVGHYLETPDGPVLRLPRGLRAEDLPLAGIQDLSAESDPEARARQWMRDDLAAGLAADGERPLYLHRLFKLAGGAGERWFWYQRYHHVCVDGYSFAALTRRIADIYQALGRGEAPPPSPFVSFAAVAAEREAYLASPRCEEDRAFWRGYAAALPPPSTLSARDALAGDGAANVDVLRRRFELIGGDARALGGLAAGLGAPQLAMAAAFAYLAKMTGKARVAMGMPFMRRMGSAALRATGPVVNVLPVALDVSDGDDLATLARRLADELKQARRRERYDAEQIQRDSGMVGSRRALYGATLNLKIYDQSLRLGEVEGVTLPLAVGPVEDIEFGIWQQGEALVVELSANPARYDAAELEWHAWRLRGFIAALAGGAKVGDAPLHSAAEKAALD
BGC0002685,AR,,7,10,COND0002685-ROTMU0001_0989,Condensation_Starter,GTASDLRTAANPSAQHSADSPWLPLTTNARGIYFAAAIDPTNPCYNTAEVLQCPADTDLALLREAFEQLYRENEGFRVRTRIADGAASQQILTEEAFLAGIDLLVDDGELDGGELEEGELSGTAEAGEENASDLPESALPDSDLPAPVRSWAQRLLAQPLATDEGVTVRSAVARYGGFLWVYHSFSHVVADGFAAFNGLSRVAAIYRALSAGQPVPATRRMSLQQLLDADDAASDARDEDVAFWEASGALEQEDTSLAGRTASPSAQSVRLAFSIDVPTQQALLDAAKQHAVSWPVLATAAVGSYLARVGGYPQASFGVPQMNRMFARTLPEATRALGTASAQTGCTAVNVLPVQVAATGPIAESLHSVKEQYARNAEHPLARQEDLERTARNAQSRLFGAQINMVPFDAVLPLAAPSKDESGAAVPTARIHNISAGPVADATFTLRGMPGRGNSISCEIDMNPALYTAEELERHAARLREWLPAYAAEAQREGASLNNLG
BGC0002695,AR,,7,10,COND0002695-HOO54_19915,Condensation_Starter,MTKCPNNGKRLTGAQAGIWFAQQLDPENPIYNTGEYVEIHGSIDPQLFETALRHVIAEADSLHARFGEDGDGPWQVIDLSKDFPLHVIDVSSELEPQKAAEAWMKSDLATPIDLTQGPLFTEALFKVAPDVYLWYQRIHHIATDGFSFTLIAEQLSKVYTALVHQLPVEEGTFGSLDSILEVDTAYRDSNQYKQDRQFWLDRFRDQPEVVSLADRASRTSNRFIRQSLSLNSTEHLMSLAAKLGAGWHELVIATAAVYVHRLTGARDVVLGLPMMCRLGSASLNVPGMVMNVLPLRLAVTSEMEIHQLVHQVSREILQMRRHQHYRHEELRRDLKLIGENHRLFGPQINIMPFDHSLNFAGHIGKVHNLAAGPVDDLSMNIYGKPGGSSFTINLDANPDVYSEQDLEKHLHRFHRILKTISELPIGKIEMLL
BGC0002696,AR,,7,10,COND0002696-AWH04_05480,Condensation_Starter,PGLNSGAASEATFALTGAQLGIWNAQRLDPESRSYLVGEVLEISGDEPIDTELLTAAITATIGEAETMRLRMIETADGPRQYISDEPVGIIPITDVRDERDPVAVAHALVDAERSRASEYCRLMVERPLYTYSLIRLSDREIWCIQLYHHLIVDGYSAAMISRRVAAHYTAAKKGTEVAPTRFGSMTDLVSEDEAYRAGEQFAEDRDYWRDVLTPLPALDGRGQQVTGPAERTIQVREVITADALSCLKEVADATGTTWAEALIACYGAFLHRLLGETDVVIAMPLMARVGRTALKTPAMAVNVLPLRLTIRSHDRLGDLSKQVAATMKSLRAHQRYRGENLARDLGVAGTGALLHGIGINLKAFDFALDFAGAVGVLRNVAGGPPEDLGLTVTPIADGEVLLGFEVDARTNTRESVQRRLAGFVSIVNAMVGEGDPAVGQVEMMP
BGC0002697,LCFA,,10,11,COND0002697-SCATT_32630,Condensation_Starter,MAHALFPELPQFNLFLARRFTGPVDAARLAQCLREAAGRNDAFGLRFTERDGVPLQRAVADRPAVEVVDLSGAADPRARCEGWIAEAYDRPFPLADGPAYRLAVLVESDTAVHACVVAHHIVADAWALNLFFEQVAAGYAGEPGPEPADYLAVLDDERGYRESERYERDREHFRTVLREITPPLFTRRADSGRRRSARHSFTLPKDAVERIRARGRSPFAFIAAAFAVYLSRVHRTDDVVLGVPLFNRRGQAQRRTVGHFANTLPLPVRAAGELTYAELVAAIQDGSRTLQRHERLPLGEVLRDLPPGRPRELFDVTLSYVQLPTPRELPGIRQEASGATRAHDQDVLAVAVTETDATGDVVVDLDHALDVFDADLPVADLARHIRNLVLAGLDAPDTPVARIPMLD
BGC0002735,LCFA,T,11,14,COND0002735-ABB07_39195,Condensation_Starter,MWDVDGELDAAVIRSAFLHVMAEAEVLRVNFADDGGGLRLIPRELGDWQPFSLDLSAEADPEQAAREALADLVRRPFDLERDLLFRLGVVKLAPARSLLVIAYHHLISDGFGAGGLLSKRLAEVYTALVRGERVPELPHSWDAESFATEATEYLASPKFTEDSEFWRQYLTDAPPPAQVPRVALSDAQRSALSEPLSSADRWSEVAETIGMVSRTLTVPRAEADVWTDTAQSMGLWMSQMLTAATAVYLRHRCDRPEFLLSLAVGNRVGVASRTPGLAVNVVPVRVRIGLGATFTEVADALVEETYELFDHTACHYSDIQRAAGTVLSGRGSYGAVVNVVEFVEQLRFGDSPARYSGATTGTFEELSIGVYTDGSPDSDLFIRLDAPASLYHRAELRFIGEELIAHIRAVVAAGAQPVGALDVVS